codigo_ibge,municipio,uf,estado,populacao,capital,site_oficial,criterio_inclusao,fonte,data_congelamento,status_localizacao_site,observacoes_localizacao_site,data_validacao_site
1200401,Rio Branco,AC,Acre,389001,True,https://www.riobranco.ac.gov.br/,Capital dos demais estados/DF,SIDRA 6579/v/9324/p/2025,2026-05-20,Necessita validação manual,Site inferido automaticamente; validar antes da entrega.,2026-05-27
2704302,Maceió,AL,Alagoas,994952,True,https://www.maceio.al.gov.br/,Capital dos demais estados/DF,SIDRA 6579/v/9324/p/2025,2026-05-20,Necessita validação manual,Site inferido automaticamente; validar antes da entrega.,2026-05-27
1302603,Manaus,AM,Amazonas,2303732,True,https://www.manaus.am.gov.br/,Capital dos demais estados/DF,SIDRA 6579/v/9324/p/2025,2026-05-20,Necessita validação manual,Site inferido automaticamente; validar antes da entrega.,2026-05-27
1600303,Macapá,AP,Amapá,489676,True,https://www.macapa.ap.gov.br/,Capital dos demais estados/DF,SIDRA 6579/v/9324/p/2025,2026-05-20,Necessita validação manual,Site inferido automaticamente; validar antes da entrega.,2026-05-27
2900207,Abaré,BA,Bahia,18269,False,https://www.abare.ba.gov.br/,BA acima de 15.000 habitantes,SIDRA 6579/v/9324/p/2025,2026-05-20,Necessita validação manual,Site inferido automaticamente; validar antes da entrega.,2026-05-27
2900702,Alagoinhas,BA,Bahia,161196,False,https://www.alagoinhas.ba.gov.br/,BA acima de 15.000 habitantes,SIDRA 6579/v/9324/p/2025,2026-05-20,Necessita validação manual,Site inferido automaticamente; validar antes da entrega.,2026-05-27
2900801,Alcobaça,BA,Bahia,25601,False,https://www.alcobaca.ba.gov.br/,BA acima de 15.000 habitantes,SIDRA 6579/v/9324/p/2025,2026-05-20,Necessita validação manual,Site inferido automaticamente; validar antes da entrega.,2026-05-27
2901007,Amargosa,BA,Bahia,38585,False,https://www.amargosa.ba.gov.br/,BA acima de 15.000 habitantes,SIDRA 6579/v/9324/p/2025,2026-05-20,Necessita validação manual,Site inferido automaticamente; validar antes da entrega.,2026-05-27
2901106,Amélia Rodrigues,BA,Bahia,24830,False,https://www.ameliarodrigues.ba.gov.br/,BA acima de 15.000 habitantes,SIDRA 6579/v/9324/p/2025,2026-05-20,Necessita validação manual,Site inferido automaticamente; validar antes da entrega.,2026-05-27
2901155,América Dourada,BA,Bahia,15572,False,https://www.americadourada.ba.gov.br/,BA acima de 15.000 habitantes,SIDRA 6579/v/9324/p/2025,2026-05-20,Necessita validação manual,Site inferido automaticamente; validar antes da entrega.,2026-05-27
2901205,Anagé,BA,Bahia,26745,False,https://www.anage.ba.gov.br/,BA acima de 15.000 habitantes,SIDRA 6579/v/9324/p/2025,2026-05-20,Necessita validação manual,Site inferido automaticamente; validar antes da entrega.,2026-05-27
2901353,Andorinha,BA,Bahia,15491,False,https://www.andorinha.ba.gov.br/,BA acima de 15.000 habitantes,SIDRA 6579/v/9324/p/2025,2026-05-20,Necessita validação manual,Site inferido automaticamente; validar antes da entrega.,2026-05-27
2901908,Aporá,BA,Bahia,16361,False,https://www.apora.ba.gov.br/,BA acima de 15.000 habitantes,SIDRA 6579/v/9324/p/2025,2026-05-20,Necessita validação manual,Site inferido automaticamente; validar antes da entrega.,2026-05-27
2902104,Araci,BA,Bahia,50308,False,https://www.araci.ba.gov.br/,BA acima de 15.000 habitantes,SIDRA 6579/v/9324/p/2025,2026-05-20,Necessita validação manual,Site inferido automaticamente; validar antes da entrega.,2026-05-27
2902609,Baixa Grande,BA,Bahia,18628,False,https://www.baixagrande.ba.gov.br/,BA acima de 15.000 habitantes,SIDRA 6579/v/9324/p/2025,2026-05-20,Necessita validação manual,Site inferido automaticamente; validar antes da entrega.,2026-05-27
2902708,Barra,BA,Bahia,53642,False,https://www.barra.ba.gov.br/,BA acima de 15.000 habitantes,SIDRA 6579/v/9324/p/2025,2026-05-20,Necessita validação manual,Site inferido automaticamente; validar antes da entrega.,2026-05-27
2902807,Barra da Estiva,BA,Bahia,27743,False,https://www.barradaestiva.ba.gov.br/,BA acima de 15.000 habitantes,SIDRA 6579/v/9324/p/2025,2026-05-20,Necessita validação manual,Site inferido automaticamente; validar antes da entrega.,2026-05-27
2902906,Barra do Choça,BA,Bahia,38581,False,https://www.barradochoca.ba.gov.br/,BA acima de 15.000 habitantes,SIDRA 6579/v/9324/p/2025,2026-05-20,Necessita validação manual,Site inferido automaticamente; validar antes da entrega.,2026-05-27
2903201,Barreiras,BA,Bahia,171634,False,https://www.barreiras.ba.gov.br/,BA acima de 15.000 habitantes,SIDRA 6579/v/9324/p/2025,2026-05-20,Necessita validação manual,Site inferido automaticamente; validar antes da entrega.,2026-05-27
2903276,Barrocas,BA,Bahia,15780,False,https://www.barrocas.ba.gov.br/,BA acima de 15.000 habitantes,SIDRA 6579/v/9324/p/2025,2026-05-20,Necessita validação manual,Site inferido automaticamente; validar antes da entrega.,2026-05-27
2903409,Belmonte,BA,Bahia,20527,False,https://www.belmonte.ba.gov.br/,BA acima de 15.000 habitantes,SIDRA 6579/v/9324/p/2025,2026-05-20,Necessita validação manual,Site inferido automaticamente; validar antes da entrega.,2026-05-27
2903508,Belo Campo,BA,Bahia,19074,False,https://www.belocampo.ba.gov.br/,BA acima de 15.000 habitantes,SIDRA 6579/v/9324/p/2025,2026-05-20,Necessita validação manual,Site inferido automaticamente; validar antes da entrega.,2026-05-27
2903607,Biritinga,BA,Bahia,15603,False,https://www.biritinga.ba.gov.br/,BA acima de 15.000 habitantes,SIDRA 6579/v/9324/p/2025,2026-05-20,Necessita validação manual,Site inferido automaticamente; validar antes da entrega.,2026-05-27
2903805,Boa Vista do Tupim,BA,Bahia,17262,False,https://www.boavistadotupim.ba.gov.br/,BA acima de 15.000 habitantes,SIDRA 6579/v/9324/p/2025,2026-05-20,Necessita validação manual,Site inferido automaticamente; validar antes da entrega.,2026-05-27
2903904,Bom Jesus da Lapa,BA,Bahia,68866,False,https://www.bomjesusdalapa.ba.gov.br/,BA acima de 15.000 habitantes,SIDRA 6579/v/9324/p/2025,2026-05-20,Necessita validação manual,Site inferido automaticamente; validar antes da entrega.,2026-05-27
2904050,Bonito,BA,Bahia,16425,False,https://www.bonito.ba.gov.br/,BA acima de 15.000 habitantes,SIDRA 6579/v/9324/p/2025,2026-05-20,Necessita validação manual,Site inferido automaticamente; validar antes da entrega.,2026-05-27
2904100,Boquira,BA,Bahia,19782,False,https://www.boquira.ba.gov.br/,BA acima de 15.000 habitantes,SIDRA 6579/v/9324/p/2025,2026-05-20,Necessita validação manual,Site inferido automaticamente; validar antes da entrega.,2026-05-27
2904605,Brumado,BA,Bahia,74368,False,https://www.brumado.ba.gov.br/,BA acima de 15.000 habitantes,SIDRA 6579/v/9324/p/2025,2026-05-20,Necessita validação manual,Site inferido automaticamente; validar antes da entrega.,2026-05-27
2904753,Buritirama,BA,Bahia,20221,False,https://www.buritirama.ba.gov.br/,BA acima de 15.000 habitantes,SIDRA 6579/v/9324/p/2025,2026-05-20,Necessita validação manual,Site inferido automaticamente; validar antes da entrega.,2026-05-27
2904852,Cabaceiras do Paraguaçu,BA,Bahia,17024,False,https://www.cabaceirasdoparaguacu.ba.gov.br/,BA acima de 15.000 habitantes,SIDRA 6579/v/9324/p/2025,2026-05-20,Necessita validação manual,Site inferido automaticamente; validar antes da entrega.,2026-05-27
2904902,Cachoeira,BA,Bahia,30498,False,https://www.cachoeira.ba.gov.br/,BA acima de 15.000 habitantes,SIDRA 6579/v/9324/p/2025,2026-05-20,Necessita validação manual,Site inferido automaticamente; validar antes da entrega.,2026-05-27
2905008,Caculé,BA,Bahia,23293,False,https://www.cacule.ba.gov.br/,BA acima de 15.000 habitantes,SIDRA 6579/v/9324/p/2025,2026-05-20,Necessita validação manual,Site inferido automaticamente; validar antes da entrega.,2026-05-27
2905206,Caetité,BA,Bahia,54730,False,https://www.caetite.ba.gov.br/,BA acima de 15.000 habitantes,SIDRA 6579/v/9324/p/2025,2026-05-20,Necessita validação manual,Site inferido automaticamente; validar antes da entrega.,2026-05-27
2905305,Cafarnaum,BA,Bahia,18057,False,https://www.cafarnaum.ba.gov.br/,BA acima de 15.000 habitantes,SIDRA 6579/v/9324/p/2025,2026-05-20,Necessita validação manual,Site inferido automaticamente; validar antes da entrega.,2026-05-27
2905404,Cairu,BA,Bahia,18578,False,https://www.cairu.ba.gov.br/,BA acima de 15.000 habitantes,SIDRA 6579/v/9324/p/2025,2026-05-20,Necessita validação manual,Site inferido automaticamente; validar antes da entrega.,2026-05-27
2905602,Camacan,BA,Bahia,22485,False,https://www.camacan.ba.gov.br/,BA acima de 15.000 habitantes,SIDRA 6579/v/9324/p/2025,2026-05-20,Necessita validação manual,Site inferido automaticamente; validar antes da entrega.,2026-05-27
2905800,Camamu,BA,Bahia,31694,False,https://www.camamu.ba.gov.br/,BA acima de 15.000 habitantes,SIDRA 6579/v/9324/p/2025,2026-05-20,Necessita validação manual,Site inferido automaticamente; validar antes da entrega.,2026-05-27
2905701,Camaçari,BA,Bahia,321636,False,https://www.camacari.ba.gov.br/,BA acima de 15.000 habitantes,SIDRA 6579/v/9324/p/2025,2026-05-20,Necessita validação manual,Site inferido automaticamente; validar antes da entrega.,2026-05-27
2905909,Campo Alegre de Lourdes,BA,Bahia,32500,False,https://www.campoalegredelourdes.ba.gov.br/,BA acima de 15.000 habitantes,SIDRA 6579/v/9324/p/2025,2026-05-20,Necessita validação manual,Site inferido automaticamente; validar antes da entrega.,2026-05-27
2906006,Campo Formoso,BA,Bahia,75112,False,https://www.campoformoso.ba.gov.br/,BA acima de 15.000 habitantes,SIDRA 6579/v/9324/p/2025,2026-05-20,Necessita validação manual,Site inferido automaticamente; validar antes da entrega.,2026-05-27
2906204,Canarana,BA,Bahia,25007,False,https://www.canarana.ba.gov.br/,BA acima de 15.000 habitantes,SIDRA 6579/v/9324/p/2025,2026-05-20,Necessita validação manual,Site inferido automaticamente; validar antes da entrega.,2026-05-27
2906303,Canavieiras,BA,Bahia,34392,False,https://www.canavieiras.ba.gov.br/,BA acima de 15.000 habitantes,SIDRA 6579/v/9324/p/2025,2026-05-20,Necessita validação manual,Site inferido automaticamente; validar antes da entrega.,2026-05-27
2906501,Candeias,BA,Bahia,74854,False,https://www.candeias.ba.gov.br/,BA acima de 15.000 habitantes,SIDRA 6579/v/9324/p/2025,2026-05-20,Necessita validação manual,Site inferido automaticamente; validar antes da entrega.,2026-05-27
2906808,Cansanção,BA,Bahia,39725,False,https://www.cansancao.ba.gov.br/,BA acima de 15.000 habitantes,SIDRA 6579/v/9324/p/2025,2026-05-20,Necessita validação manual,Site inferido automaticamente; validar antes da entrega.,2026-05-27
2906824,Canudos,BA,Bahia,16693,False,https://www.canudos.ba.gov.br/,BA acima de 15.000 habitantes,SIDRA 6579/v/9324/p/2025,2026-05-20,Necessita validação manual,Site inferido automaticamente; validar antes da entrega.,2026-05-27
2906873,Capim Grosso,BA,Bahia,35437,False,https://www.capimgrosso.ba.gov.br/,BA acima de 15.000 habitantes,SIDRA 6579/v/9324/p/2025,2026-05-20,Necessita validação manual,Site inferido automaticamente; validar antes da entrega.,2026-05-27
2906907,Caravelas,BA,Bahia,21384,False,https://www.caravelas.ba.gov.br/,BA acima de 15.000 habitantes,SIDRA 6579/v/9324/p/2025,2026-05-20,Necessita validação manual,Site inferido automaticamente; validar antes da entrega.,2026-05-27
2907103,Carinhanha,BA,Bahia,30439,False,https://www.carinhanha.ba.gov.br/,BA acima de 15.000 habitantes,SIDRA 6579/v/9324/p/2025,2026-05-20,Necessita validação manual,Site inferido automaticamente; validar antes da entrega.,2026-05-27
2907202,Casa Nova,BA,Bahia,76131,False,https://www.casanova.ba.gov.br/,BA acima de 15.000 habitantes,SIDRA 6579/v/9324/p/2025,2026-05-20,Necessita validação manual,Site inferido automaticamente; validar antes da entrega.,2026-05-27
2907301,Castro Alves,BA,Bahia,25470,False,https://www.castroalves.ba.gov.br/,BA acima de 15.000 habitantes,SIDRA 6579/v/9324/p/2025,2026-05-20,Necessita validação manual,Site inferido automaticamente; validar antes da entrega.,2026-05-27
2907509,Catu,BA,Bahia,50109,False,https://www.catu.ba.gov.br/,BA acima de 15.000 habitantes,SIDRA 6579/v/9324/p/2025,2026-05-20,Necessita validação manual,Site inferido automaticamente; validar antes da entrega.,2026-05-27
2907608,Central,BA,Bahia,16847,False,https://www.central.ba.gov.br/,BA acima de 15.000 habitantes,SIDRA 6579/v/9324/p/2025,2026-05-20,Necessita validação manual,Site inferido automaticamente; validar antes da entrega.,2026-05-27
2907905,Cipó,BA,Bahia,17875,False,https://www.cipo.ba.gov.br/,BA acima de 15.000 habitantes,SIDRA 6579/v/9324/p/2025,2026-05-20,Necessita validação manual,Site inferido automaticamente; validar antes da entrega.,2026-05-27
2908002,Coaraci,BA,Bahia,17557,False,https://coaraci.ba.gov.br/,BA acima de 15.000 habitantes,SIDRA 6579/v/9324/p/2025,2026-05-20,Necessita validação manual,Site inferido automaticamente; validar antes da entrega.,2026-05-27
2908101,Cocos,BA,Bahia,19865,False,https://www.cocos.ba.gov.br/,BA acima de 15.000 habitantes,SIDRA 6579/v/9324/p/2025,2026-05-20,Necessita validação manual,Site inferido automaticamente; validar antes da entrega.,2026-05-27
2908200,Conceição da Feira,BA,Bahia,21529,False,https://www.conceicaodafeira.ba.gov.br/,BA acima de 15.000 habitantes,SIDRA 6579/v/9324/p/2025,2026-05-20,Necessita validação manual,Site inferido automaticamente; validar antes da entrega.,2026-05-27
2908309,Conceição do Almeida,BA,Bahia,16134,False,https://www.conceicaodoalmeida.ba.gov.br/,BA acima de 15.000 habitantes,SIDRA 6579/v/9324/p/2025,2026-05-20,Necessita validação manual,Site inferido automaticamente; validar antes da entrega.,2026-05-27
2908408,Conceição do Coité,BA,Bahia,71601,False,https://www.conceicaodocoite.ba.gov.br/,BA acima de 15.000 habitantes,SIDRA 6579/v/9324/p/2025,2026-05-20,Necessita validação manual,Site inferido automaticamente; validar antes da entrega.,2026-05-27
2908507,Conceição do Jacuípe,BA,Bahia,37622,False,https://www.conceicaodojacuipe.ba.gov.br/,BA acima de 15.000 habitantes,SIDRA 6579/v/9324/p/2025,2026-05-20,Necessita validação manual,Site inferido automaticamente; validar antes da entrega.,2026-05-27
2908606,Conde,BA,Bahia,24460,False,https://www.conde.ba.gov.br/,BA acima de 15.000 habitantes,SIDRA 6579/v/9324/p/2025,2026-05-20,Necessita validação manual,Site inferido automaticamente; validar antes da entrega.,2026-05-27
2908705,Condeúba,BA,Bahia,17567,False,https://www.condeuba.ba.gov.br/,BA acima de 15.000 habitantes,SIDRA 6579/v/9324/p/2025,2026-05-20,Necessita validação manual,Site inferido automaticamente; validar antes da entrega.,2026-05-27
2908903,Coração de Maria,BA,Bahia,28408,False,https://www.coracaodemaria.ba.gov.br/,BA acima de 15.000 habitantes,SIDRA 6579/v/9324/p/2025,2026-05-20,Necessita validação manual,Site inferido automaticamente; validar antes da entrega.,2026-05-27
2909208,Coronel João Sá,BA,Bahia,17598,False,https://www.coroneljoaosa.ba.gov.br/,BA acima de 15.000 habitantes,SIDRA 6579/v/9324/p/2025,2026-05-20,Necessita validação manual,Site inferido automaticamente; validar antes da entrega.,2026-05-27
2909307,Correntina,BA,Bahia,34266,False,https://www.correntina.ba.gov.br/,BA acima de 15.000 habitantes,SIDRA 6579/v/9324/p/2025,2026-05-20,Necessita validação manual,Site inferido automaticamente; validar antes da entrega.,2026-05-27
2909604,Crisópolis,BA,Bahia,20346,False,https://www.crisopolis.ba.gov.br/,BA acima de 15.000 habitantes,SIDRA 6579/v/9324/p/2025,2026-05-20,Necessita validação manual,Site inferido automaticamente; validar antes da entrega.,2026-05-27
2909802,Cruz das Almas,BA,Bahia,63326,False,https://www.cruzdasalmas.ba.gov.br/,BA acima de 15.000 habitantes,SIDRA 6579/v/9324/p/2025,2026-05-20,Necessita validação manual,Site inferido automaticamente; validar antes da entrega.,2026-05-27
2909901,Curaçá,BA,Bahia,36127,False,https://www.curaca.ba.gov.br/,BA acima de 15.000 habitantes,SIDRA 6579/v/9324/p/2025,2026-05-20,Necessita validação manual,Site inferido automaticamente; validar antes da entrega.,2026-05-27
2906709,Cândido Sales,BA,Bahia,26469,False,https://www.candidosales.ba.gov.br/,BA acima de 15.000 habitantes,SIDRA 6579/v/9324/p/2025,2026-05-20,Necessita validação manual,Site inferido automaticamente; validar antes da entrega.,2026-05-27
2907806,Cícero Dantas,BA,Bahia,32292,False,https://www.cicerodantas.ba.gov.br/,BA acima de 15.000 habitantes,SIDRA 6579/v/9324/p/2025,2026-05-20,Necessita validação manual,Site inferido automaticamente; validar antes da entrega.,2026-05-27
2910057,Dias d'Ávila,BA,Bahia,75296,False,https://www.diasdavila.ba.gov.br/,BA acima de 15.000 habitantes,SIDRA 6579/v/9324/p/2025,2026-05-20,Necessita validação manual,Site inferido automaticamente; validar antes da entrega.,2026-05-27
2910404,Encruzilhada,BA,Bahia,19450,False,https://www.encruzilhada.ba.gov.br/,BA acima de 15.000 habitantes,SIDRA 6579/v/9324/p/2025,2026-05-20,Necessita validação manual,Site inferido automaticamente; validar antes da entrega.,2026-05-27
2910503,Entre Rios,BA,Bahia,39890,False,https://www.entrerios.ba.gov.br/,BA acima de 15.000 habitantes,SIDRA 6579/v/9324/p/2025,2026-05-20,Necessita validação manual,Site inferido automaticamente; validar antes da entrega.,2026-05-27
2910602,Esplanada,BA,Bahia,34163,False,https://www.esplanada.ba.gov.br/,BA acima de 15.000 habitantes,SIDRA 6579/v/9324/p/2025,2026-05-20,Necessita validação manual,Site inferido automaticamente; validar antes da entrega.,2026-05-27
2910701,Euclides da Cunha,BA,Bahia,64768,False,https://www.euclidesdacunha.ba.gov.br/,BA acima de 15.000 habitantes,SIDRA 6579/v/9324/p/2025,2026-05-20,Necessita validação manual,Site inferido automaticamente; validar antes da entrega.,2026-05-27
2910727,Eunápolis,BA,Bahia,121067,False,https://www.eunapolis.ba.gov.br/,BA acima de 15.000 habitantes,SIDRA 6579/v/9324/p/2025,2026-05-20,Necessita validação manual,Site inferido automaticamente; validar antes da entrega.,2026-05-27
2910800,Feira de Santana,BA,Bahia,660806,False,https://www.feiradesantana.ba.gov.br/,BA acima de 15.000 habitantes,SIDRA 6579/v/9324/p/2025,2026-05-20,Necessita validação manual,Site inferido automaticamente; validar antes da entrega.,2026-05-27
2910859,Filadélfia,BA,Bahia,18637,False,https://www.filadelfia.ba.gov.br/,BA acima de 15.000 habitantes,SIDRA 6579/v/9324/p/2025,2026-05-20,Necessita validação manual,Site inferido automaticamente; validar antes da entrega.,2026-05-27
2911105,Formosa do Rio Preto,BA,Bahia,27567,False,https://www.formosadoriopreto.ba.gov.br/,BA acima de 15.000 habitantes,SIDRA 6579/v/9324/p/2025,2026-05-20,Necessita validação manual,Site inferido automaticamente; validar antes da entrega.,2026-05-27
2910750,Fátima,BA,Bahia,18480,False,https://www.fatima.ba.gov.br/,BA acima de 15.000 habitantes,SIDRA 6579/v/9324/p/2025,2026-05-20,Necessita validação manual,Site inferido automaticamente; validar antes da entrega.,2026-05-27
2911204,Gandu,BA,Bahia,34051,False,https://www.gandu.ba.gov.br/,BA acima de 15.000 habitantes,SIDRA 6579/v/9324/p/2025,2026-05-20,Necessita validação manual,Site inferido automaticamente; validar antes da entrega.,2026-05-27
2911402,Glória,BA,Bahia,16107,False,https://www.gloria.ba.gov.br/,BA acima de 15.000 habitantes,SIDRA 6579/v/9324/p/2025,2026-05-20,Necessita validação manual,Site inferido automaticamente; validar antes da entrega.,2026-05-27
2911600,Governador Mangabeira,BA,Bahia,21353,False,https://www.governadormangabeira.ba.gov.br/,BA acima de 15.000 habitantes,SIDRA 6579/v/9324/p/2025,2026-05-20,Necessita validação manual,Site inferido automaticamente; validar antes da entrega.,2026-05-27
2911709,Guanambi,BA,Bahia,93488,False,https://www.guanambi.ba.gov.br/,BA acima de 15.000 habitantes,SIDRA 6579/v/9324/p/2025,2026-05-20,Necessita validação manual,Site inferido automaticamente; validar antes da entrega.,2026-05-27
2911808,Guaratinga,BA,Bahia,19413,False,https://www.guaratinga.ba.gov.br/,BA acima de 15.000 habitantes,SIDRA 6579/v/9324/p/2025,2026-05-20,Necessita validação manual,Site inferido automaticamente; validar antes da entrega.,2026-05-27
2911907,Iaçu,BA,Bahia,25315,False,https://www.iacu.ba.gov.br/,BA acima de 15.000 habitantes,SIDRA 6579/v/9324/p/2025,2026-05-20,Necessita validação manual,Site inferido automaticamente; validar antes da entrega.,2026-05-27
2912103,Ibicaraí,BA,Bahia,22131,False,https://www.ibicarai.ba.gov.br/,BA acima de 15.000 habitantes,SIDRA 6579/v/9324/p/2025,2026-05-20,Necessita validação manual,Site inferido automaticamente; validar antes da entrega.,2026-05-27
2912202,Ibicoara,BA,Bahia,21827,False,https://www.ibicoara.ba.gov.br/,BA acima de 15.000 habitantes,SIDRA 6579/v/9324/p/2025,2026-05-20,Necessita validação manual,Site inferido automaticamente; validar antes da entrega.,2026-05-27
2912400,Ibipeba,BA,Bahia,17134,False,https://www.ibipeba.ba.gov.br/,BA acima de 15.000 habitantes,SIDRA 6579/v/9324/p/2025,2026-05-20,Necessita validação manual,Site inferido automaticamente; validar antes da entrega.,2026-05-27
2912707,Ibirapitanga,BA,Bahia,26917,False,https://www.ibirapitanga.ba.gov.br/,BA acima de 15.000 habitantes,SIDRA 6579/v/9324/p/2025,2026-05-20,Necessita validação manual,Site inferido automaticamente; validar antes da entrega.,2026-05-27
2912905,Ibirataia,BA,Bahia,19377,False,https://www.ibirataia.ba.gov.br/,BA acima de 15.000 habitantes,SIDRA 6579/v/9324/p/2025,2026-05-20,Necessita validação manual,Site inferido automaticamente; validar antes da entrega.,2026-05-27
2913002,Ibitiara,BA,Bahia,15049,False,https://www.ibitiara.ba.gov.br/,BA acima de 15.000 habitantes,SIDRA 6579/v/9324/p/2025,2026-05-20,Necessita validação manual,Site inferido automaticamente; validar antes da entrega.,2026-05-27
2913101,Ibititá,BA,Bahia,17517,False,https://www.ibitita.ba.gov.br/,BA acima de 15.000 habitantes,SIDRA 6579/v/9324/p/2025,2026-05-20,Necessita validação manual,Site inferido automaticamente; validar antes da entrega.,2026-05-27
2913200,Ibotirama,BA,Bahia,27723,False,https://www.ibotirama.ba.gov.br/,BA acima de 15.000 habitantes,SIDRA 6579/v/9324/p/2025,2026-05-20,Necessita validação manual,Site inferido automaticamente; validar antes da entrega.,2026-05-27
2913408,Igaporã,BA,Bahia,16069,False,https://www.igapora.ba.gov.br/,BA acima de 15.000 habitantes,SIDRA 6579/v/9324/p/2025,2026-05-20,Necessita validação manual,Site inferido automaticamente; validar antes da entrega.,2026-05-27
2913507,Iguaí,BA,Bahia,21763,False,https://www.iguai.ba.gov.br/,BA acima de 15.000 habitantes,SIDRA 6579/v/9324/p/2025,2026-05-20,Necessita validação manual,Site inferido automaticamente; validar antes da entrega.,2026-05-27
2913606,Ilhéus,BA,Bahia,189149,False,https://www.ilheus.ba.gov.br/,BA acima de 15.000 habitantes,SIDRA 6579/v/9324/p/2025,2026-05-20,Necessita validação manual,Site inferido automaticamente; validar antes da entrega.,2026-05-27
2913705,Inhambupe,BA,Bahia,35390,False,https://www.inhambupe.ba.gov.br/,BA acima de 15.000 habitantes,SIDRA 6579/v/9324/p/2025,2026-05-20,Necessita validação manual,Site inferido automaticamente; validar antes da entrega.,2026-05-27
2913903,Ipiaú,BA,Bahia,42429,False,https://www.ipiau.ba.gov.br/,BA acima de 15.000 habitantes,SIDRA 6579/v/9324/p/2025,2026-05-20,Necessita validação manual,Site inferido automaticamente; validar antes da entrega.,2026-05-27
2914000,Ipirá,BA,Bahia,59222,False,https://www.ipira.ba.gov.br/,BA acima de 15.000 habitantes,SIDRA 6579/v/9324/p/2025,2026-05-20,Necessita validação manual,Site inferido automaticamente; validar antes da entrega.,2026-05-27
2914406,Iraquara,BA,Bahia,24833,False,https://www.iraquara.ba.gov.br/,BA acima de 15.000 habitantes,SIDRA 6579/v/9324/p/2025,2026-05-20,Necessita validação manual,Site inferido automaticamente; validar antes da entrega.,2026-05-27
2914505,Irará,BA,Bahia,29572,False,https://www.irara.ba.gov.br/,BA acima de 15.000 habitantes,SIDRA 6579/v/9324/p/2025,2026-05-20,Necessita validação manual,Site inferido automaticamente; validar antes da entrega.,2026-05-27
2914604,Irecê,BA,Bahia,78781,False,https://www.irece.ba.gov.br/,BA acima de 15.000 habitantes,SIDRA 6579/v/9324/p/2025,2026-05-20,Necessita validação manual,Site inferido automaticamente; validar antes da entrega.,2026-05-27
2914653,Itabela,BA,Bahia,29588,False,https://www.itabela.ba.gov.br/,BA acima de 15.000 habitantes,SIDRA 6579/v/9324/p/2025,2026-05-20,Necessita validação manual,Site inferido automaticamente; validar antes da entrega.,2026-05-27
2914703,Itaberaba,BA,Bahia,68425,False,https://www.itaberaba.ba.gov.br/,BA acima de 15.000 habitantes,SIDRA 6579/v/9324/p/2025,2026-05-20,Necessita validação manual,Site inferido automaticamente; validar antes da entrega.,2026-05-27
2914802,Itabuna,BA,Bahia,196344,False,https://www.itabuna.ba.gov.br/,BA acima de 15.000 habitantes,SIDRA 6579/v/9324/p/2025,2026-05-20,Necessita validação manual,Site inferido automaticamente; validar antes da entrega.,2026-05-27
2914901,Itacaré,BA,Bahia,29496,False,https://www.itacare.ba.gov.br/,BA acima de 15.000 habitantes,SIDRA 6579/v/9324/p/2025,2026-05-20,Necessita validação manual,Site inferido automaticamente; validar antes da entrega.,2026-05-27
2915205,Itagibá,BA,Bahia,15796,False,https://www.itagiba.ba.gov.br/,BA acima de 15.000 habitantes,SIDRA 6579/v/9324/p/2025,2026-05-20,Necessita validação manual,Site inferido automaticamente; validar antes da entrega.,2026-05-27
2915502,Itajuípe,BA,Bahia,19191,False,https://www.itajuipe.ba.gov.br/,BA acima de 15.000 habitantes,SIDRA 6579/v/9324/p/2025,2026-05-20,Necessita validação manual,Site inferido automaticamente; validar antes da entrega.,2026-05-27
2915601,Itamaraju,BA,Bahia,61999,False,https://www.itamaraju.ba.gov.br/,BA acima de 15.000 habitantes,SIDRA 6579/v/9324/p/2025,2026-05-20,Necessita validação manual,Site inferido automaticamente; validar antes da entrega.,2026-05-27
2915809,Itambé,BA,Bahia,25088,False,https://www.itambe.ba.gov.br/,BA acima de 15.000 habitantes,SIDRA 6579/v/9324/p/2025,2026-05-20,Necessita validação manual,Site inferido automaticamente; validar antes da entrega.,2026-05-27
2916005,Itanhém,BA,Bahia,18203,False,https://www.itanhem.ba.gov.br/,BA acima de 15.000 habitantes,SIDRA 6579/v/9324/p/2025,2026-05-20,Necessita validação manual,Site inferido automaticamente; validar antes da entrega.,2026-05-27
2916104,Itaparica,BA,Bahia,20353,False,https://www.itaparica.ba.gov.br/,BA acima de 15.000 habitantes,SIDRA 6579/v/9324/p/2025,2026-05-20,Necessita validação manual,Site inferido automaticamente; validar antes da entrega.,2026-05-27
2916401,Itapetinga,BA,Bahia,68724,False,https://www.itapetinga.ba.gov.br/,BA acima de 15.000 habitantes,SIDRA 6579/v/9324/p/2025,2026-05-20,Necessita validação manual,Site inferido automaticamente; validar antes da entrega.,2026-05-27
2916500,Itapicuru,BA,Bahia,33284,False,https://www.itapicuru.ba.gov.br/,BA acima de 15.000 habitantes,SIDRA 6579/v/9324/p/2025,2026-05-20,Necessita validação manual,Site inferido automaticamente; validar antes da entrega.,2026-05-27
2916807,Itarantim,BA,Bahia,17485,False,https://www.itarantim.ba.gov.br/,BA acima de 15.000 habitantes,SIDRA 6579/v/9324/p/2025,2026-05-20,Necessita validação manual,Site inferido automaticamente; validar antes da entrega.,2026-05-27
2916856,Itatim,BA,Bahia,16454,False,https://www.itatim.ba.gov.br/,BA acima de 15.000 habitantes,SIDRA 6579/v/9324/p/2025,2026-05-20,Necessita validação manual,Site inferido automaticamente; validar antes da entrega.,2026-05-27
2917003,Itiúba,BA,Bahia,35490,False,https://www.itiuba.ba.gov.br/,BA acima de 15.000 habitantes,SIDRA 6579/v/9324/p/2025,2026-05-20,Necessita validação manual,Site inferido automaticamente; validar antes da entrega.,2026-05-27
2917102,Itororó,BA,Bahia,16849,False,https://www.itororo.ba.gov.br/,BA acima de 15.000 habitantes,SIDRA 6579/v/9324/p/2025,2026-05-20,Necessita validação manual,Site inferido automaticamente; validar antes da entrega.,2026-05-27
2917201,Ituaçu,BA,Bahia,18506,False,https://www.ituacu.ba.gov.br/,BA acima de 15.000 habitantes,SIDRA 6579/v/9324/p/2025,2026-05-20,Necessita validação manual,Site inferido automaticamente; validar antes da entrega.,2026-05-27
2917300,Ituberá,BA,Bahia,22154,False,https://www.itubera.ba.gov.br/,BA acima de 15.000 habitantes,SIDRA 6579/v/9324/p/2025,2026-05-20,Necessita validação manual,Site inferido automaticamente; validar antes da entrega.,2026-05-27
2917508,Jacobina,BA,Bahia,86896,False,https://www.jacobina.ba.gov.br/,BA acima de 15.000 habitantes,SIDRA 6579/v/9324/p/2025,2026-05-20,Necessita validação manual,Site inferido automaticamente; validar antes da entrega.,2026-05-27
2917607,Jaguaquara,BA,Bahia,47624,False,https://www.jaguaquara.ba.gov.br/,BA acima de 15.000 habitantes,SIDRA 6579/v/9324/p/2025,2026-05-20,Necessita validação manual,Site inferido automaticamente; validar antes da entrega.,2026-05-27
2917706,Jaguarari,BA,Bahia,34528,False,https://www.jaguarari.ba.gov.br/,BA acima de 15.000 habitantes,SIDRA 6579/v/9324/p/2025,2026-05-20,Necessita validação manual,Site inferido automaticamente; validar antes da entrega.,2026-05-27
2917805,Jaguaripe,BA,Bahia,18349,False,https://www.jaguaripe.ba.gov.br/,BA acima de 15.000 habitantes,SIDRA 6579/v/9324/p/2025,2026-05-20,Necessita validação manual,Site inferido automaticamente; validar antes da entrega.,2026-05-27
2918001,Jequié,BA,Bahia,169201,False,https://www.jequie.ba.gov.br/,BA acima de 15.000 habitantes,SIDRA 6579/v/9324/p/2025,2026-05-20,Necessita validação manual,Site inferido automaticamente; validar antes da entrega.,2026-05-27
2918100,Jeremoabo,BA,Bahia,39539,False,https://www.jeremoabo.ba.gov.br/,BA acima de 15.000 habitantes,SIDRA 6579/v/9324/p/2025,2026-05-20,Necessita validação manual,Site inferido automaticamente; validar antes da entrega.,2026-05-27
2918357,João Dourado,BA,Bahia,25892,False,https://www.joaodourado.ba.gov.br/,BA acima de 15.000 habitantes,SIDRA 6579/v/9324/p/2025,2026-05-20,Necessita validação manual,Site inferido automaticamente; validar antes da entrega.,2026-05-27
2918407,Juazeiro,BA,Bahia,256122,False,https://juazeiro.ba.gov.br/,BA acima de 15.000 habitantes,SIDRA 6579/v/9324/p/2025,2026-05-20,Necessita validação manual,Site inferido automaticamente; validar antes da entrega.,2026-05-27
2918506,Jussara,BA,Bahia,17007,False,https://www.jussara.ba.gov.br/,BA acima de 15.000 habitantes,SIDRA 6579/v/9324/p/2025,2026-05-20,Necessita validação manual,Site inferido automaticamente; validar antes da entrega.,2026-05-27
2918803,Laje,BA,Bahia,21705,False,https://www.laje.ba.gov.br/,BA acima de 15.000 habitantes,SIDRA 6579/v/9324/p/2025,2026-05-20,Necessita validação manual,Site inferido automaticamente; validar antes da entrega.,2026-05-27
2919157,Lapão,BA,Bahia,27014,False,https://www.lapao.ba.gov.br/,BA acima de 15.000 habitantes,SIDRA 6579/v/9324/p/2025,2026-05-20,Necessita validação manual,Site inferido automaticamente; validar antes da entrega.,2026-05-27
2919207,Lauro de Freitas,BA,Bahia,219564,False,https://www.laurodefreitas.ba.gov.br/,BA acima de 15.000 habitantes,SIDRA 6579/v/9324/p/2025,2026-05-20,Necessita validação manual,Site inferido automaticamente; validar antes da entrega.,2026-05-27
2919504,Livramento de Nossa Senhora,BA,Bahia,46376,False,https://www.livramentodenossasenhora.ba.gov.br/,BA acima de 15.000 habitantes,SIDRA 6579/v/9324/p/2025,2026-05-20,Necessita validação manual,Site inferido automaticamente; validar antes da entrega.,2026-05-27
2919553,Luís Eduardo Magalhães,BA,Bahia,118382,False,https://www.luiseduardomagalhaes.ba.gov.br/,BA acima de 15.000 habitantes,SIDRA 6579/v/9324/p/2025,2026-05-20,Necessita validação manual,Site inferido automaticamente; validar antes da entrega.,2026-05-27
2919702,Macarani,BA,Bahia,22768,False,https://www.macarani.ba.gov.br/,BA acima de 15.000 habitantes,SIDRA 6579/v/9324/p/2025,2026-05-20,Necessita validação manual,Site inferido automaticamente; validar antes da entrega.,2026-05-27
2919801,Macaúbas,BA,Bahia,43653,False,https://www.macaubas.ba.gov.br/,BA acima de 15.000 habitantes,SIDRA 6579/v/9324/p/2025,2026-05-20,Necessita validação manual,Site inferido automaticamente; validar antes da entrega.,2026-05-27
2919926,Madre de Deus,BA,Bahia,19224,False,https://www.madrededeus.ba.gov.br/,BA acima de 15.000 habitantes,SIDRA 6579/v/9324/p/2025,2026-05-20,Necessita validação manual,Site inferido automaticamente; validar antes da entrega.,2026-05-27
2920106,Mairi,BA,Bahia,18130,False,https://www.mairi.ba.gov.br/,BA acima de 15.000 habitantes,SIDRA 6579/v/9324/p/2025,2026-05-20,Necessita validação manual,Site inferido automaticamente; validar antes da entrega.,2026-05-27
2920205,Malhada,BA,Bahia,15814,False,https://www.malhada.ba.gov.br/,BA acima de 15.000 habitantes,SIDRA 6579/v/9324/p/2025,2026-05-20,Necessita validação manual,Site inferido automaticamente; validar antes da entrega.,2026-05-27
2920502,Maracás,BA,Bahia,29330,False,https://www.maracas.ba.gov.br/,BA acima de 15.000 habitantes,SIDRA 6579/v/9324/p/2025,2026-05-20,Necessita validação manual,Site inferido automaticamente; validar antes da entrega.,2026-05-27
2920601,Maragogipe,BA,Bahia,37041,False,,BA acima de 15.000 habitantes,SIDRA 6579/v/9324/p/2025,2026-05-20,Site não localizado,"Site não informado na base. Candidatos básicos: https://www.maragogipe.ba.gov.br/, https://maragogipe.ba.gov.br/, http://www.maragogipe.ba.gov.br/, http://maragogipe.ba.gov.br/, https://www.prefeitura.maragogipe.ba.gov.br/, https://prefeitura.maragogipe.ba.gov.br/, http://www.prefeitura.maragogipe.ba.gov.br/, http://prefeitura.maragogipe.ba.gov.br/. Busca web oficial falhou: HTTPSConnectionPool(host='duckduckgo.com', port=443): Max retries exceeded with url: /html/?q=prefeitura+Maragogipe+BA+site+oficial (Caused by ConnectTimeoutError(<HTTPSConnection(host='duckduckgo.com', port=443) at 0x202b89e0>, 'Connection to duckduckgo.com timed out. (connect timeout=8)'))",2026-05-27
2920700,Maraú,BA,Bahia,25804,False,https://www.marau.ba.gov.br/,BA acima de 15.000 habitantes,SIDRA 6579/v/9324/p/2025,2026-05-20,Necessita validação manual,Site inferido automaticamente; validar antes da entrega.,2026-05-27
2921005,Mata de São João,BA,Bahia,44962,False,https://www.matadesaojoao.ba.gov.br/,BA acima de 15.000 habitantes,SIDRA 6579/v/9324/p/2025,2026-05-20,Necessita validação manual,Site inferido automaticamente; validar antes da entrega.,2026-05-27
2921104,Medeiros Neto,BA,Bahia,22801,False,https://www.medeirosneto.ba.gov.br/,BA acima de 15.000 habitantes,SIDRA 6579/v/9324/p/2025,2026-05-20,Necessita validação manual,Site inferido automaticamente; validar antes da entrega.,2026-05-27
2921203,Miguel Calmon,BA,Bahia,25263,False,https://www.miguelcalmon.ba.gov.br/,BA acima de 15.000 habitantes,SIDRA 6579/v/9324/p/2025,2026-05-20,Necessita validação manual,Site inferido automaticamente; validar antes da entrega.,2026-05-27
2921401,Mirangaba,BA,Bahia,16167,False,https://www.mirangaba.ba.gov.br/,BA acima de 15.000 habitantes,SIDRA 6579/v/9324/p/2025,2026-05-20,Necessita validação manual,Site inferido automaticamente; validar antes da entrega.,2026-05-27
2921500,Monte Santo,BA,Bahia,49807,False,https://www.montesanto.ba.gov.br/,BA acima de 15.000 habitantes,SIDRA 6579/v/9324/p/2025,2026-05-20,Necessita validação manual,Site inferido automaticamente; validar antes da entrega.,2026-05-27
2921708,Morro do Chapéu,BA,Bahia,35235,False,https://www.morrodochapeu.ba.gov.br/,BA acima de 15.000 habitantes,SIDRA 6579/v/9324/p/2025,2026-05-20,Necessita validação manual,Site inferido automaticamente; validar antes da entrega.,2026-05-27
2922003,Mucuri,BA,Bahia,40114,False,https://www.mucuri.ba.gov.br/,BA acima de 15.000 habitantes,SIDRA 6579/v/9324/p/2025,2026-05-20,Necessita validação manual,Site inferido automaticamente; validar antes da entrega.,2026-05-27
2922102,Mundo Novo,BA,Bahia,17197,False,https://www.mundonovo.ba.gov.br/,BA acima de 15.000 habitantes,SIDRA 6579/v/9324/p/2025,2026-05-20,Necessita validação manual,Site inferido automaticamente; validar antes da entrega.,2026-05-27
2922300,Muritiba,BA,Bahia,30180,False,https://www.muritiba.ba.gov.br/,BA acima de 15.000 habitantes,SIDRA 6579/v/9324/p/2025,2026-05-20,Necessita validação manual,Site inferido automaticamente; validar antes da entrega.,2026-05-27
2922409,Mutuípe,BA,Bahia,20590,False,https://www.mutuipe.ba.gov.br/,BA acima de 15.000 habitantes,SIDRA 6579/v/9324/p/2025,2026-05-20,Necessita validação manual,Site inferido automaticamente; validar antes da entrega.,2026-05-27
2922508,Nazaré,BA,Bahia,28427,False,https://www.nazare.ba.gov.br/,BA acima de 15.000 habitantes,SIDRA 6579/v/9324/p/2025,2026-05-20,Necessita validação manual,Site inferido automaticamente; validar antes da entrega.,2026-05-27
2922656,Nordestina,BA,Bahia,19711,False,https://www.nordestina.ba.gov.br/,BA acima de 15.000 habitantes,SIDRA 6579/v/9324/p/2025,2026-05-20,Necessita validação manual,Site inferido automaticamente; validar antes da entrega.,2026-05-27
2922904,Nova Soure,BA,Bahia,24865,False,https://www.novasoure.ba.gov.br/,BA acima de 15.000 habitantes,SIDRA 6579/v/9324/p/2025,2026-05-20,Necessita validação manual,Site inferido automaticamente; validar antes da entrega.,2026-05-27
2923001,Nova Viçosa,BA,Bahia,41629,False,https://www.novavicosa.ba.gov.br/,BA acima de 15.000 habitantes,SIDRA 6579/v/9324/p/2025,2026-05-20,Necessita validação manual,Site inferido automaticamente; validar antes da entrega.,2026-05-27
2923100,Olindina,BA,Bahia,22956,False,https://www.olindina.ba.gov.br/,BA acima de 15.000 habitantes,SIDRA 6579/v/9324/p/2025,2026-05-20,Necessita validação manual,Site inferido automaticamente; validar antes da entrega.,2026-05-27
2923209,Oliveira dos Brejinhos,BA,Bahia,21323,False,https://www.oliveiradosbrejinhos.ba.gov.br/,BA acima de 15.000 habitantes,SIDRA 6579/v/9324/p/2025,2026-05-20,Necessita validação manual,Site inferido automaticamente; validar antes da entrega.,2026-05-27
2923357,Ourolândia,BA,Bahia,20141,False,https://www.ourolandia.ba.gov.br/,BA acima de 15.000 habitantes,SIDRA 6579/v/9324/p/2025,2026-05-20,Necessita validação manual,Site inferido automaticamente; validar antes da entrega.,2026-05-27
2923407,Palmas de Monte Alto,BA,Bahia,20666,False,https://www.palmasdemontealto.ba.gov.br/,BA acima de 15.000 habitantes,SIDRA 6579/v/9324/p/2025,2026-05-20,Necessita validação manual,Site inferido automaticamente; validar antes da entrega.,2026-05-27
2923605,Paramirim,BA,Bahia,21025,False,https://www.paramirim.ba.gov.br/,BA acima de 15.000 habitantes,SIDRA 6579/v/9324/p/2025,2026-05-20,Necessita validação manual,Site inferido automaticamente; validar antes da entrega.,2026-05-27
2923704,Paratinga,BA,Bahia,30680,False,https://www.paratinga.ba.gov.br/,BA acima de 15.000 habitantes,SIDRA 6579/v/9324/p/2025,2026-05-20,Necessita validação manual,Site inferido automaticamente; validar antes da entrega.,2026-05-27
2923803,Paripiranga,BA,Bahia,27860,False,https://www.paripiranga.ba.gov.br/,BA acima de 15.000 habitantes,SIDRA 6579/v/9324/p/2025,2026-05-20,Necessita validação manual,Site inferido automaticamente; validar antes da entrega.,2026-05-27
2924009,Paulo Afonso,BA,Bahia,119418,False,https://www.pauloafonso.ba.gov.br/,BA acima de 15.000 habitantes,SIDRA 6579/v/9324/p/2025,2026-05-20,Necessita validação manual,Site inferido automaticamente; validar antes da entrega.,2026-05-27
2924306,Piatã,BA,Bahia,20938,False,https://www.piata.ba.gov.br/,BA acima de 15.000 habitantes,SIDRA 6579/v/9324/p/2025,2026-05-20,Necessita validação manual,Site inferido automaticamente; validar antes da entrega.,2026-05-27
2924405,Pilão Arcado,BA,Bahia,37388,False,https://www.pilaoarcado.ba.gov.br/,BA acima de 15.000 habitantes,SIDRA 6579/v/9324/p/2025,2026-05-20,Necessita validação manual,Site inferido automaticamente; validar antes da entrega.,2026-05-27
2924504,Pindaí,BA,Bahia,15125,False,https://www.pindai.ba.gov.br/,BA acima de 15.000 habitantes,SIDRA 6579/v/9324/p/2025,2026-05-20,Necessita validação manual,Site inferido automaticamente; validar antes da entrega.,2026-05-27
2924603,Pindobaçu,BA,Bahia,19601,False,https://www.pindobacu.ba.gov.br/,BA acima de 15.000 habitantes,SIDRA 6579/v/9324/p/2025,2026-05-20,Necessita validação manual,Site inferido automaticamente; validar antes da entrega.,2026-05-27
2924801,Piritiba,BA,Bahia,17697,False,https://www.piritiba.ba.gov.br/,BA acima de 15.000 habitantes,SIDRA 6579/v/9324/p/2025,2026-05-20,Necessita validação manual,Site inferido automaticamente; validar antes da entrega.,2026-05-27
2925006,Planalto,BA,Bahia,24026,False,https://www.planalto.ba.gov.br/,BA acima de 15.000 habitantes,SIDRA 6579/v/9324/p/2025,2026-05-20,Necessita validação manual,Site inferido automaticamente; validar antes da entrega.,2026-05-27
2925204,Pojuca,BA,Bahia,33573,False,https://www.pojuca.ba.gov.br/,BA acima de 15.000 habitantes,SIDRA 6579/v/9324/p/2025,2026-05-20,Necessita validação manual,Site inferido automaticamente; validar antes da entrega.,2026-05-27
2925253,Ponto Novo,BA,Bahia,18763,False,https://www.pontonovo.ba.gov.br/,BA acima de 15.000 habitantes,SIDRA 6579/v/9324/p/2025,2026-05-20,Necessita validação manual,Site inferido automaticamente; validar antes da entrega.,2026-05-27
2925303,Porto Seguro,BA,Bahia,182630,False,https://www.portoseguro.ba.gov.br/,BA acima de 15.000 habitantes,SIDRA 6579/v/9324/p/2025,2026-05-20,Necessita validação manual,Site inferido automaticamente; validar antes da entrega.,2026-05-27
2925105,Poções,BA,Bahia,50773,False,https://www.pocoes.ba.gov.br/,BA acima de 15.000 habitantes,SIDRA 6579/v/9324/p/2025,2026-05-20,Necessita validação manual,Site inferido automaticamente; validar antes da entrega.,2026-05-27
2925501,Prado,BA,Bahia,37533,False,https://www.prado.ba.gov.br/,BA acima de 15.000 habitantes,SIDRA 6579/v/9324/p/2025,2026-05-20,Necessita validação manual,Site inferido automaticamente; validar antes da entrega.,2026-05-27
2925600,Presidente Dutra,BA,Bahia,15677,False,https://www.presidentedutra.ba.gov.br/,BA acima de 15.000 habitantes,SIDRA 6579/v/9324/p/2025,2026-05-20,Necessita validação manual,Site inferido automaticamente; validar antes da entrega.,2026-05-27
2925758,Presidente Tancredo Neves,BA,Bahia,29489,False,https://www.presidentetancredoneves.ba.gov.br/,BA acima de 15.000 habitantes,SIDRA 6579/v/9324/p/2025,2026-05-20,Necessita validação manual,Site inferido automaticamente; validar antes da entrega.,2026-05-27
2925808,Queimadas,BA,Bahia,27429,False,https://www.queimadas.ba.gov.br/,BA acima de 15.000 habitantes,SIDRA 6579/v/9324/p/2025,2026-05-20,Necessita validação manual,Site inferido automaticamente; validar antes da entrega.,2026-05-27
2925907,Quijingue,BA,Bahia,26443,False,https://www.quijingue.ba.gov.br/,BA acima de 15.000 habitantes,SIDRA 6579/v/9324/p/2025,2026-05-20,Necessita validação manual,Site inferido automaticamente; validar antes da entrega.,2026-05-27
2925956,Rafael Jambeiro,BA,Bahia,20081,False,https://www.rafaeljambeiro.ba.gov.br/,BA acima de 15.000 habitantes,SIDRA 6579/v/9324/p/2025,2026-05-20,Necessita validação manual,Site inferido automaticamente; validar antes da entrega.,2026-05-27
2926004,Remanso,BA,Bahia,42855,False,https://www.remanso.ba.gov.br/,BA acima de 15.000 habitantes,SIDRA 6579/v/9324/p/2025,2026-05-20,Necessita validação manual,Site inferido automaticamente; validar antes da entrega.,2026-05-27
2926400,Riacho de Santana,BA,Bahia,32060,False,https://www.riachodesantana.ba.gov.br/,BA acima de 15.000 habitantes,SIDRA 6579/v/9324/p/2025,2026-05-20,Necessita validação manual,Site inferido automaticamente; validar antes da entrega.,2026-05-27
2926202,Riachão das Neves,BA,Bahia,22329,False,https://www.riachaodasneves.ba.gov.br/,BA acima de 15.000 habitantes,SIDRA 6579/v/9324/p/2025,2026-05-20,Necessita validação manual,Site inferido automaticamente; validar antes da entrega.,2026-05-27
2926301,Riachão do Jacuípe,BA,Bahia,35188,False,https://www.riachaodojacuipe.ba.gov.br/,BA acima de 15.000 habitantes,SIDRA 6579/v/9324/p/2025,2026-05-20,Necessita validação manual,Site inferido automaticamente; validar antes da entrega.,2026-05-27
2926608,Ribeira do Pombal,BA,Bahia,56316,False,https://www.ribeiradopombal.ba.gov.br/,BA acima de 15.000 habitantes,SIDRA 6579/v/9324/p/2025,2026-05-20,Necessita validação manual,Site inferido automaticamente; validar antes da entrega.,2026-05-27
2927002,Rio Real,BA,Bahia,36966,False,https://www.rioreal.ba.gov.br/,BA acima de 15.000 habitantes,SIDRA 6579/v/9324/p/2025,2026-05-20,Necessita validação manual,Site inferido automaticamente; validar antes da entrega.,2026-05-27
2927200,Ruy Barbosa,BA,Bahia,29590,False,https://www.ruybarbosa.ba.gov.br/,BA acima de 15.000 habitantes,SIDRA 6579/v/9324/p/2025,2026-05-20,Necessita validação manual,Site inferido automaticamente; validar antes da entrega.,2026-05-27
2927309,Salinas da Margarida,BA,Bahia,15629,False,https://www.salinasdamargarida.ba.gov.br/,BA acima de 15.000 habitantes,SIDRA 6579/v/9324/p/2025,2026-05-20,Necessita validação manual,Site inferido automaticamente; validar antes da entrega.,2026-05-27
2927408,Salvador,BA,Bahia,2564204,True,https://www.salvador.ba.gov.br/,BA acima de 15.000 habitantes,SIDRA 6579/v/9324/p/2025,2026-05-20,Necessita validação manual,Site inferido automaticamente; validar antes da entrega.,2026-05-27
2927606,Santa Brígida,BA,Bahia,15417,False,https://www.santabrigida.ba.gov.br/,BA acima de 15.000 habitantes,SIDRA 6579/v/9324/p/2025,2026-05-20,Necessita validação manual,Site inferido automaticamente; validar antes da entrega.,2026-05-27
2927507,Santa Bárbara,BA,Bahia,21787,False,https://www.santabarbara.ba.gov.br/,BA acima de 15.000 habitantes,SIDRA 6579/v/9324/p/2025,2026-05-20,Necessita validação manual,Site inferido automaticamente; validar antes da entrega.,2026-05-27
2927705,Santa Cruz Cabrália,BA,Bahia,31007,False,http://santacruz.ba.gov.br/,BA acima de 15.000 habitantes,SIDRA 6579/v/9324/p/2025,2026-05-20,Necessita validação manual,Site inferido automaticamente; validar antes da entrega.,2026-05-27
2928109,Santa Maria da Vitória,BA,Bahia,40474,False,https://www.santamariadavitoria.ba.gov.br/,BA acima de 15.000 habitantes,SIDRA 6579/v/9324/p/2025,2026-05-20,Necessita validação manual,Site inferido automaticamente; validar antes da entrega.,2026-05-27
2928406,Santa Rita de Cássia,BA,Bahia,28890,False,https://www.santaritadecassia.ba.gov.br/,BA acima de 15.000 habitantes,SIDRA 6579/v/9324/p/2025,2026-05-20,Necessita validação manual,Site inferido automaticamente; validar antes da entrega.,2026-05-27
2928000,Santaluz,BA,Bahia,40066,False,https://www.santaluz.ba.gov.br/,BA acima de 15.000 habitantes,SIDRA 6579/v/9324/p/2025,2026-05-20,Necessita validação manual,Site inferido automaticamente; validar antes da entrega.,2026-05-27
2928208,Santana,BA,Bahia,25521,False,https://www.santana.ba.gov.br/,BA acima de 15.000 habitantes,SIDRA 6579/v/9324/p/2025,2026-05-20,Necessita validação manual,Site inferido automaticamente; validar antes da entrega.,2026-05-27
2928604,Santo Amaro,BA,Bahia,58398,False,https://www.santoamaro.ba.gov.br/,BA acima de 15.000 habitantes,SIDRA 6579/v/9324/p/2025,2026-05-20,Necessita validação manual,Site inferido automaticamente; validar antes da entrega.,2026-05-27
2928703,Santo Antônio de Jesus,BA,Bahia,109791,False,,BA acima de 15.000 habitantes,SIDRA 6579/v/9324/p/2025,2026-05-20,Site não localizado,"Site não informado na base. Candidatos básicos: https://www.santoantoniodejesus.ba.gov.br/, https://santoantoniodejesus.ba.gov.br/, http://www.santoantoniodejesus.ba.gov.br/, http://santoantoniodejesus.ba.gov.br/, https://www.prefeitura.santoantoniodejesus.ba.gov.br/, https://prefeitura.santoantoniodejesus.ba.gov.br/, http://www.prefeitura.santoantoniodejesus.ba.gov.br/, http://prefeitura.santoantoniodejesus.ba.gov.br/, https://www.santoantoniojesus.ba.gov.br/, https://santoantoniojesus.ba.gov.br/, http://www.santoantoniojesus.ba.gov.br/, http://santoantoniojesus.ba.gov.br/, https://www.prefeitura.santoantoniojesus.ba.gov.br/, https://prefeitura.santoantoniojesus.ba.gov.br/, http://www.prefeitura.santoantoniojesus.ba.gov.br/, http://prefeitura.santoantoniojesus.ba.gov.br/, https://www.santoantonio.ba.gov.br/, https://santoantonio.ba.gov.br/, http://www.santoantonio.ba.gov.br/, http://santoantonio.ba.gov.br/, https://www.prefeitura.santoantonio.ba.gov.br/, https://prefeitura.santoantonio.ba.gov.br/, http://www.prefeitura.santoantonio.ba.gov.br/, http://prefeitura.santoantonio.ba.gov.br/. Busca web oficial falhou: HTTPSConnectionPool(host='duckduckgo.com', port=443): Max retries exceeded with url: /html/?q=prefeitura+Santo+Ant%C3%B4nio+de+Jesus+BA+site+oficial (Caused by ConnectTimeoutError(<HTTPSConnection(host='duckduckgo.com', port=443) at 0x202b8c50>, 'Connection to duckduckgo.com timed out. (connect timeout=8)'))",2026-05-27
2928802,Santo Estêvão,BA,Bahia,55146,False,https://www.santoestevao.ba.gov.br/,BA acima de 15.000 habitantes,SIDRA 6579/v/9324/p/2025,2026-05-20,Necessita validação manual,Site inferido automaticamente; validar antes da entrega.,2026-05-27
2929602,Sapeaçu,BA,Bahia,18656,False,https://www.sapeacu.ba.gov.br/,BA acima de 15.000 habitantes,SIDRA 6579/v/9324/p/2025,2026-05-20,Necessita validação manual,Site inferido automaticamente; validar antes da entrega.,2026-05-27
2929909,Seabra,BA,Bahia,48721,False,https://www.seabra.ba.gov.br/,BA acima de 15.000 habitantes,SIDRA 6579/v/9324/p/2025,2026-05-20,Necessita validação manual,Site inferido automaticamente; validar antes da entrega.,2026-05-27
2930105,Senhor do Bonfim,BA,Bahia,78090,False,https://www.senhordobonfim.ba.gov.br/,BA acima de 15.000 habitantes,SIDRA 6579/v/9324/p/2025,2026-05-20,Necessita validação manual,Site inferido automaticamente; validar antes da entrega.,2026-05-27
2930204,Sento Sé,BA,Bahia,40232,False,https://www.sentose.ba.gov.br/,BA acima de 15.000 habitantes,SIDRA 6579/v/9324/p/2025,2026-05-20,Necessita validação manual,Site inferido automaticamente; validar antes da entrega.,2026-05-27
2930303,Serra Dourada,BA,Bahia,17574,False,https://www.serradourada.ba.gov.br/,BA acima de 15.000 habitantes,SIDRA 6579/v/9324/p/2025,2026-05-20,Necessita validação manual,Site inferido automaticamente; validar antes da entrega.,2026-05-27
2930402,Serra Preta,BA,Bahia,18754,False,https://www.serrapreta.ba.gov.br/,BA acima de 15.000 habitantes,SIDRA 6579/v/9324/p/2025,2026-05-20,Necessita validação manual,Site inferido automaticamente; validar antes da entrega.,2026-05-27
2930154,Serra do Ramalho,BA,Bahia,36252,False,https://www.serradoramalho.ba.gov.br/,BA acima de 15.000 habitantes,SIDRA 6579/v/9324/p/2025,2026-05-20,Necessita validação manual,Site inferido automaticamente; validar antes da entrega.,2026-05-27
2930501,Serrinha,BA,Bahia,84690,False,https://www.serrinha.ba.gov.br/,BA acima de 15.000 habitantes,SIDRA 6579/v/9324/p/2025,2026-05-20,Necessita validação manual,Site inferido automaticamente; validar antes da entrega.,2026-05-27
2930709,Simões Filho,BA,Bahia,120419,False,https://www.simoesfilho.ba.gov.br/,BA acima de 15.000 habitantes,SIDRA 6579/v/9324/p/2025,2026-05-20,Necessita validação manual,Site inferido automaticamente; validar antes da entrega.,2026-05-27
2930774,Sobradinho,BA,Bahia,27097,False,https://www.sobradinho.ba.gov.br/,BA acima de 15.000 habitantes,SIDRA 6579/v/9324/p/2025,2026-05-20,Necessita validação manual,Site inferido automaticamente; validar antes da entrega.,2026-05-27
2930808,Souto Soares,BA,Bahia,17724,False,https://www.soutosoares.ba.gov.br/,BA acima de 15.000 habitantes,SIDRA 6579/v/9324/p/2025,2026-05-20,Necessita validação manual,Site inferido automaticamente; validar antes da entrega.,2026-05-27
2929701,Sátiro Dias,BA,Bahia,16476,False,https://www.satirodias.ba.gov.br/,BA acima de 15.000 habitantes,SIDRA 6579/v/9324/p/2025,2026-05-20,Necessita validação manual,Site inferido automaticamente; validar antes da entrega.,2026-05-27
2928901,São Desidério,BA,Bahia,34982,False,https://www.saodesiderio.ba.gov.br/,BA acima de 15.000 habitantes,SIDRA 6579/v/9324/p/2025,2026-05-20,Necessita validação manual,Site inferido automaticamente; validar antes da entrega.,2026-05-27
2929107,São Felipe,BA,Bahia,20923,False,https://www.saofelipe.ba.gov.br/,BA acima de 15.000 habitantes,SIDRA 6579/v/9324/p/2025,2026-05-20,Necessita validação manual,Site inferido automaticamente; validar antes da entrega.,2026-05-27
2929206,São Francisco do Conde,BA,Bahia,41110,False,https://www.saofranciscodoconde.ba.gov.br/,BA acima de 15.000 habitantes,SIDRA 6579/v/9324/p/2025,2026-05-20,Necessita validação manual,Site inferido automaticamente; validar antes da entrega.,2026-05-27
2929057,São Félix do Coribe,BA,Bahia,15780,False,https://www.saofelixdocoribe.ba.gov.br/,BA acima de 15.000 habitantes,SIDRA 6579/v/9324/p/2025,2026-05-20,Necessita validação manual,Site inferido automaticamente; validar antes da entrega.,2026-05-27
2929255,São Gabriel,BA,Bahia,19229,False,https://www.saogabriel.ba.gov.br/,BA acima de 15.000 habitantes,SIDRA 6579/v/9324/p/2025,2026-05-20,Necessita validação manual,Site inferido automaticamente; validar antes da entrega.,2026-05-27
2929305,São Gonçalo dos Campos,BA,Bahia,42171,False,https://www.saogoncalodoscampos.ba.gov.br/,BA acima de 15.000 habitantes,SIDRA 6579/v/9324/p/2025,2026-05-20,Necessita validação manual,Site inferido automaticamente; validar antes da entrega.,2026-05-27
2929503,São Sebastião do Passé,BA,Bahia,42944,False,https://www.saosebastiaodopasse.ba.gov.br/,BA acima de 15.000 habitantes,SIDRA 6579/v/9324/p/2025,2026-05-20,Necessita validação manual,Site inferido automaticamente; validar antes da entrega.,2026-05-27
2931004,Tanhaçu,BA,Bahia,21787,False,https://www.tanhacu.ba.gov.br/,BA acima de 15.000 habitantes,SIDRA 6579/v/9324/p/2025,2026-05-20,Necessita validação manual,Site inferido automaticamente; validar antes da entrega.,2026-05-27
2931053,Tanque Novo,BA,Bahia,17812,False,https://www.tanquenovo.ba.gov.br/,BA acima de 15.000 habitantes,SIDRA 6579/v/9324/p/2025,2026-05-20,Necessita validação manual,Site inferido automaticamente; validar antes da entrega.,2026-05-27
2931202,Taperoá,BA,Bahia,18556,False,https://www.taperoa.ba.gov.br/,BA acima de 15.000 habitantes,SIDRA 6579/v/9324/p/2025,2026-05-20,Necessita validação manual,Site inferido automaticamente; validar antes da entrega.,2026-05-27
2931301,Tapiramutá,BA,Bahia,16226,False,https://www.tapiramuta.ba.gov.br/,BA acima de 15.000 habitantes,SIDRA 6579/v/9324/p/2025,2026-05-20,Necessita validação manual,Site inferido automaticamente; validar antes da entrega.,2026-05-27
2931350,Teixeira de Freitas,BA,Bahia,153738,False,https://www.teixeiradefreitas.ba.gov.br/,BA acima de 15.000 habitantes,SIDRA 6579/v/9324/p/2025,2026-05-20,Necessita validação manual,Site inferido automaticamente; validar antes da entrega.,2026-05-27
2931509,Teofilândia,BA,Bahia,21825,False,https://www.teofilandia.ba.gov.br/,BA acima de 15.000 habitantes,SIDRA 6579/v/9324/p/2025,2026-05-20,Necessita validação manual,Site inferido automaticamente; validar antes da entrega.,2026-05-27
2931608,Teolândia,BA,Bahia,15978,False,https://www.teolandia.ba.gov.br/,BA acima de 15.000 habitantes,SIDRA 6579/v/9324/p/2025,2026-05-20,Necessita validação manual,Site inferido automaticamente; validar antes da entrega.,2026-05-27
2931806,Tremedal,BA,Bahia,16646,False,https://www.tremedal.ba.gov.br/,BA acima de 15.000 habitantes,SIDRA 6579/v/9324/p/2025,2026-05-20,Necessita validação manual,Site inferido automaticamente; validar antes da entrega.,2026-05-27
2931905,Tucano,BA,Bahia,51016,False,https://www.tucano.ba.gov.br/,BA acima de 15.000 habitantes,SIDRA 6579/v/9324/p/2025,2026-05-20,Necessita validação manual,Site inferido automaticamente; validar antes da entrega.,2026-05-27
2932002,Uauá,BA,Bahia,25449,False,https://www.uaua.ba.gov.br/,BA acima de 15.000 habitantes,SIDRA 6579/v/9324/p/2025,2026-05-20,Necessita validação manual,Site inferido automaticamente; validar antes da entrega.,2026-05-27
2932200,Ubaitaba,BA,Bahia,17878,False,https://www.ubaitaba.ba.gov.br/,BA acima de 15.000 habitantes,SIDRA 6579/v/9324/p/2025,2026-05-20,Necessita validação manual,Site inferido automaticamente; validar antes da entrega.,2026-05-27
2932309,Ubatã,BA,Bahia,15839,False,https://www.ubata.ba.gov.br/,BA acima de 15.000 habitantes,SIDRA 6579/v/9324/p/2025,2026-05-20,Necessita validação manual,Site inferido automaticamente; validar antes da entrega.,2026-05-27
2932101,Ubaíra,BA,Bahia,19142,False,https://www.ubaira.ba.gov.br/,BA acima de 15.000 habitantes,SIDRA 6579/v/9324/p/2025,2026-05-20,Necessita validação manual,Site inferido automaticamente; validar antes da entrega.,2026-05-27
2932507,Una,BA,Bahia,18254,False,https://www.una.ba.gov.br/,BA acima de 15.000 habitantes,SIDRA 6579/v/9324/p/2025,2026-05-20,Necessita validação manual,Site inferido automaticamente; validar antes da entrega.,2026-05-27
2932606,Urandi,BA,Bahia,15776,False,https://www.urandi.ba.gov.br/,BA acima de 15.000 habitantes,SIDRA 6579/v/9324/p/2025,2026-05-20,Necessita validação manual,Site inferido automaticamente; validar antes da entrega.,2026-05-27
2932705,Uruçuca,BA,Bahia,22155,False,https://www.urucuca.ba.gov.br/,BA acima de 15.000 habitantes,SIDRA 6579/v/9324/p/2025,2026-05-20,Necessita validação manual,Site inferido automaticamente; validar antes da entrega.,2026-05-27
2932804,Utinga,BA,Bahia,16645,False,https://www.utinga.ba.gov.br/,BA acima de 15.000 habitantes,SIDRA 6579/v/9324/p/2025,2026-05-20,Necessita validação manual,Site inferido automaticamente; validar antes da entrega.,2026-05-27
2933000,Valente,BA,Bahia,25132,False,https://www.valente.ba.gov.br/,BA acima de 15.000 habitantes,SIDRA 6579/v/9324/p/2025,2026-05-20,Necessita validação manual,Site inferido automaticamente; validar antes da entrega.,2026-05-27
2932903,Valença,BA,Bahia,90053,False,https://www.valenca.ba.gov.br/,BA acima de 15.000 habitantes,SIDRA 6579/v/9324/p/2025,2026-05-20,Necessita validação manual,Site inferido automaticamente; validar antes da entrega.,2026-05-27
2933208,Vera Cruz,BA,Bahia,45191,False,https://www.veracruz.ba.gov.br/,BA acima de 15.000 habitantes,SIDRA 6579/v/9324/p/2025,2026-05-20,Necessita validação manual,Site inferido automaticamente; validar antes da entrega.,2026-05-27
2933307,Vitória da Conquista,BA,Bahia,396613,False,,BA acima de 15.000 habitantes,SIDRA 6579/v/9324/p/2025,2026-05-20,Site não localizado,"Site não informado na base. Candidatos básicos: https://www.vitoriadaconquista.ba.gov.br/, https://vitoriadaconquista.ba.gov.br/, http://www.vitoriadaconquista.ba.gov.br/, http://vitoriadaconquista.ba.gov.br/, https://www.prefeitura.vitoriadaconquista.ba.gov.br/, https://prefeitura.vitoriadaconquista.ba.gov.br/, http://www.prefeitura.vitoriadaconquista.ba.gov.br/, http://prefeitura.vitoriadaconquista.ba.gov.br/, https://www.vitoriaconquista.ba.gov.br/, https://vitoriaconquista.ba.gov.br/, http://www.vitoriaconquista.ba.gov.br/, http://vitoriaconquista.ba.gov.br/, https://www.prefeitura.vitoriaconquista.ba.gov.br/, https://prefeitura.vitoriaconquista.ba.gov.br/, http://www.prefeitura.vitoriaconquista.ba.gov.br/, http://prefeitura.vitoriaconquista.ba.gov.br/, https://www.vitoriada.ba.gov.br/, https://vitoriada.ba.gov.br/, http://www.vitoriada.ba.gov.br/, http://vitoriada.ba.gov.br/, https://www.prefeitura.vitoriada.ba.gov.br/, https://prefeitura.vitoriada.ba.gov.br/, http://www.prefeitura.vitoriada.ba.gov.br/, http://prefeitura.vitoriada.ba.gov.br/. Busca web oficial falhou: HTTPSConnectionPool(host='duckduckgo.com', port=443): Max retries exceeded with url: /html/?q=prefeitura+Vit%C3%B3ria+da+Conquista+BA+site+oficial (Caused by ConnectTimeoutError(<HTTPSConnection(host='duckduckgo.com', port=443) at 0x2003bc80>, 'Connection to duckduckgo.com timed out. (connect timeout=8)'))",2026-05-27
2933505,Wenceslau Guimarães,BA,Bahia,25535,False,https://www.wenceslauguimaraes.ba.gov.br/,BA acima de 15.000 habitantes,SIDRA 6579/v/9324/p/2025,2026-05-20,Necessita validação manual,Site inferido automaticamente; validar antes da entrega.,2026-05-27
2933604,Xique-Xique,BA,Bahia,47019,False,https://www.xiquexique.ba.gov.br/,BA acima de 15.000 habitantes,SIDRA 6579/v/9324/p/2025,2026-05-20,Necessita validação manual,Site inferido automaticamente; validar antes da entrega.,2026-05-27
2304400,Fortaleza,CE,Ceará,2578483,True,https://www.fortaleza.ce.gov.br/,Capital dos demais estados/DF,SIDRA 6579/v/9324/p/2025,2026-05-20,Necessita validação manual,Site inferido automaticamente; validar antes da entrega.,2026-05-27
5300108,Brasília,DF,Distrito Federal,2996899,True,https://www.brasilia.df.gov.br/,Capital dos demais estados/DF,SIDRA 6579/v/9324/p/2025,2026-05-20,Necessita validação manual,Site inferido automaticamente; validar antes da entrega.,2026-05-27
3200102,Afonso Cláudio,ES,Espírito Santo,32456,False,https://www.afonsoclaudio.es.gov.br/,ES acima de 15.000 habitantes,SIDRA 6579/v/9324/p/2025,2026-05-20,Necessita validação manual,Site inferido automaticamente; validar antes da entrega.,2026-05-27
3200201,Alegre,ES,Espírito Santo,30702,False,https://www.alegre.es.gov.br/,ES acima de 15.000 habitantes,SIDRA 6579/v/9324/p/2025,2026-05-20,Necessita validação manual,Site inferido automaticamente; validar antes da entrega.,2026-05-27
3200409,Anchieta,ES,Espírito Santo,33017,False,https://www.anchieta.es.gov.br/,ES acima de 15.000 habitantes,SIDRA 6579/v/9324/p/2025,2026-05-20,Necessita validação manual,Site inferido automaticamente; validar antes da entrega.,2026-05-27
3200607,Aracruz,ES,Espírito Santo,103363,False,https://www.aracruz.es.gov.br/,ES acima de 15.000 habitantes,SIDRA 6579/v/9324/p/2025,2026-05-20,Necessita validação manual,Site inferido automaticamente; validar antes da entrega.,2026-05-27
3200805,Baixo Guandu,ES,Espírito Santo,32829,False,,ES acima de 15.000 habitantes,SIDRA 6579/v/9324/p/2025,2026-05-20,Site não localizado,"Site não informado na base. Candidatos básicos: https://www.baixoguandu.es.gov.br/, https://baixoguandu.es.gov.br/, http://www.baixoguandu.es.gov.br/, http://baixoguandu.es.gov.br/, https://www.prefeitura.baixoguandu.es.gov.br/, https://prefeitura.baixoguandu.es.gov.br/, http://www.prefeitura.baixoguandu.es.gov.br/, http://prefeitura.baixoguandu.es.gov.br/. Busca web oficial falhou: HTTPSConnectionPool(host='duckduckgo.com', port=443): Max retries exceeded with url: /html/?q=prefeitura+Baixo+Guandu+ES+site+oficial (Caused by ConnectTimeoutError(<HTTPSConnection(host='duckduckgo.com', port=443) at 0x21b863f0>, 'Connection to duckduckgo.com timed out. (connect timeout=8)'))",2026-05-27
3200904,Barra de São Francisco,ES,Espírito Santo,45415,False,,ES acima de 15.000 habitantes,SIDRA 6579/v/9324/p/2025,2026-05-20,Site não localizado,"Site não informado na base. Candidatos básicos: https://www.barradesaofrancisco.es.gov.br/, https://barradesaofrancisco.es.gov.br/, http://www.barradesaofrancisco.es.gov.br/, http://barradesaofrancisco.es.gov.br/, https://www.prefeitura.barradesaofrancisco.es.gov.br/, https://prefeitura.barradesaofrancisco.es.gov.br/, http://www.prefeitura.barradesaofrancisco.es.gov.br/, http://prefeitura.barradesaofrancisco.es.gov.br/, https://www.barrasaofrancisco.es.gov.br/, https://barrasaofrancisco.es.gov.br/, http://www.barrasaofrancisco.es.gov.br/, http://barrasaofrancisco.es.gov.br/, https://www.prefeitura.barrasaofrancisco.es.gov.br/, https://prefeitura.barrasaofrancisco.es.gov.br/, http://www.prefeitura.barrasaofrancisco.es.gov.br/, http://prefeitura.barrasaofrancisco.es.gov.br/, https://www.barrasao.es.gov.br/, https://barrasao.es.gov.br/, http://www.barrasao.es.gov.br/, http://barrasao.es.gov.br/, https://www.prefeitura.barrasao.es.gov.br/, https://prefeitura.barrasao.es.gov.br/, http://www.prefeitura.barrasao.es.gov.br/, http://prefeitura.barrasao.es.gov.br/, https://www.barrade.es.gov.br/, https://barrade.es.gov.br/, http://www.barrade.es.gov.br/, http://barrade.es.gov.br/, https://www.prefeitura.barrade.es.gov.br/, https://prefeitura.barrade.es.gov.br/, http://www.prefeitura.barrade.es.gov.br/, http://prefeitura.barrade.es.gov.br/. Busca web oficial falhou: HTTPSConnectionPool(host='duckduckgo.com', port=443): Max retries exceeded with url: /html/?q=prefeitura+Barra+de+S%C3%A3o+Francisco+ES+site+oficial (Caused by ConnectTimeoutError(<HTTPSConnection(host='duckduckgo.com', port=443) at 0x21bb0560>, 'Connection to duckduckgo.com timed out. (connect timeout=8)'))",2026-05-27
3201209,Cachoeiro de Itapemirim,ES,Espírito Santo,198342,False,,ES acima de 15.000 habitantes,SIDRA 6579/v/9324/p/2025,2026-05-20,Site não localizado,"Site não informado na base. Candidatos básicos: https://www.cachoeirodeitapemirim.es.gov.br/, https://cachoeirodeitapemirim.es.gov.br/, http://www.cachoeirodeitapemirim.es.gov.br/, http://cachoeirodeitapemirim.es.gov.br/, https://www.prefeitura.cachoeirodeitapemirim.es.gov.br/, https://prefeitura.cachoeirodeitapemirim.es.gov.br/, http://www.prefeitura.cachoeirodeitapemirim.es.gov.br/, http://prefeitura.cachoeirodeitapemirim.es.gov.br/, https://www.cachoeiroitapemirim.es.gov.br/, https://cachoeiroitapemirim.es.gov.br/, http://www.cachoeiroitapemirim.es.gov.br/, http://cachoeiroitapemirim.es.gov.br/, https://www.prefeitura.cachoeiroitapemirim.es.gov.br/, https://prefeitura.cachoeiroitapemirim.es.gov.br/, http://www.prefeitura.cachoeiroitapemirim.es.gov.br/, http://prefeitura.cachoeiroitapemirim.es.gov.br/, https://www.cachoeirode.es.gov.br/, https://cachoeirode.es.gov.br/, http://www.cachoeirode.es.gov.br/, http://cachoeirode.es.gov.br/, https://www.prefeitura.cachoeirode.es.gov.br/, https://prefeitura.cachoeirode.es.gov.br/, http://www.prefeitura.cachoeirode.es.gov.br/, http://prefeitura.cachoeirode.es.gov.br/. Busca web oficial falhou: HTTPSConnectionPool(host='duckduckgo.com', port=443): Max retries exceeded with url: /html/?q=prefeitura+Cachoeiro+de+Itapemirim+ES+site+oficial (Caused by ConnectTimeoutError(<HTTPSConnection(host='duckduckgo.com', port=443) at 0x202da8d0>, 'Connection to duckduckgo.com timed out. (connect timeout=8)'))",2026-05-27
3201308,Cariacica,ES,Espírito Santo,376200,False,https://www.cariacica.es.gov.br/,ES acima de 15.000 habitantes,SIDRA 6579/v/9324/p/2025,2026-05-20,Necessita validação manual,Site inferido automaticamente; validar antes da entrega.,2026-05-27
3201407,Castelo,ES,Espírito Santo,39575,False,https://www.castelo.es.gov.br/,ES acima de 15.000 habitantes,SIDRA 6579/v/9324/p/2025,2026-05-20,Necessita validação manual,Site inferido automaticamente; validar antes da entrega.,2026-05-27
3201506,Colatina,ES,Espírito Santo,129301,False,https://www.colatina.es.gov.br/,ES acima de 15.000 habitantes,SIDRA 6579/v/9324/p/2025,2026-05-20,Necessita validação manual,Site inferido automaticamente; validar antes da entrega.,2026-05-27
3201605,Conceição da Barra,ES,Espírito Santo,28923,False,https://www.conceicaodabarra.es.gov.br/,ES acima de 15.000 habitantes,SIDRA 6579/v/9324/p/2025,2026-05-20,Necessita validação manual,Site inferido automaticamente; validar antes da entrega.,2026-05-27
3201902,Domingos Martins,ES,Espírito Santo,38236,False,https://www.domingosmartins.es.gov.br/,ES acima de 15.000 habitantes,SIDRA 6579/v/9324/p/2025,2026-05-20,Necessita validação manual,Site inferido automaticamente; validar antes da entrega.,2026-05-27
3202108,Ecoporanga,ES,Espírito Santo,22611,False,https://www.ecoporanga.es.gov.br/,ES acima de 15.000 habitantes,SIDRA 6579/v/9324/p/2025,2026-05-20,Necessita validação manual,Site inferido automaticamente; validar antes da entrega.,2026-05-27
3202207,Fundão,ES,Espírito Santo,18898,False,https://www.fundao.es.gov.br/,ES acima de 15.000 habitantes,SIDRA 6579/v/9324/p/2025,2026-05-20,Necessita validação manual,Site inferido automaticamente; validar antes da entrega.,2026-05-27
3202405,Guarapari,ES,Espírito Santo,136311,False,https://www.guarapari.es.gov.br/,ES acima de 15.000 habitantes,SIDRA 6579/v/9324/p/2025,2026-05-20,Necessita validação manual,Site inferido automaticamente; validar antes da entrega.,2026-05-27
3202306,Guaçuí,ES,Espírito Santo,31418,False,https://www.guacui.es.gov.br/,ES acima de 15.000 habitantes,SIDRA 6579/v/9324/p/2025,2026-05-20,Necessita validação manual,Site inferido automaticamente; validar antes da entrega.,2026-05-27
3202454,Ibatiba,ES,Espírito Santo,27543,False,https://www.ibatiba.es.gov.br/,ES acima de 15.000 habitantes,SIDRA 6579/v/9324/p/2025,2026-05-20,Necessita validação manual,Site inferido automaticamente; validar antes da entrega.,2026-05-27
3202801,Itapemirim,ES,Espírito Santo,44020,False,https://www.itapemirim.es.gov.br/,ES acima de 15.000 habitantes,SIDRA 6579/v/9324/p/2025,2026-05-20,Necessita validação manual,Site inferido automaticamente; validar antes da entrega.,2026-05-27
3203007,Iúna,ES,Espírito Santo,30556,False,https://www.iuna.es.gov.br/,ES acima de 15.000 habitantes,SIDRA 6579/v/9324/p/2025,2026-05-20,Necessita validação manual,Site inferido automaticamente; validar antes da entrega.,2026-05-27
3203056,Jaguaré,ES,Espírito Santo,31551,False,https://www.jaguare.es.gov.br/,ES acima de 15.000 habitantes,SIDRA 6579/v/9324/p/2025,2026-05-20,Necessita validação manual,Site inferido automaticamente; validar antes da entrega.,2026-05-27
3203205,Linhares,ES,Espírito Santo,183797,False,https://www.linhares.es.gov.br/,ES acima de 15.000 habitantes,SIDRA 6579/v/9324/p/2025,2026-05-20,Necessita validação manual,Site inferido automaticamente; validar antes da entrega.,2026-05-27
3203320,Marataízes,ES,Espírito Santo,45953,False,https://www.marataizes.es.gov.br/,ES acima de 15.000 habitantes,SIDRA 6579/v/9324/p/2025,2026-05-20,Necessita validação manual,Site inferido automaticamente; validar antes da entrega.,2026-05-27
3203346,Marechal Floriano,ES,Espírito Santo,18964,False,https://www.marechalfloriano.es.gov.br/,ES acima de 15.000 habitantes,SIDRA 6579/v/9324/p/2025,2026-05-20,Necessita validação manual,Site inferido automaticamente; validar antes da entrega.,2026-05-27
3203403,Mimoso do Sul,ES,Espírito Santo,25088,False,https://www.mimosodosul.es.gov.br/,ES acima de 15.000 habitantes,SIDRA 6579/v/9324/p/2025,2026-05-20,Necessita validação manual,Site inferido automaticamente; validar antes da entrega.,2026-05-27
3203502,Montanha,ES,Espírito Santo,19830,False,https://www.montanha.es.gov.br/,ES acima de 15.000 habitantes,SIDRA 6579/v/9324/p/2025,2026-05-20,Necessita validação manual,Site inferido automaticamente; validar antes da entrega.,2026-05-27
3203700,Muniz Freire,ES,Espírito Santo,18809,False,https://www.munizfreire.es.gov.br/,ES acima de 15.000 habitantes,SIDRA 6579/v/9324/p/2025,2026-05-20,Necessita validação manual,Site inferido automaticamente; validar antes da entrega.,2026-05-27
3203908,Nova Venécia,ES,Espírito Santo,52324,False,https://www.novavenecia.es.gov.br/,ES acima de 15.000 habitantes,SIDRA 6579/v/9324/p/2025,2026-05-20,Necessita validação manual,Site inferido automaticamente; validar antes da entrega.,2026-05-27
3204005,Pancas,ES,Espírito Santo,19120,False,https://www.pancas.es.gov.br/,ES acima de 15.000 habitantes,SIDRA 6579/v/9324/p/2025,2026-05-20,Necessita validação manual,Site inferido automaticamente; validar antes da entrega.,2026-05-27
3204054,Pedro Canário,ES,Espírito Santo,21923,False,https://www.pedrocanario.es.gov.br/,ES acima de 15.000 habitantes,SIDRA 6579/v/9324/p/2025,2026-05-20,Necessita validação manual,Site inferido automaticamente; validar antes da entrega.,2026-05-27
3204104,Pinheiros,ES,Espírito Santo,24843,False,https://www.pinheiros.es.gov.br/,ES acima de 15.000 habitantes,SIDRA 6579/v/9324/p/2025,2026-05-20,Necessita validação manual,Site inferido automaticamente; validar antes da entrega.,2026-05-27
3204203,Piúma,ES,Espírito Santo,23912,False,https://www.piuma.es.gov.br/,ES acima de 15.000 habitantes,SIDRA 6579/v/9324/p/2025,2026-05-20,Necessita validação manual,Site inferido automaticamente; validar antes da entrega.,2026-05-27
3204351,Rio Bananal,ES,Espírito Santo,20350,False,https://www.riobananal.es.gov.br/,ES acima de 15.000 habitantes,SIDRA 6579/v/9324/p/2025,2026-05-20,Necessita validação manual,Site inferido automaticamente; validar antes da entrega.,2026-05-27
3204559,Santa Maria de Jetibá,ES,Espírito Santo,45575,False,,ES acima de 15.000 habitantes,SIDRA 6579/v/9324/p/2025,2026-05-20,Site não localizado,"Site não informado na base. Candidatos básicos: https://www.santamariadejetiba.es.gov.br/, https://santamariadejetiba.es.gov.br/, http://www.santamariadejetiba.es.gov.br/, http://santamariadejetiba.es.gov.br/, https://www.prefeitura.santamariadejetiba.es.gov.br/, https://prefeitura.santamariadejetiba.es.gov.br/, http://www.prefeitura.santamariadejetiba.es.gov.br/, http://prefeitura.santamariadejetiba.es.gov.br/, https://www.santamariajetiba.es.gov.br/, https://santamariajetiba.es.gov.br/, http://www.santamariajetiba.es.gov.br/, http://santamariajetiba.es.gov.br/, https://www.prefeitura.santamariajetiba.es.gov.br/, https://prefeitura.santamariajetiba.es.gov.br/, http://www.prefeitura.santamariajetiba.es.gov.br/, http://prefeitura.santamariajetiba.es.gov.br/, https://www.santamaria.es.gov.br/, https://santamaria.es.gov.br/, http://www.santamaria.es.gov.br/, http://santamaria.es.gov.br/, https://www.prefeitura.santamaria.es.gov.br/, https://prefeitura.santamaria.es.gov.br/, http://www.prefeitura.santamaria.es.gov.br/, http://prefeitura.santamaria.es.gov.br/. Busca web oficial falhou: HTTPSConnectionPool(host='duckduckgo.com', port=443): Max retries exceeded with url: /html/?q=prefeitura+Santa+Maria+de+Jetib%C3%A1+ES+site+oficial (Caused by ConnectTimeoutError(<HTTPSConnection(host='duckduckgo.com', port=443) at 0x21bc43b0>, 'Connection to duckduckgo.com timed out. (connect timeout=8)'))",2026-05-27
3204609,Santa Teresa,ES,Espírito Santo,23872,False,https://www.santateresa.es.gov.br/,ES acima de 15.000 habitantes,SIDRA 6579/v/9324/p/2025,2026-05-20,Necessita validação manual,Site inferido automaticamente; validar antes da entrega.,2026-05-27
3205002,Serra,ES,Espírito Santo,579720,False,https://www.serra.es.gov.br/,ES acima de 15.000 habitantes,SIDRA 6579/v/9324/p/2025,2026-05-20,Necessita validação manual,Site inferido automaticamente; validar antes da entrega.,2026-05-27
3205010,Sooretama,ES,Espírito Santo,28668,False,https://www.sooretama.es.gov.br/,ES acima de 15.000 habitantes,SIDRA 6579/v/9324/p/2025,2026-05-20,Necessita validação manual,Site inferido automaticamente; validar antes da entrega.,2026-05-27
3204708,São Gabriel da Palha,ES,Espírito Santo,34272,False,https://www.saogabriel.es.gov.br/,ES acima de 15.000 habitantes,SIDRA 6579/v/9324/p/2025,2026-05-20,Necessita validação manual,Site inferido automaticamente; validar antes da entrega.,2026-05-27
3204906,São Mateus,ES,Espírito Santo,134423,False,https://www.saomateus.es.gov.br/,ES acima de 15.000 habitantes,SIDRA 6579/v/9324/p/2025,2026-05-20,Necessita validação manual,Site inferido automaticamente; validar antes da entrega.,2026-05-27
3205036,Vargem Alta,ES,Espírito Santo,20390,False,https://www.vargemalta.es.gov.br/,ES acima de 15.000 habitantes,SIDRA 6579/v/9324/p/2025,2026-05-20,Necessita validação manual,Site inferido automaticamente; validar antes da entrega.,2026-05-27
3205069,Venda Nova do Imigrante,ES,Espírito Santo,25395,False,https://www.vendanova.es.gov.br/,ES acima de 15.000 habitantes,SIDRA 6579/v/9324/p/2025,2026-05-20,Necessita validação manual,Site inferido automaticamente; validar antes da entrega.,2026-05-27
3205101,Viana,ES,Espírito Santo,79043,False,https://viana.es.gov.br/,ES acima de 15.000 habitantes,SIDRA 6579/v/9324/p/2025,2026-05-20,Necessita validação manual,Site inferido automaticamente; validar antes da entrega.,2026-05-27
3205200,Vila Velha,ES,Espírito Santo,506779,False,https://www.vilavelha.es.gov.br/,ES acima de 15.000 habitantes,SIDRA 6579/v/9324/p/2025,2026-05-20,Necessita validação manual,Site inferido automaticamente; validar antes da entrega.,2026-05-27
3205309,Vitória,ES,Espírito Santo,343378,True,https://www.vitoria.es.gov.br/,ES acima de 15.000 habitantes,SIDRA 6579/v/9324/p/2025,2026-05-20,Necessita validação manual,Site inferido automaticamente; validar antes da entrega.,2026-05-27
5200050,Abadia de Goiás,GO,Goiás,22052,False,https://www.abadiadegoias.go.gov.br/,GO acima de 15.000 habitantes,SIDRA 6579/v/9324/p/2025,2026-05-20,Necessita validação manual,Site inferido automaticamente; validar antes da entrega.,2026-05-27
5200100,Abadiânia,GO,Goiás,17738,False,https://www.abadiania.go.gov.br/,GO acima de 15.000 habitantes,SIDRA 6579/v/9324/p/2025,2026-05-20,Necessita validação manual,Site inferido automaticamente; validar antes da entrega.,2026-05-27
5200134,Acreúna,GO,Goiás,22079,False,https://www.acreuna.go.gov.br/,GO acima de 15.000 habitantes,SIDRA 6579/v/9324/p/2025,2026-05-20,Necessita validação manual,Site inferido automaticamente; validar antes da entrega.,2026-05-27
5200308,Alexânia,GO,Goiás,28244,False,https://www.alexania.go.gov.br/,GO acima de 15.000 habitantes,SIDRA 6579/v/9324/p/2025,2026-05-20,Necessita validação manual,Site inferido automaticamente; validar antes da entrega.,2026-05-27
5201306,Anicuns,GO,Goiás,18306,False,https://www.anicuns.go.gov.br/,GO acima de 15.000 habitantes,SIDRA 6579/v/9324/p/2025,2026-05-20,Necessita validação manual,Site inferido automaticamente; validar antes da entrega.,2026-05-27
5201108,Anápolis,GO,Goiás,420300,False,https://www.anapolis.go.gov.br/,GO acima de 15.000 habitantes,SIDRA 6579/v/9324/p/2025,2026-05-20,Necessita validação manual,Site inferido automaticamente; validar antes da entrega.,2026-05-27
5201405,Aparecida de Goiânia,GO,Goiás,556021,False,,GO acima de 15.000 habitantes,SIDRA 6579/v/9324/p/2025,2026-05-20,Site não localizado,"Site não informado na base. Candidatos básicos: https://www.aparecidadegoiania.go.gov.br/, https://aparecidadegoiania.go.gov.br/, http://www.aparecidadegoiania.go.gov.br/, http://aparecidadegoiania.go.gov.br/, https://www.prefeitura.aparecidadegoiania.go.gov.br/, https://prefeitura.aparecidadegoiania.go.gov.br/, http://www.prefeitura.aparecidadegoiania.go.gov.br/, http://prefeitura.aparecidadegoiania.go.gov.br/, https://www.aparecidagoiania.go.gov.br/, https://aparecidagoiania.go.gov.br/, http://www.aparecidagoiania.go.gov.br/, http://aparecidagoiania.go.gov.br/, https://www.prefeitura.aparecidagoiania.go.gov.br/, https://prefeitura.aparecidagoiania.go.gov.br/, http://www.prefeitura.aparecidagoiania.go.gov.br/, http://prefeitura.aparecidagoiania.go.gov.br/, https://www.aparecidade.go.gov.br/, https://aparecidade.go.gov.br/, http://www.aparecidade.go.gov.br/, http://aparecidade.go.gov.br/, https://www.prefeitura.aparecidade.go.gov.br/, https://prefeitura.aparecidade.go.gov.br/, http://www.prefeitura.aparecidade.go.gov.br/, http://prefeitura.aparecidade.go.gov.br/. Busca web oficial falhou: HTTPSConnectionPool(host='duckduckgo.com', port=443): Max retries exceeded with url: /html/?q=prefeitura+Aparecida+de+Goi%C3%A2nia+GO+site+oficial (Caused by ConnectTimeoutError(<HTTPSConnection(host='duckduckgo.com', port=443) at 0x21bb2f60>, 'Connection to duckduckgo.com timed out. (connect timeout=8)'))",2026-05-27
5201702,Aragarças,GO,Goiás,18601,False,https://www.aragarcas.go.gov.br/,GO acima de 15.000 habitantes,SIDRA 6579/v/9324/p/2025,2026-05-20,Necessita validação manual,Site inferido automaticamente; validar antes da entrega.,2026-05-27
5203302,Bela Vista de Goiás,GO,Goiás,37305,False,https://www.belavista.go.gov.br/,GO acima de 15.000 habitantes,SIDRA 6579/v/9324/p/2025,2026-05-20,Necessita validação manual,Site inferido automaticamente; validar antes da entrega.,2026-05-27
5203500,Bom Jesus de Goiás,GO,Goiás,24925,False,https://www.bomjesus.go.gov.br/,GO acima de 15.000 habitantes,SIDRA 6579/v/9324/p/2025,2026-05-20,Necessita validação manual,Site inferido automaticamente; validar antes da entrega.,2026-05-27
5204409,Caiapônia,GO,Goiás,16628,False,https://www.caiaponia.go.gov.br/,GO acima de 15.000 habitantes,SIDRA 6579/v/9324/p/2025,2026-05-20,Necessita validação manual,Site inferido automaticamente; validar antes da entrega.,2026-05-27
5204508,Caldas Novas,GO,Goiás,106820,False,https://www.caldasnovas.go.gov.br/,GO acima de 15.000 habitantes,SIDRA 6579/v/9324/p/2025,2026-05-20,Necessita validação manual,Site inferido automaticamente; validar antes da entrega.,2026-05-27
5204904,Campos Belos,GO,Goiás,18227,False,https://www.camposbelos.go.gov.br/,GO acima de 15.000 habitantes,SIDRA 6579/v/9324/p/2025,2026-05-20,Necessita validação manual,Site inferido automaticamente; validar antes da entrega.,2026-05-27
5205109,Catalão,GO,Goiás,122760,False,https://www.catalao.go.gov.br/,GO acima de 15.000 habitantes,SIDRA 6579/v/9324/p/2025,2026-05-20,Necessita validação manual,Site inferido automaticamente; validar antes da entrega.,2026-05-27
5205406,Ceres,GO,Goiás,22570,False,https://www.ceres.go.gov.br/,GO acima de 15.000 habitantes,SIDRA 6579/v/9324/p/2025,2026-05-20,Necessita validação manual,Site inferido automaticamente; validar antes da entrega.,2026-05-27
5205497,Cidade Ocidental,GO,Goiás,101570,False,https://www.cidadeocidental.go.gov.br/,GO acima de 15.000 habitantes,SIDRA 6579/v/9324/p/2025,2026-05-20,Necessita validação manual,Site inferido automaticamente; validar antes da entrega.,2026-05-27
5205513,Cocalzinho de Goiás,GO,Goiás,27196,False,,GO acima de 15.000 habitantes,SIDRA 6579/v/9324/p/2025,2026-05-20,Site não localizado,"Site não informado na base. Candidatos básicos: https://www.cocalzinhodegoias.go.gov.br/, https://cocalzinhodegoias.go.gov.br/, http://www.cocalzinhodegoias.go.gov.br/, http://cocalzinhodegoias.go.gov.br/, https://www.prefeitura.cocalzinhodegoias.go.gov.br/, https://prefeitura.cocalzinhodegoias.go.gov.br/, http://www.prefeitura.cocalzinhodegoias.go.gov.br/, http://prefeitura.cocalzinhodegoias.go.gov.br/, https://www.cocalzinhogoias.go.gov.br/, https://cocalzinhogoias.go.gov.br/, http://www.cocalzinhogoias.go.gov.br/, http://cocalzinhogoias.go.gov.br/, https://www.prefeitura.cocalzinhogoias.go.gov.br/, https://prefeitura.cocalzinhogoias.go.gov.br/, http://www.prefeitura.cocalzinhogoias.go.gov.br/, http://prefeitura.cocalzinhogoias.go.gov.br/, https://www.cocalzinhode.go.gov.br/, https://cocalzinhode.go.gov.br/, http://www.cocalzinhode.go.gov.br/, http://cocalzinhode.go.gov.br/, https://www.prefeitura.cocalzinhode.go.gov.br/, https://prefeitura.cocalzinhode.go.gov.br/, http://www.prefeitura.cocalzinhode.go.gov.br/, http://prefeitura.cocalzinhode.go.gov.br/. Busca web oficial falhou: HTTPSConnectionPool(host='duckduckgo.com', port=443): Max retries exceeded with url: /html/?q=prefeitura+Cocalzinho+de+Goi%C3%A1s+GO+site+oficial (Caused by ConnectTimeoutError(<HTTPSConnection(host='duckduckgo.com', port=443) at 0x21bb2420>, 'Connection to duckduckgo.com timed out. (connect timeout=8)'))",2026-05-27
5206206,Cristalina,GO,Goiás,66827,False,https://www.cristalina.go.gov.br/,GO acima de 15.000 habitantes,SIDRA 6579/v/9324/p/2025,2026-05-20,Necessita validação manual,Site inferido automaticamente; validar antes da entrega.,2026-05-27
5206404,Crixás,GO,Goiás,17532,False,https://www.crixas.go.gov.br/,GO acima de 15.000 habitantes,SIDRA 6579/v/9324/p/2025,2026-05-20,Necessita validação manual,Site inferido automaticamente; validar antes da entrega.,2026-05-27
5208004,Formosa,GO,Goiás,121559,False,https://www.formosa.go.gov.br/,GO acima de 15.000 habitantes,SIDRA 6579/v/9324/p/2025,2026-05-20,Necessita validação manual,Site inferido automaticamente; validar antes da entrega.,2026-05-27
5208806,Goianira,GO,Goiás,81495,False,https://www.goianira.go.gov.br/,GO acima de 15.000 habitantes,SIDRA 6579/v/9324/p/2025,2026-05-20,Necessita validação manual,Site inferido automaticamente; validar antes da entrega.,2026-05-27
5208608,Goianésia,GO,Goiás,78009,False,https://www.goianesia.go.gov.br/,GO acima de 15.000 habitantes,SIDRA 6579/v/9324/p/2025,2026-05-20,Necessita validação manual,Site inferido automaticamente; validar antes da entrega.,2026-05-27
5209101,Goiatuba,GO,Goiás,36984,False,https://www.goiatuba.go.gov.br/,GO acima de 15.000 habitantes,SIDRA 6579/v/9324/p/2025,2026-05-20,Necessita validação manual,Site inferido automaticamente; validar antes da entrega.,2026-05-27
5208905,Goiás,GO,Goiás,24172,False,https://www.goias.go.gov.br/,GO acima de 15.000 habitantes,SIDRA 6579/v/9324/p/2025,2026-05-20,Necessita validação manual,Site inferido automaticamente; validar antes da entrega.,2026-05-27
5208707,Goiânia,GO,Goiás,1503256,True,https://www.goiania.go.gov.br/,GO acima de 15.000 habitantes,SIDRA 6579/v/9324/p/2025,2026-05-20,Necessita validação manual,Site inferido automaticamente; validar antes da entrega.,2026-05-27
5209200,Guapó,GO,Goiás,20985,False,https://www.guapo.go.gov.br/,GO acima de 15.000 habitantes,SIDRA 6579/v/9324/p/2025,2026-05-20,Necessita validação manual,Site inferido automaticamente; validar antes da entrega.,2026-05-27
5209705,Hidrolândia,GO,Goiás,30587,False,https://www.hidrolandia.go.gov.br/,GO acima de 15.000 habitantes,SIDRA 6579/v/9324/p/2025,2026-05-20,Necessita validação manual,Site inferido automaticamente; validar antes da entrega.,2026-05-27
5209952,Indiara,GO,Goiás,17985,False,https://www.indiara.go.gov.br/,GO acima de 15.000 habitantes,SIDRA 6579/v/9324/p/2025,2026-05-20,Necessita validação manual,Site inferido automaticamente; validar antes da entrega.,2026-05-27
5210000,Inhumas,GO,Goiás,53884,False,https://www.inhumas.go.gov.br/,GO acima de 15.000 habitantes,SIDRA 6579/v/9324/p/2025,2026-05-20,Necessita validação manual,Site inferido automaticamente; validar antes da entrega.,2026-05-27
5210109,Ipameri,GO,Goiás,26223,False,https://www.ipameri.go.gov.br/,GO acima de 15.000 habitantes,SIDRA 6579/v/9324/p/2025,2026-05-20,Necessita validação manual,Site inferido automaticamente; validar antes da entrega.,2026-05-27
5210208,Iporá,GO,Goiás,37283,False,https://www.ipora.go.gov.br/,GO acima de 15.000 habitantes,SIDRA 6579/v/9324/p/2025,2026-05-20,Necessita validação manual,Site inferido automaticamente; validar antes da entrega.,2026-05-27
5210406,Itaberaí,GO,Goiás,47603,False,https://www.itaberai.go.gov.br/,GO acima de 15.000 habitantes,SIDRA 6579/v/9324/p/2025,2026-05-20,Necessita validação manual,Site inferido automaticamente; validar antes da entrega.,2026-05-27
5210901,Itapaci,GO,Goiás,21891,False,https://www.itapaci.go.gov.br/,GO acima de 15.000 habitantes,SIDRA 6579/v/9324/p/2025,2026-05-20,Necessita validação manual,Site inferido automaticamente; validar antes da entrega.,2026-05-27
5211206,Itapuranga,GO,Goiás,26553,False,https://www.itapuranga.go.gov.br/,GO acima de 15.000 habitantes,SIDRA 6579/v/9324/p/2025,2026-05-20,Necessita validação manual,Site inferido automaticamente; validar antes da entrega.,2026-05-27
5211503,Itumbiara,GO,Goiás,113322,False,https://www.itumbiara.go.gov.br/,GO acima de 15.000 habitantes,SIDRA 6579/v/9324/p/2025,2026-05-20,Necessita validação manual,Site inferido automaticamente; validar antes da entrega.,2026-05-27
5211800,Jaraguá,GO,Goiás,46633,False,https://www.jaragua.go.gov.br/,GO acima de 15.000 habitantes,SIDRA 6579/v/9324/p/2025,2026-05-20,Necessita validação manual,Site inferido automaticamente; validar antes da entrega.,2026-05-27
5211909,Jataí,GO,Goiás,111634,False,https://www.jatai.go.gov.br/,GO acima de 15.000 habitantes,SIDRA 6579/v/9324/p/2025,2026-05-20,Necessita validação manual,Site inferido automaticamente; validar antes da entrega.,2026-05-27
5212204,Jussara,GO,Goiás,19926,False,https://www.jussara.go.gov.br/,GO acima de 15.000 habitantes,SIDRA 6579/v/9324/p/2025,2026-05-20,Necessita validação manual,Site inferido automaticamente; validar antes da entrega.,2026-05-27
5212501,Luziânia,GO,Goiás,221262,False,https://www.luziania.go.gov.br/,GO acima de 15.000 habitantes,SIDRA 6579/v/9324/p/2025,2026-05-20,Necessita validação manual,Site inferido automaticamente; validar antes da entrega.,2026-05-27
5213087,Minaçu,GO,Goiás,26616,False,https://www.minacu.go.gov.br/,GO acima de 15.000 habitantes,SIDRA 6579/v/9324/p/2025,2026-05-20,Necessita validação manual,Site inferido automaticamente; validar antes da entrega.,2026-05-27
5213103,Mineiros,GO,Goiás,74999,False,https://www.mineiros.go.gov.br/,GO acima de 15.000 habitantes,SIDRA 6579/v/9324/p/2025,2026-05-20,Necessita validação manual,Site inferido automaticamente; validar antes da entrega.,2026-05-27
5213806,Morrinhos,GO,Goiás,54326,False,https://www.morrinhos.go.gov.br/,GO acima de 15.000 habitantes,SIDRA 6579/v/9324/p/2025,2026-05-20,Necessita validação manual,Site inferido automaticamente; validar antes da entrega.,2026-05-27
5214002,Mozarlândia,GO,Goiás,15199,False,https://www.mozarlandia.go.gov.br/,GO acima de 15.000 habitantes,SIDRA 6579/v/9324/p/2025,2026-05-20,Necessita validação manual,Site inferido automaticamente; validar antes da entrega.,2026-05-27
5214507,Nerópolis,GO,Goiás,34273,False,https://www.neropolis.go.gov.br/,GO acima de 15.000 habitantes,SIDRA 6579/v/9324/p/2025,2026-05-20,Necessita validação manual,Site inferido automaticamente; validar antes da entrega.,2026-05-27
5214606,Niquelândia,GO,Goiás,33890,False,https://www.niquelandia.go.gov.br/,GO acima de 15.000 habitantes,SIDRA 6579/v/9324/p/2025,2026-05-20,Necessita validação manual,Site inferido automaticamente; validar antes da entrega.,2026-05-27
5215231,Novo Gama,GO,Goiás,107663,False,https://www.novogama.go.gov.br/,GO acima de 15.000 habitantes,SIDRA 6579/v/9324/p/2025,2026-05-20,Necessita validação manual,Site inferido automaticamente; validar antes da entrega.,2026-05-27
5215306,Orizona,GO,Goiás,17035,False,https://www.orizona.go.gov.br/,GO acima de 15.000 habitantes,SIDRA 6579/v/9324/p/2025,2026-05-20,Necessita validação manual,Site inferido automaticamente; validar antes da entrega.,2026-05-27
5215603,Padre Bernardo,GO,Goiás,37207,False,https://www.padrebernardo.go.gov.br/,GO acima de 15.000 habitantes,SIDRA 6579/v/9324/p/2025,2026-05-20,Necessita validação manual,Site inferido automaticamente; validar antes da entrega.,2026-05-27
5215702,Palmeiras de Goiás,GO,Goiás,34375,False,https://www.palmeirasdegoias.go.gov.br/,GO acima de 15.000 habitantes,SIDRA 6579/v/9324/p/2025,2026-05-20,Necessita validação manual,Site inferido automaticamente; validar antes da entrega.,2026-05-27
5217104,Piracanjuba,GO,Goiás,25373,False,https://www.piracanjuba.go.gov.br/,GO acima de 15.000 habitantes,SIDRA 6579/v/9324/p/2025,2026-05-20,Necessita validação manual,Site inferido automaticamente; validar antes da entrega.,2026-05-27
5217302,Pirenópolis,GO,Goiás,28028,False,https://www.pirenopolis.go.gov.br/,GO acima de 15.000 habitantes,SIDRA 6579/v/9324/p/2025,2026-05-20,Necessita validação manual,Site inferido automaticamente; validar antes da entrega.,2026-05-27
5217401,Pires do Rio,GO,Goiás,33736,False,https://www.piresdorio.go.gov.br/,GO acima de 15.000 habitantes,SIDRA 6579/v/9324/p/2025,2026-05-20,Necessita validação manual,Site inferido automaticamente; validar antes da entrega.,2026-05-27
5217609,Planaltina,GO,Goiás,112304,False,https://www.planaltina.go.gov.br/,GO acima de 15.000 habitantes,SIDRA 6579/v/9324/p/2025,2026-05-20,Necessita validação manual,Site inferido automaticamente; validar antes da entrega.,2026-05-27
5217708,Pontalina,GO,Goiás,18763,False,https://www.pontalina.go.gov.br/,GO acima de 15.000 habitantes,SIDRA 6579/v/9324/p/2025,2026-05-20,Necessita validação manual,Site inferido automaticamente; validar antes da entrega.,2026-05-27
5218003,Porangatu,GO,Goiás,45512,False,https://www.porangatu.go.gov.br/,GO acima de 15.000 habitantes,SIDRA 6579/v/9324/p/2025,2026-05-20,Necessita validação manual,Site inferido automaticamente; validar antes da entrega.,2026-05-27
5218300,Posse,GO,Goiás,36291,False,https://www.posse.go.gov.br/,GO acima de 15.000 habitantes,SIDRA 6579/v/9324/p/2025,2026-05-20,Necessita validação manual,Site inferido automaticamente; validar antes da entrega.,2026-05-27
5218508,Quirinópolis,GO,Goiás,50329,False,https://www.quirinopolis.go.gov.br/,GO acima de 15.000 habitantes,SIDRA 6579/v/9324/p/2025,2026-05-20,Necessita validação manual,Site inferido automaticamente; validar antes da entrega.,2026-05-27
5218805,Rio Verde,GO,Goiás,241494,False,https://www.rioverde.go.gov.br/,GO acima de 15.000 habitantes,SIDRA 6579/v/9324/p/2025,2026-05-20,Necessita validação manual,Site inferido automaticamente; validar antes da entrega.,2026-05-27
5218904,Rubiataba,GO,Goiás,20186,False,https://www.rubiataba.go.gov.br/,GO acima de 15.000 habitantes,SIDRA 6579/v/9324/p/2025,2026-05-20,Necessita validação manual,Site inferido automaticamente; validar antes da entrega.,2026-05-27
5219308,Santa Helena de Goiás,GO,Goiás,39601,False,https://www.santahelena.go.gov.br/,GO acima de 15.000 habitantes,SIDRA 6579/v/9324/p/2025,2026-05-20,Necessita validação manual,Site inferido automaticamente; validar antes da entrega.,2026-05-27
5219753,Santo Antônio do Descoberto,GO,Goiás,75221,False,https://www.santoantoniododescoberto.go.gov.br/,GO acima de 15.000 habitantes,SIDRA 6579/v/9324/p/2025,2026-05-20,Necessita validação manual,Site inferido automaticamente; validar antes da entrega.,2026-05-27
5220454,Senador Canedo,GO,Goiás,175042,False,https://www.senadorcanedo.go.gov.br/,GO acima de 15.000 habitantes,SIDRA 6579/v/9324/p/2025,2026-05-20,Necessita validação manual,Site inferido automaticamente; validar antes da entrega.,2026-05-27
5220603,Silvânia,GO,Goiás,23150,False,https://www.silvania.go.gov.br/,GO acima de 15.000 habitantes,SIDRA 6579/v/9324/p/2025,2026-05-20,Necessita validação manual,Site inferido automaticamente; validar antes da entrega.,2026-05-27
5220009,São João d'Aliança,GO,Goiás,15026,False,https://www.saojoaodalianca.go.gov.br/,GO acima de 15.000 habitantes,SIDRA 6579/v/9324/p/2025,2026-05-20,Necessita validação manual,Site inferido automaticamente; validar antes da entrega.,2026-05-27
5220108,São Luís de Montes Belos,GO,Goiás,35288,False,https://www.saoluisdemontesbelos.go.gov.br/,GO acima de 15.000 habitantes,SIDRA 6579/v/9324/p/2025,2026-05-20,Necessita validação manual,Site inferido automaticamente; validar antes da entrega.,2026-05-27
5220207,São Miguel do Araguaia,GO,Goiás,22040,False,https://www.saomigueldoaraguaia.go.gov.br/,GO acima de 15.000 habitantes,SIDRA 6579/v/9324/p/2025,2026-05-20,Necessita validação manual,Site inferido automaticamente; validar antes da entrega.,2026-05-27
5220405,São Simão,GO,Goiás,17181,False,https://www.saosimao.go.gov.br/,GO acima de 15.000 habitantes,SIDRA 6579/v/9324/p/2025,2026-05-20,Necessita validação manual,Site inferido automaticamente; validar antes da entrega.,2026-05-27
5221403,Trindade,GO,Goiás,153560,False,https://www.trindade.go.gov.br/,GO acima de 15.000 habitantes,SIDRA 6579/v/9324/p/2025,2026-05-20,Necessita validação manual,Site inferido automaticamente; validar antes da entrega.,2026-05-27
5221601,Uruaçu,GO,Goiás,44533,False,https://www.uruacu.go.gov.br/,GO acima de 15.000 habitantes,SIDRA 6579/v/9324/p/2025,2026-05-20,Necessita validação manual,Site inferido automaticamente; validar antes da entrega.,2026-05-27
5221858,Valparaíso de Goiás,GO,Goiás,218416,False,https://www.valparaisodegoias.go.gov.br/,GO acima de 15.000 habitantes,SIDRA 6579/v/9324/p/2025,2026-05-20,Necessita validação manual,Site inferido automaticamente; validar antes da entrega.,2026-05-27
5222005,Vianópolis,GO,Goiás,15644,False,https://www.vianopolis.go.gov.br/,GO acima de 15.000 habitantes,SIDRA 6579/v/9324/p/2025,2026-05-20,Necessita validação manual,Site inferido automaticamente; validar antes da entrega.,2026-05-27
5200258,Águas Lindas de Goiás,GO,Goiás,245352,False,https://www.aguaslindasdegoias.go.gov.br/,GO acima de 15.000 habitantes,SIDRA 6579/v/9324/p/2025,2026-05-20,Necessita validação manual,Site inferido automaticamente; validar antes da entrega.,2026-05-27
2111300,São Luís,MA,Maranhão,1089215,True,https://www.saoluis.ma.gov.br/,Capital dos demais estados/DF,SIDRA 6579/v/9324/p/2025,2026-05-20,Necessita validação manual,Site inferido automaticamente; validar antes da entrega.,2026-05-27
3100203,Abaeté,MG,Minas Gerais,23173,False,https://www.abaete.mg.gov.br/,MG acima de 15.000 habitantes,SIDRA 6579/v/9324/p/2025,2026-05-20,Necessita validação manual,Site inferido automaticamente; validar antes da entrega.,2026-05-27
3101102,Aimorés,MG,Minas Gerais,26212,False,https://www.aimores.mg.gov.br/,MG acima de 15.000 habitantes,SIDRA 6579/v/9324/p/2025,2026-05-20,Necessita validação manual,Site inferido automaticamente; validar antes da entrega.,2026-05-27
3101607,Alfenas,MG,Minas Gerais,82303,False,https://www.alfenas.mg.gov.br/,MG acima de 15.000 habitantes,SIDRA 6579/v/9324/p/2025,2026-05-20,Necessita validação manual,Site inferido automaticamente; validar antes da entrega.,2026-05-27
3101706,Almenara,MG,Minas Gerais,42019,False,https://www.almenara.mg.gov.br/,MG acima de 15.000 habitantes,SIDRA 6579/v/9324/p/2025,2026-05-20,Necessita validação manual,Site inferido automaticamente; validar antes da entrega.,2026-05-27
3101904,Alpinópolis,MG,Minas Gerais,18673,False,https://www.alpinopolis.mg.gov.br/,MG acima de 15.000 habitantes,SIDRA 6579/v/9324/p/2025,2026-05-20,Necessita validação manual,Site inferido automaticamente; validar antes da entrega.,2026-05-27
3102308,Alvinópolis,MG,Minas Gerais,15358,False,https://www.alvinopolis.mg.gov.br/,MG acima de 15.000 habitantes,SIDRA 6579/v/9324/p/2025,2026-05-20,Necessita validação manual,Site inferido automaticamente; validar antes da entrega.,2026-05-27
3101508,Além Paraíba,MG,Minas Gerais,31159,False,https://www.alemparaiba.mg.gov.br/,MG acima de 15.000 habitantes,SIDRA 6579/v/9324/p/2025,2026-05-20,Necessita validação manual,Site inferido automaticamente; validar antes da entrega.,2026-05-27
3102605,Andradas,MG,Minas Gerais,42501,False,https://www.andradas.mg.gov.br/,MG acima de 15.000 habitantes,SIDRA 6579/v/9324/p/2025,2026-05-20,Necessita validação manual,Site inferido automaticamente; validar antes da entrega.,2026-05-27
3103504,Araguari,MG,Minas Gerais,123432,False,https://www.araguari.mg.gov.br/,MG acima de 15.000 habitantes,SIDRA 6579/v/9324/p/2025,2026-05-20,Necessita validação manual,Site inferido automaticamente; validar antes da entrega.,2026-05-27
3104007,Araxá,MG,Minas Gerais,118786,False,https://www.araxa.mg.gov.br/,MG acima de 15.000 habitantes,SIDRA 6579/v/9324/p/2025,2026-05-20,Necessita validação manual,Site inferido automaticamente; validar antes da entrega.,2026-05-27
3103405,Araçuaí,MG,Minas Gerais,35185,False,https://www.aracuai.mg.gov.br/,MG acima de 15.000 habitantes,SIDRA 6579/v/9324/p/2025,2026-05-20,Necessita validação manual,Site inferido automaticamente; validar antes da entrega.,2026-05-27
3104205,Arcos,MG,Minas Gerais,43653,False,https://www.arcos.mg.gov.br/,MG acima de 15.000 habitantes,SIDRA 6579/v/9324/p/2025,2026-05-20,Necessita validação manual,Site inferido automaticamente; validar antes da entrega.,2026-05-27
3104502,Arinos,MG,Minas Gerais,17586,False,https://www.arinos.mg.gov.br/,MG acima de 15.000 habitantes,SIDRA 6579/v/9324/p/2025,2026-05-20,Necessita validação manual,Site inferido automaticamente; validar antes da entrega.,2026-05-27
3104908,Baependi,MG,Minas Gerais,18782,False,https://www.baependi.mg.gov.br/,MG acima de 15.000 habitantes,SIDRA 6579/v/9324/p/2025,2026-05-20,Necessita validação manual,Site inferido automaticamente; validar antes da entrega.,2026-05-27
3105103,Bambuí,MG,Minas Gerais,24203,False,https://www.bambui.mg.gov.br/,MG acima de 15.000 habitantes,SIDRA 6579/v/9324/p/2025,2026-05-20,Necessita validação manual,Site inferido automaticamente; validar antes da entrega.,2026-05-27
3105608,Barbacena,MG,Minas Gerais,129695,False,https://www.barbacena.mg.gov.br/,MG acima de 15.000 habitantes,SIDRA 6579/v/9324/p/2025,2026-05-20,Necessita validação manual,Site inferido automaticamente; validar antes da entrega.,2026-05-27
3105905,Barroso,MG,Minas Gerais,20604,False,https://www.barroso.mg.gov.br/,MG acima de 15.000 habitantes,SIDRA 6579/v/9324/p/2025,2026-05-20,Necessita validação manual,Site inferido automaticamente; validar antes da entrega.,2026-05-27
3105400,Barão de Cocais,MG,Minas Gerais,32264,False,https://www.baraodecocais.mg.gov.br/,MG acima de 15.000 habitantes,SIDRA 6579/v/9324/p/2025,2026-05-20,Necessita validação manual,Site inferido automaticamente; validar antes da entrega.,2026-05-27
3106200,Belo Horizonte,MG,Minas Gerais,2415872,True,https://www.belohorizonte.mg.gov.br/,MG acima de 15.000 habitantes,SIDRA 6579/v/9324/p/2025,2026-05-20,Necessita validação manual,Site inferido automaticamente; validar antes da entrega.,2026-05-27
3106309,Belo Oriente,MG,Minas Gerais,24546,False,https://www.belooriente.mg.gov.br/,MG acima de 15.000 habitantes,SIDRA 6579/v/9324/p/2025,2026-05-20,Necessita validação manual,Site inferido automaticamente; validar antes da entrega.,2026-05-27
3106705,Betim,MG,Minas Gerais,431433,False,https://www.betim.mg.gov.br/,MG acima de 15.000 habitantes,SIDRA 6579/v/9324/p/2025,2026-05-20,Necessita validação manual,Site inferido automaticamente; validar antes da entrega.,2026-05-27
3107109,Boa Esperança,MG,Minas Gerais,41443,False,https://www.boaesperanca.mg.gov.br/,MG acima de 15.000 habitantes,SIDRA 6579/v/9324/p/2025,2026-05-20,Necessita validação manual,Site inferido automaticamente; validar antes da entrega.,2026-05-27
3107307,Bocaiúva,MG,Minas Gerais,49797,False,https://www.bocaiuva.mg.gov.br/,MG acima de 15.000 habitantes,SIDRA 6579/v/9324/p/2025,2026-05-20,Necessita validação manual,Site inferido automaticamente; validar antes da entrega.,2026-05-27
3107406,Bom Despacho,MG,Minas Gerais,54377,False,https://www.bomdespacho.mg.gov.br/,MG acima de 15.000 habitantes,SIDRA 6579/v/9324/p/2025,2026-05-20,Necessita validação manual,Site inferido automaticamente; validar antes da entrega.,2026-05-27
3108008,Bom Sucesso,MG,Minas Gerais,17515,False,https://www.bomsucesso.mg.gov.br/,MG acima de 15.000 habitantes,SIDRA 6579/v/9324/p/2025,2026-05-20,Necessita validação manual,Site inferido automaticamente; validar antes da entrega.,2026-05-27
3108305,Borda da Mata,MG,Minas Gerais,17837,False,https://www.bordadamata.mg.gov.br/,MG acima de 15.000 habitantes,SIDRA 6579/v/9324/p/2025,2026-05-20,Necessita validação manual,Site inferido automaticamente; validar antes da entrega.,2026-05-27
3108404,Botelhos,MG,Minas Gerais,15141,False,https://www.botelhos.mg.gov.br/,MG acima de 15.000 habitantes,SIDRA 6579/v/9324/p/2025,2026-05-20,Necessita validação manual,Site inferido automaticamente; validar antes da entrega.,2026-05-27
3108552,Brasilândia de Minas,MG,Minas Gerais,15485,False,https://www.brasilandiademinas.mg.gov.br/,MG acima de 15.000 habitantes,SIDRA 6579/v/9324/p/2025,2026-05-20,Necessita validação manual,Site inferido automaticamente; validar antes da entrega.,2026-05-27
3108602,Brasília de Minas,MG,Minas Gerais,33262,False,https://www.brasiliademinas.mg.gov.br/,MG acima de 15.000 habitantes,SIDRA 6579/v/9324/p/2025,2026-05-20,Necessita validação manual,Site inferido automaticamente; validar antes da entrega.,2026-05-27
3109006,Brumadinho,MG,Minas Gerais,41090,False,https://brumadinho.mg.gov.br/,MG acima de 15.000 habitantes,SIDRA 6579/v/9324/p/2025,2026-05-20,Necessita validação manual,Site inferido automaticamente; validar antes da entrega.,2026-05-27
3109303,Buritis,MG,Minas Gerais,24779,False,https://www.buritis.mg.gov.br/,MG acima de 15.000 habitantes,SIDRA 6579/v/9324/p/2025,2026-05-20,Necessita validação manual,Site inferido automaticamente; validar antes da entrega.,2026-05-27
3109402,Buritizeiro,MG,Minas Gerais,23908,False,https://www.buritizeiro.mg.gov.br/,MG acima de 15.000 habitantes,SIDRA 6579/v/9324/p/2025,2026-05-20,Necessita validação manual,Site inferido automaticamente; validar antes da entrega.,2026-05-27
3110004,Caeté,MG,Minas Gerais,39775,False,https://www.caete.mg.gov.br/,MG acima de 15.000 habitantes,SIDRA 6579/v/9324/p/2025,2026-05-20,Necessita validação manual,Site inferido automaticamente; validar antes da entrega.,2026-05-27
3110509,Camanducaia,MG,Minas Gerais,27860,False,https://www.camanducaia.mg.gov.br/,MG acima de 15.000 habitantes,SIDRA 6579/v/9324/p/2025,2026-05-20,Necessita validação manual,Site inferido automaticamente; validar antes da entrega.,2026-05-27
3110608,Cambuí,MG,Minas Gerais,31066,False,,MG acima de 15.000 habitantes,SIDRA 6579/v/9324/p/2025,2026-05-20,Site não localizado,"Site não informado na base. Candidatos básicos: https://www.cambui.mg.gov.br/, https://cambui.mg.gov.br/, http://www.cambui.mg.gov.br/, http://cambui.mg.gov.br/, https://www.prefeitura.cambui.mg.gov.br/, https://prefeitura.cambui.mg.gov.br/, http://www.prefeitura.cambui.mg.gov.br/, http://prefeitura.cambui.mg.gov.br/. Busca web oficial falhou: HTTPSConnectionPool(host='duckduckgo.com', port=443): Max retries exceeded with url: /html/?q=prefeitura+Cambu%C3%AD+MG+site+oficial (Caused by ConnectTimeoutError(<HTTPSConnection(host='duckduckgo.com', port=443) at 0x21bdd820>, 'Connection to duckduckgo.com timed out. (connect timeout=8)'))",2026-05-27
3110905,Campanha,MG,Minas Gerais,16372,False,https://www.campanha.mg.gov.br/,MG acima de 15.000 habitantes,SIDRA 6579/v/9324/p/2025,2026-05-20,Necessita validação manual,Site inferido automaticamente; validar antes da entrega.,2026-05-27
3111002,Campestre,MG,Minas Gerais,21155,False,https://www.campestre.mg.gov.br/,MG acima de 15.000 habitantes,SIDRA 6579/v/9324/p/2025,2026-05-20,Necessita validação manual,Site inferido automaticamente; validar antes da entrega.,2026-05-27
3111101,Campina Verde,MG,Minas Gerais,18188,False,https://www.campinaverde.mg.gov.br/,MG acima de 15.000 habitantes,SIDRA 6579/v/9324/p/2025,2026-05-20,Necessita validação manual,Site inferido automaticamente; validar antes da entrega.,2026-05-27
3111200,Campo Belo,MG,Minas Gerais,54027,False,https://www.campobelo.mg.gov.br/,MG acima de 15.000 habitantes,SIDRA 6579/v/9324/p/2025,2026-05-20,Necessita validação manual,Site inferido automaticamente; validar antes da entrega.,2026-05-27
3111606,Campos Gerais,MG,Minas Gerais,26749,False,https://www.camposgerais.mg.gov.br/,MG acima de 15.000 habitantes,SIDRA 6579/v/9324/p/2025,2026-05-20,Necessita validação manual,Site inferido automaticamente; validar antes da entrega.,2026-05-27
3112307,Capelinha,MG,Minas Gerais,41858,False,,MG acima de 15.000 habitantes,SIDRA 6579/v/9324/p/2025,2026-05-20,Site não localizado,"Site não informado na base. Candidatos básicos: https://www.capelinha.mg.gov.br/, https://capelinha.mg.gov.br/, http://www.capelinha.mg.gov.br/, http://capelinha.mg.gov.br/, https://www.prefeitura.capelinha.mg.gov.br/, https://prefeitura.capelinha.mg.gov.br/, http://www.prefeitura.capelinha.mg.gov.br/, http://prefeitura.capelinha.mg.gov.br/. Busca web oficial falhou: HTTPSConnectionPool(host='duckduckgo.com', port=443): Max retries exceeded with url: /html/?q=prefeitura+Capelinha+MG+site+oficial (Caused by ConnectTimeoutError(<HTTPSConnection(host='duckduckgo.com', port=443) at 0x202d9520>, 'Connection to duckduckgo.com timed out. (connect timeout=8)'))",2026-05-27
3113206,Carandaí,MG,Minas Gerais,24403,False,https://www.carandai.mg.gov.br/,MG acima de 15.000 habitantes,SIDRA 6579/v/9324/p/2025,2026-05-20,Necessita validação manual,Site inferido automaticamente; validar antes da entrega.,2026-05-27
3113305,Carangola,MG,Minas Gerais,32134,False,https://www.carangola.mg.gov.br/,MG acima de 15.000 habitantes,SIDRA 6579/v/9324/p/2025,2026-05-20,Necessita validação manual,Site inferido automaticamente; validar antes da entrega.,2026-05-27
3113404,Caratinga,MG,Minas Gerais,90890,False,https://www.caratinga.mg.gov.br/,MG acima de 15.000 habitantes,SIDRA 6579/v/9324/p/2025,2026-05-20,Necessita validação manual,Site inferido automaticamente; validar antes da entrega.,2026-05-27
3113008,Caraí,MG,Minas Gerais,19511,False,https://www.carai.mg.gov.br/,MG acima de 15.000 habitantes,SIDRA 6579/v/9324/p/2025,2026-05-20,Necessita validação manual,Site inferido automaticamente; validar antes da entrega.,2026-05-27
3113701,Carlos Chagas,MG,Minas Gerais,18783,False,https://www.carloschagas.mg.gov.br/,MG acima de 15.000 habitantes,SIDRA 6579/v/9324/p/2025,2026-05-20,Necessita validação manual,Site inferido automaticamente; validar antes da entrega.,2026-05-27
3114204,Carmo do Cajuru,MG,Minas Gerais,24581,False,https://www.carmodocajuru.mg.gov.br/,MG acima de 15.000 habitantes,SIDRA 6579/v/9324/p/2025,2026-05-20,Necessita validação manual,Site inferido automaticamente; validar antes da entrega.,2026-05-27
3114303,Carmo do Paranaíba,MG,Minas Gerais,29885,False,https://www.carmodoparanaiba.mg.gov.br/,MG acima de 15.000 habitantes,SIDRA 6579/v/9324/p/2025,2026-05-20,Necessita validação manual,Site inferido automaticamente; validar antes da entrega.,2026-05-27
3114402,Carmo do Rio Claro,MG,Minas Gerais,21506,False,https://www.carmodorioclaro.mg.gov.br/,MG acima de 15.000 habitantes,SIDRA 6579/v/9324/p/2025,2026-05-20,Necessita validação manual,Site inferido automaticamente; validar antes da entrega.,2026-05-27
3114501,Carmópolis de Minas,MG,Minas Gerais,18561,False,https://www.carmopolisdeminas.mg.gov.br/,MG acima de 15.000 habitantes,SIDRA 6579/v/9324/p/2025,2026-05-20,Necessita validação manual,Site inferido automaticamente; validar antes da entrega.,2026-05-27
3115300,Cataguases,MG,Minas Gerais,67732,False,https://www.cataguases.mg.gov.br/,MG acima de 15.000 habitantes,SIDRA 6579/v/9324/p/2025,2026-05-20,Necessita validação manual,Site inferido automaticamente; validar antes da entrega.,2026-05-27
3115508,Caxambu,MG,Minas Gerais,21412,False,https://www.caxambu.mg.gov.br/,MG acima de 15.000 habitantes,SIDRA 6579/v/9324/p/2025,2026-05-20,Necessita validação manual,Site inferido automaticamente; validar antes da entrega.,2026-05-27
3116605,Cláudio,MG,Minas Gerais,31936,False,https://www.claudio.mg.gov.br/,MG acima de 15.000 habitantes,SIDRA 6579/v/9324/p/2025,2026-05-20,Necessita validação manual,Site inferido automaticamente; validar antes da entrega.,2026-05-27
3117306,Conceição das Alagoas,MG,Minas Gerais,30278,False,https://www.conceicaodasalagoas.mg.gov.br/,MG acima de 15.000 habitantes,SIDRA 6579/v/9324/p/2025,2026-05-20,Necessita validação manual,Site inferido automaticamente; validar antes da entrega.,2026-05-27
3117504,Conceição do Mato Dentro,MG,Minas Gerais,24559,False,,MG acima de 15.000 habitantes,SIDRA 6579/v/9324/p/2025,2026-05-20,Site não localizado,"Site não informado na base. Candidatos básicos: https://www.conceicaodomatodentro.mg.gov.br/, https://conceicaodomatodentro.mg.gov.br/, http://www.conceicaodomatodentro.mg.gov.br/, http://conceicaodomatodentro.mg.gov.br/, https://www.prefeitura.conceicaodomatodentro.mg.gov.br/, https://prefeitura.conceicaodomatodentro.mg.gov.br/, http://www.prefeitura.conceicaodomatodentro.mg.gov.br/, http://prefeitura.conceicaodomatodentro.mg.gov.br/, https://www.conceicaomatodentro.mg.gov.br/, https://conceicaomatodentro.mg.gov.br/, http://www.conceicaomatodentro.mg.gov.br/, http://conceicaomatodentro.mg.gov.br/, https://www.prefeitura.conceicaomatodentro.mg.gov.br/, https://prefeitura.conceicaomatodentro.mg.gov.br/, http://www.prefeitura.conceicaomatodentro.mg.gov.br/, http://prefeitura.conceicaomatodentro.mg.gov.br/, https://www.conceicaomato.mg.gov.br/, https://conceicaomato.mg.gov.br/, http://www.conceicaomato.mg.gov.br/, http://conceicaomato.mg.gov.br/, https://www.prefeitura.conceicaomato.mg.gov.br/, https://prefeitura.conceicaomato.mg.gov.br/, http://www.prefeitura.conceicaomato.mg.gov.br/, http://prefeitura.conceicaomato.mg.gov.br/, https://www.conceicaodo.mg.gov.br/, https://conceicaodo.mg.gov.br/, http://www.conceicaodo.mg.gov.br/, http://conceicaodo.mg.gov.br/, https://www.prefeitura.conceicaodo.mg.gov.br/, https://prefeitura.conceicaodo.mg.gov.br/, http://www.prefeitura.conceicaodo.mg.gov.br/, http://prefeitura.conceicaodo.mg.gov.br/. Busca web oficial falhou: HTTPSConnectionPool(host='duckduckgo.com', port=443): Max retries exceeded with url: /html/?q=prefeitura+Concei%C3%A7%C3%A3o+do+Mato+Dentro+MG+site+oficial (Caused by ConnectTimeoutError(<HTTPSConnection(host='duckduckgo.com', port=443) at 0x21bde090>, 'Connection to duckduckgo.com timed out. (connect timeout=8)'))",2026-05-27
3118007,Congonhas,MG,Minas Gerais,55272,False,https://www.congonhas.mg.gov.br/,MG acima de 15.000 habitantes,SIDRA 6579/v/9324/p/2025,2026-05-20,Necessita validação manual,Site inferido automaticamente; validar antes da entrega.,2026-05-27
3118304,Conselheiro Lafaiete,MG,Minas Gerais,138946,False,https://www.conselheirolafaiete.mg.gov.br/,MG acima de 15.000 habitantes,SIDRA 6579/v/9324/p/2025,2026-05-20,Necessita validação manual,Site inferido automaticamente; validar antes da entrega.,2026-05-27
3118403,Conselheiro Pena,MG,Minas Gerais,21052,False,https://www.conselheiropena.mg.gov.br/,MG acima de 15.000 habitantes,SIDRA 6579/v/9324/p/2025,2026-05-20,Necessita validação manual,Site inferido automaticamente; validar antes da entrega.,2026-05-27
3118601,Contagem,MG,Minas Gerais,651718,False,https://www.contagem.mg.gov.br/,MG acima de 15.000 habitantes,SIDRA 6579/v/9324/p/2025,2026-05-20,Necessita validação manual,Site inferido automaticamente; validar antes da entrega.,2026-05-27
3118809,Coração de Jesus,MG,Minas Gerais,26138,False,https://www.coracaodejesus.mg.gov.br/,MG acima de 15.000 habitantes,SIDRA 6579/v/9324/p/2025,2026-05-20,Necessita validação manual,Site inferido automaticamente; validar antes da entrega.,2026-05-27
3119104,Corinto,MG,Minas Gerais,23988,False,https://www.corinto.mg.gov.br/,MG acima de 15.000 habitantes,SIDRA 6579/v/9324/p/2025,2026-05-20,Necessita validação manual,Site inferido automaticamente; validar antes da entrega.,2026-05-27
3119302,Coromandel,MG,Minas Gerais,30114,False,https://www.coromandel.mg.gov.br/,MG acima de 15.000 habitantes,SIDRA 6579/v/9324/p/2025,2026-05-20,Necessita validação manual,Site inferido automaticamente; validar antes da entrega.,2026-05-27
3119401,Coronel Fabriciano,MG,Minas Gerais,108708,False,,MG acima de 15.000 habitantes,SIDRA 6579/v/9324/p/2025,2026-05-20,Site não localizado,"Site não informado na base. Candidatos básicos: https://www.coronelfabriciano.mg.gov.br/, https://coronelfabriciano.mg.gov.br/, http://www.coronelfabriciano.mg.gov.br/, http://coronelfabriciano.mg.gov.br/, https://www.prefeitura.coronelfabriciano.mg.gov.br/, https://prefeitura.coronelfabriciano.mg.gov.br/, http://www.prefeitura.coronelfabriciano.mg.gov.br/, http://prefeitura.coronelfabriciano.mg.gov.br/. Busca web oficial falhou: HTTPSConnectionPool(host='duckduckgo.com', port=443): Max retries exceeded with url: /html/?q=prefeitura+Coronel+Fabriciano+MG+site+oficial (Caused by ConnectTimeoutError(<HTTPSConnection(host='duckduckgo.com', port=443) at 0x202daed0>, 'Connection to duckduckgo.com timed out. (connect timeout=8)'))",2026-05-27
3120805,Cruzília,MG,Minas Gerais,15831,False,https://www.cruzilia.mg.gov.br/,MG acima de 15.000 habitantes,SIDRA 6579/v/9324/p/2025,2026-05-20,Necessita validação manual,Site inferido automaticamente; validar antes da entrega.,2026-05-27
3120904,Curvelo,MG,Minas Gerais,84297,False,https://www.curvelo.mg.gov.br/,MG acima de 15.000 habitantes,SIDRA 6579/v/9324/p/2025,2026-05-20,Necessita validação manual,Site inferido automaticamente; validar antes da entrega.,2026-05-27
3115102,Cássia,MG,Minas Gerais,17491,False,https://www.cassia.mg.gov.br/,MG acima de 15.000 habitantes,SIDRA 6579/v/9324/p/2025,2026-05-20,Necessita validação manual,Site inferido automaticamente; validar antes da entrega.,2026-05-27
3121605,Diamantina,MG,Minas Gerais,49493,False,https://www.diamantina.mg.gov.br/,MG acima de 15.000 habitantes,SIDRA 6579/v/9324/p/2025,2026-05-20,Necessita validação manual,Site inferido automaticamente; validar antes da entrega.,2026-05-27
3122009,Divino,MG,Minas Gerais,21428,False,https://www.divino.mg.gov.br/,MG acima de 15.000 habitantes,SIDRA 6579/v/9324/p/2025,2026-05-20,Necessita validação manual,Site inferido automaticamente; validar antes da entrega.,2026-05-27
3122306,Divinópolis,MG,Minas Gerais,243583,False,https://www.divinopolis.mg.gov.br/,MG acima de 15.000 habitantes,SIDRA 6579/v/9324/p/2025,2026-05-20,Necessita validação manual,Site inferido automaticamente; validar antes da entrega.,2026-05-27
3123601,Elói Mendes,MG,Minas Gerais,27429,False,https://www.eloimendes.mg.gov.br/,MG acima de 15.000 habitantes,SIDRA 6579/v/9324/p/2025,2026-05-20,Necessita validação manual,Site inferido automaticamente; validar antes da entrega.,2026-05-27
3123908,Entre Rios de Minas,MG,Minas Gerais,15157,False,https://www.entreriosdeminas.mg.gov.br/,MG acima de 15.000 habitantes,SIDRA 6579/v/9324/p/2025,2026-05-20,Necessita validação manual,Site inferido automaticamente; validar antes da entrega.,2026-05-27
3124005,Ervália,MG,Minas Gerais,21091,False,https://www.ervalia.mg.gov.br/,MG acima de 15.000 habitantes,SIDRA 6579/v/9324/p/2025,2026-05-20,Necessita validação manual,Site inferido automaticamente; validar antes da entrega.,2026-05-27
3124104,Esmeraldas,MG,Minas Gerais,93103,False,https://www.esmeraldas.mg.gov.br/,MG acima de 15.000 habitantes,SIDRA 6579/v/9324/p/2025,2026-05-20,Necessita validação manual,Site inferido automaticamente; validar antes da entrega.,2026-05-27
3124203,Espera Feliz,MG,Minas Gerais,24844,False,https://www.esperafeliz.mg.gov.br/,MG acima de 15.000 habitantes,SIDRA 6579/v/9324/p/2025,2026-05-20,Necessita validação manual,Site inferido automaticamente; validar antes da entrega.,2026-05-27
3124302,Espinosa,MG,Minas Gerais,31375,False,https://www.espinosa.mg.gov.br/,MG acima de 15.000 habitantes,SIDRA 6579/v/9324/p/2025,2026-05-20,Necessita validação manual,Site inferido automaticamente; validar antes da entrega.,2026-05-27
3125101,Extrema,MG,Minas Gerais,59336,False,https://www.extrema.mg.gov.br/,MG acima de 15.000 habitantes,SIDRA 6579/v/9324/p/2025,2026-05-20,Necessita validação manual,Site inferido automaticamente; validar antes da entrega.,2026-05-27
3126109,Formiga,MG,Minas Gerais,70897,False,https://www.formiga.mg.gov.br/,MG acima de 15.000 habitantes,SIDRA 6579/v/9324/p/2025,2026-05-20,Necessita validação manual,Site inferido automaticamente; validar antes da entrega.,2026-05-27
3126703,Francisco Sá,MG,Minas Gerais,23753,False,https://www.franciscosa.mg.gov.br/,MG acima de 15.000 habitantes,SIDRA 6579/v/9324/p/2025,2026-05-20,Necessita validação manual,Site inferido automaticamente; validar antes da entrega.,2026-05-27
3127107,Frutal,MG,Minas Gerais,61275,False,https://www.frutal.mg.gov.br/,MG acima de 15.000 habitantes,SIDRA 6579/v/9324/p/2025,2026-05-20,Necessita validação manual,Site inferido automaticamente; validar antes da entrega.,2026-05-27
3127701,Governador Valadares,MG,Minas Gerais,266561,False,,MG acima de 15.000 habitantes,SIDRA 6579/v/9324/p/2025,2026-05-20,Site não localizado,"Site não informado na base. Candidatos básicos: https://www.governadorvaladares.mg.gov.br/, https://governadorvaladares.mg.gov.br/, http://www.governadorvaladares.mg.gov.br/, http://governadorvaladares.mg.gov.br/, https://www.prefeitura.governadorvaladares.mg.gov.br/, https://prefeitura.governadorvaladares.mg.gov.br/, http://www.prefeitura.governadorvaladares.mg.gov.br/, http://prefeitura.governadorvaladares.mg.gov.br/. Busca web oficial falhou: HTTPSConnectionPool(host='duckduckgo.com', port=443): Max retries exceeded with url: /html/?q=prefeitura+Governador+Valadares+MG+site+oficial (Caused by ConnectTimeoutError(<HTTPSConnection(host='duckduckgo.com', port=443) at 0x21bc6fc0>, 'Connection to duckduckgo.com timed out. (connect timeout=8)'))",2026-05-27
3128006,Guanhães,MG,Minas Gerais,33517,False,https://www.guanhaes.mg.gov.br/,MG acima de 15.000 habitantes,SIDRA 6579/v/9324/p/2025,2026-05-20,Necessita validação manual,Site inferido automaticamente; validar antes da entrega.,2026-05-27
3128303,Guaranésia,MG,Minas Gerais,19646,False,,MG acima de 15.000 habitantes,SIDRA 6579/v/9324/p/2025,2026-05-20,Site não localizado,"Site não informado na base. Candidatos básicos: https://www.guaranesia.mg.gov.br/, https://guaranesia.mg.gov.br/, http://www.guaranesia.mg.gov.br/, http://guaranesia.mg.gov.br/, https://www.prefeitura.guaranesia.mg.gov.br/, https://prefeitura.guaranesia.mg.gov.br/, http://www.prefeitura.guaranesia.mg.gov.br/, http://prefeitura.guaranesia.mg.gov.br/. Busca web oficial falhou: HTTPSConnectionPool(host='duckduckgo.com', port=443): Max retries exceeded with url: /html/?q=prefeitura+Guaran%C3%A9sia+MG+site+oficial (Caused by ConnectTimeoutError(<HTTPSConnection(host='duckduckgo.com', port=443) at 0x21bdf290>, 'Connection to duckduckgo.com timed out. (connect timeout=8)'))",2026-05-27
3128709,Guaxupé,MG,Minas Gerais,52744,False,https://www.guaxupe.mg.gov.br/,MG acima de 15.000 habitantes,SIDRA 6579/v/9324/p/2025,2026-05-20,Necessita validação manual,Site inferido automaticamente; validar antes da entrega.,2026-05-27
3129806,Ibirité,MG,Minas Gerais,179582,False,https://www.ibirite.mg.gov.br/,MG acima de 15.000 habitantes,SIDRA 6579/v/9324/p/2025,2026-05-20,Necessita validação manual,Site inferido automaticamente; validar antes da entrega.,2026-05-27
3129509,Ibiá,MG,Minas Gerais,22554,False,https://www.ibia.mg.gov.br/,MG acima de 15.000 habitantes,SIDRA 6579/v/9324/p/2025,2026-05-20,Necessita validação manual,Site inferido automaticamente; validar antes da entrega.,2026-05-27
3130101,Igarapé,MG,Minas Gerais,49120,False,https://www.igarape.mg.gov.br/,MG acima de 15.000 habitantes,SIDRA 6579/v/9324/p/2025,2026-05-20,Necessita validação manual,Site inferido automaticamente; validar antes da entrega.,2026-05-27
3130903,Inhapim,MG,Minas Gerais,22925,False,https://www.inhapim.mg.gov.br/,MG acima de 15.000 habitantes,SIDRA 6579/v/9324/p/2025,2026-05-20,Necessita validação manual,Site inferido automaticamente; validar antes da entrega.,2026-05-27
3131158,Ipaba,MG,Minas Gerais,17587,False,https://www.ipaba.mg.gov.br/,MG acima de 15.000 habitantes,SIDRA 6579/v/9324/p/2025,2026-05-20,Necessita validação manual,Site inferido automaticamente; validar antes da entrega.,2026-05-27
3131208,Ipanema,MG,Minas Gerais,20181,False,https://www.ipanema.mg.gov.br/,MG acima de 15.000 habitantes,SIDRA 6579/v/9324/p/2025,2026-05-20,Necessita validação manual,Site inferido automaticamente; validar antes da entrega.,2026-05-27
3131307,Ipatinga,MG,Minas Gerais,235311,False,https://www.ipatinga.mg.gov.br/,MG acima de 15.000 habitantes,SIDRA 6579/v/9324/p/2025,2026-05-20,Necessita validação manual,Site inferido automaticamente; validar antes da entrega.,2026-05-27
3131703,Itabira,MG,Minas Gerais,118053,False,https://www.itabira.mg.gov.br/,MG acima de 15.000 habitantes,SIDRA 6579/v/9324/p/2025,2026-05-20,Necessita validação manual,Site inferido automaticamente; validar antes da entrega.,2026-05-27
3131901,Itabirito,MG,Minas Gerais,56369,False,https://www.itabirito.mg.gov.br/,MG acima de 15.000 habitantes,SIDRA 6579/v/9324/p/2025,2026-05-20,Necessita validação manual,Site inferido automaticamente; validar antes da entrega.,2026-05-27
3132107,Itacarambi,MG,Minas Gerais,17502,False,https://www.itacarambi.mg.gov.br/,MG acima de 15.000 habitantes,SIDRA 6579/v/9324/p/2025,2026-05-20,Necessita validação manual,Site inferido automaticamente; validar antes da entrega.,2026-05-27
3132404,Itajubá,MG,Minas Gerais,96855,False,https://www.itajuba.mg.gov.br/,MG acima de 15.000 habitantes,SIDRA 6579/v/9324/p/2025,2026-05-20,Necessita validação manual,Site inferido automaticamente; validar antes da entrega.,2026-05-27
3132503,Itamarandiba,MG,Minas Gerais,34210,False,https://www.itamarandiba.mg.gov.br/,MG acima de 15.000 habitantes,SIDRA 6579/v/9324/p/2025,2026-05-20,Necessita validação manual,Site inferido automaticamente; validar antes da entrega.,2026-05-27
3132701,Itambacuri,MG,Minas Gerais,21210,False,https://www.itambacuri.mg.gov.br/,MG acima de 15.000 habitantes,SIDRA 6579/v/9324/p/2025,2026-05-20,Necessita validação manual,Site inferido automaticamente; validar antes da entrega.,2026-05-27
3133006,Itamonte,MG,Minas Gerais,15245,False,https://www.itamonte.mg.gov.br/,MG acima de 15.000 habitantes,SIDRA 6579/v/9324/p/2025,2026-05-20,Necessita validação manual,Site inferido automaticamente; validar antes da entrega.,2026-05-27
3133105,Itanhandu,MG,Minas Gerais,15751,False,https://www.itanhandu.mg.gov.br/,MG acima de 15.000 habitantes,SIDRA 6579/v/9324/p/2025,2026-05-20,Necessita validação manual,Site inferido automaticamente; validar antes da entrega.,2026-05-27
3133303,Itaobim,MG,Minas Gerais,19263,False,https://www.itaobim.mg.gov.br/,MG acima de 15.000 habitantes,SIDRA 6579/v/9324/p/2025,2026-05-20,Necessita validação manual,Site inferido automaticamente; validar antes da entrega.,2026-05-27
3133501,Itapecerica,MG,Minas Gerais,21456,False,https://www.itapecerica.mg.gov.br/,MG acima de 15.000 habitantes,SIDRA 6579/v/9324/p/2025,2026-05-20,Necessita validação manual,Site inferido automaticamente; validar antes da entrega.,2026-05-27
3133808,Itaúna,MG,Minas Gerais,103272,False,https://www.itauna.mg.gov.br/,MG acima de 15.000 habitantes,SIDRA 6579/v/9324/p/2025,2026-05-20,Necessita validação manual,Site inferido automaticamente; validar antes da entrega.,2026-05-27
3134202,Ituiutaba,MG,Minas Gerais,106775,False,https://www.ituiutaba.mg.gov.br/,MG acima de 15.000 habitantes,SIDRA 6579/v/9324/p/2025,2026-05-20,Necessita validação manual,Site inferido automaticamente; validar antes da entrega.,2026-05-27
3134400,Iturama,MG,Minas Gerais,40259,False,https://www.iturama.mg.gov.br/,MG acima de 15.000 habitantes,SIDRA 6579/v/9324/p/2025,2026-05-20,Necessita validação manual,Site inferido automaticamente; validar antes da entrega.,2026-05-27
3134608,Jaboticatubas,MG,Minas Gerais,21407,False,https://www.jaboticatubas.mg.gov.br/,MG acima de 15.000 habitantes,SIDRA 6579/v/9324/p/2025,2026-05-20,Necessita validação manual,Site inferido automaticamente; validar antes da entrega.,2026-05-27
3134905,Jacutinga,MG,Minas Gerais,26888,False,https://www.jacutinga.mg.gov.br/,MG acima de 15.000 habitantes,SIDRA 6579/v/9324/p/2025,2026-05-20,Necessita validação manual,Site inferido automaticamente; validar antes da entrega.,2026-05-27
3135100,Janaúba,MG,Minas Gerais,73555,False,https://www.janauba.mg.gov.br/,MG acima de 15.000 habitantes,SIDRA 6579/v/9324/p/2025,2026-05-20,Necessita validação manual,Site inferido automaticamente; validar antes da entrega.,2026-05-27
3135209,Januária,MG,Minas Gerais,67123,False,https://www.januaria.mg.gov.br/,MG acima de 15.000 habitantes,SIDRA 6579/v/9324/p/2025,2026-05-20,Necessita validação manual,Site inferido automaticamente; validar antes da entrega.,2026-05-27
3135050,Jaíba,MG,Minas Gerais,39639,False,https://www.jaiba.mg.gov.br/,MG acima de 15.000 habitantes,SIDRA 6579/v/9324/p/2025,2026-05-20,Necessita validação manual,Site inferido automaticamente; validar antes da entrega.,2026-05-27
3135803,Jequitinhonha,MG,Minas Gerais,24516,False,https://www.jequitinhonha.mg.gov.br/,MG acima de 15.000 habitantes,SIDRA 6579/v/9324/p/2025,2026-05-20,Necessita validação manual,Site inferido automaticamente; validar antes da entrega.,2026-05-27
3136207,João Monlevade,MG,Minas Gerais,83791,False,,MG acima de 15.000 habitantes,SIDRA 6579/v/9324/p/2025,2026-05-20,Site não localizado,"Site não informado na base. Candidatos básicos: https://www.joaomonlevade.mg.gov.br/, https://joaomonlevade.mg.gov.br/, http://www.joaomonlevade.mg.gov.br/, http://joaomonlevade.mg.gov.br/, https://www.prefeitura.joaomonlevade.mg.gov.br/, https://prefeitura.joaomonlevade.mg.gov.br/, http://www.prefeitura.joaomonlevade.mg.gov.br/, http://prefeitura.joaomonlevade.mg.gov.br/. Busca web oficial falhou: HTTPSConnectionPool(host='duckduckgo.com', port=443): Max retries exceeded with url: /html/?q=prefeitura+Jo%C3%A3o+Monlevade+MG+site+oficial (Caused by ConnectTimeoutError(<HTTPSConnection(host='duckduckgo.com', port=443) at 0x1f807740>, 'Connection to duckduckgo.com timed out. (connect timeout=8)'))",2026-05-27
3136306,João Pinheiro,MG,Minas Gerais,48725,False,https://www.joaopinheiro.mg.gov.br/,MG acima de 15.000 habitantes,SIDRA 6579/v/9324/p/2025,2026-05-20,Necessita validação manual,Site inferido automaticamente; validar antes da entrega.,2026-05-27
3136652,Juatuba,MG,Minas Gerais,33249,False,https://www.juatuba.mg.gov.br/,MG acima de 15.000 habitantes,SIDRA 6579/v/9324/p/2025,2026-05-20,Necessita validação manual,Site inferido automaticamente; validar antes da entrega.,2026-05-27
3136702,Juiz de Fora,MG,Minas Gerais,567730,False,,MG acima de 15.000 habitantes,SIDRA 6579/v/9324/p/2025,2026-05-20,Site não localizado,"Site não informado na base. Candidatos básicos: https://www.juizdefora.mg.gov.br/, https://juizdefora.mg.gov.br/, http://www.juizdefora.mg.gov.br/, http://juizdefora.mg.gov.br/, https://www.prefeitura.juizdefora.mg.gov.br/, https://prefeitura.juizdefora.mg.gov.br/, http://www.prefeitura.juizdefora.mg.gov.br/, http://prefeitura.juizdefora.mg.gov.br/, https://www.juizfora.mg.gov.br/, https://juizfora.mg.gov.br/, http://www.juizfora.mg.gov.br/, http://juizfora.mg.gov.br/, https://www.prefeitura.juizfora.mg.gov.br/, https://prefeitura.juizfora.mg.gov.br/, http://www.prefeitura.juizfora.mg.gov.br/, http://prefeitura.juizfora.mg.gov.br/, https://www.juizde.mg.gov.br/, https://juizde.mg.gov.br/, http://www.juizde.mg.gov.br/, http://juizde.mg.gov.br/, https://www.prefeitura.juizde.mg.gov.br/, https://prefeitura.juizde.mg.gov.br/, http://www.prefeitura.juizde.mg.gov.br/, http://prefeitura.juizde.mg.gov.br/. Busca web oficial falhou: HTTPSConnectionPool(host='duckduckgo.com', port=443): Max retries exceeded with url: /html/?q=prefeitura+Juiz+de+Fora+MG+site+oficial (Caused by ConnectTimeoutError(<HTTPSConnection(host='duckduckgo.com', port=443) at 0x202dab70>, 'Connection to duckduckgo.com timed out. (connect timeout=8)'))",2026-05-27
3137502,Lagoa Formosa,MG,Minas Gerais,19614,False,https://www.lagoaformosa.mg.gov.br/,MG acima de 15.000 habitantes,SIDRA 6579/v/9324/p/2025,2026-05-20,Necessita validação manual,Site inferido automaticamente; validar antes da entrega.,2026-05-27
3137601,Lagoa Santa,MG,Minas Gerais,81299,False,https://www.lagoasanta.mg.gov.br/,MG acima de 15.000 habitantes,SIDRA 6579/v/9324/p/2025,2026-05-20,Necessita validação manual,Site inferido automaticamente; validar antes da entrega.,2026-05-27
3137205,Lagoa da Prata,MG,Minas Gerais,53927,False,https://www.lagoadaprata.mg.gov.br/,MG acima de 15.000 habitantes,SIDRA 6579/v/9324/p/2025,2026-05-20,Necessita validação manual,Site inferido automaticamente; validar antes da entrega.,2026-05-27
3137700,Lajinha,MG,Minas Gerais,21502,False,https://www.lajinha.mg.gov.br/,MG acima de 15.000 habitantes,SIDRA 6579/v/9324/p/2025,2026-05-20,Necessita validação manual,Site inferido automaticamente; validar antes da entrega.,2026-05-27
3137809,Lambari,MG,Minas Gerais,21010,False,https://www.lambari.mg.gov.br/,MG acima de 15.000 habitantes,SIDRA 6579/v/9324/p/2025,2026-05-20,Necessita validação manual,Site inferido automaticamente; validar antes da entrega.,2026-05-27
3138203,Lavras,MG,Minas Gerais,110682,False,https://www.lavras.mg.gov.br/,MG acima de 15.000 habitantes,SIDRA 6579/v/9324/p/2025,2026-05-20,Necessita validação manual,Site inferido automaticamente; validar antes da entrega.,2026-05-27
3138401,Leopoldina,MG,Minas Gerais,52739,False,https://www.leopoldina.mg.gov.br/,MG acima de 15.000 habitantes,SIDRA 6579/v/9324/p/2025,2026-05-20,Necessita validação manual,Site inferido automaticamente; validar antes da entrega.,2026-05-27
3138609,Lima Duarte,MG,Minas Gerais,17782,False,https://www.limaduarte.mg.gov.br/,MG acima de 15.000 habitantes,SIDRA 6579/v/9324/p/2025,2026-05-20,Necessita validação manual,Site inferido automaticamente; validar antes da entrega.,2026-05-27
3138807,Luz,MG,Minas Gerais,18336,False,https://www.luz.mg.gov.br/,MG acima de 15.000 habitantes,SIDRA 6579/v/9324/p/2025,2026-05-20,Necessita validação manual,Site inferido automaticamente; validar antes da entrega.,2026-05-27
3139003,Machado,MG,Minas Gerais,38809,False,https://www.machado.mg.gov.br/,MG acima de 15.000 habitantes,SIDRA 6579/v/9324/p/2025,2026-05-20,Necessita validação manual,Site inferido automaticamente; validar antes da entrega.,2026-05-27
3139201,Malacacheta,MG,Minas Gerais,17691,False,https://www.malacacheta.mg.gov.br/,MG acima de 15.000 habitantes,SIDRA 6579/v/9324/p/2025,2026-05-20,Necessita validação manual,Site inferido automaticamente; validar antes da entrega.,2026-05-27
3139300,Manga,MG,Minas Gerais,19148,False,https://www.manga.mg.gov.br/,MG acima de 15.000 habitantes,SIDRA 6579/v/9324/p/2025,2026-05-20,Necessita validação manual,Site inferido automaticamente; validar antes da entrega.,2026-05-27
3139409,Manhuaçu,MG,Minas Gerais,97328,False,https://www.manhuacu.mg.gov.br/,MG acima de 15.000 habitantes,SIDRA 6579/v/9324/p/2025,2026-05-20,Necessita validação manual,Site inferido automaticamente; validar antes da entrega.,2026-05-27
3139508,Manhumirim,MG,Minas Gerais,20939,False,https://www.manhumirim.mg.gov.br/,MG acima de 15.000 habitantes,SIDRA 6579/v/9324/p/2025,2026-05-20,Necessita validação manual,Site inferido automaticamente; validar antes da entrega.,2026-05-27
3139607,Mantena,MG,Minas Gerais,27350,False,https://www.mantena.mg.gov.br/,MG acima de 15.000 habitantes,SIDRA 6579/v/9324/p/2025,2026-05-20,Necessita validação manual,Site inferido automaticamente; validar antes da entrega.,2026-05-27
3140001,Mariana,MG,Minas Gerais,64506,False,https://www.mariana.mg.gov.br/,MG acima de 15.000 habitantes,SIDRA 6579/v/9324/p/2025,2026-05-20,Necessita validação manual,Site inferido automaticamente; validar antes da entrega.,2026-05-27
3140704,Mateus Leme,MG,Minas Gerais,40814,False,https://www.mateusleme.mg.gov.br/,MG acima de 15.000 habitantes,SIDRA 6579/v/9324/p/2025,2026-05-20,Necessita validação manual,Site inferido automaticamente; validar antes da entrega.,2026-05-27
3140902,Matipó,MG,Minas Gerais,19115,False,https://www.matipo.mg.gov.br/,MG acima de 15.000 habitantes,SIDRA 6579/v/9324/p/2025,2026-05-20,Necessita validação manual,Site inferido automaticamente; validar antes da entrega.,2026-05-27
3141108,Matozinhos,MG,Minas Gerais,39529,False,https://www.matozinhos.mg.gov.br/,MG acima de 15.000 habitantes,SIDRA 6579/v/9324/p/2025,2026-05-20,Necessita validação manual,Site inferido automaticamente; validar antes da entrega.,2026-05-27
3141405,Medina,MG,Minas Gerais,20455,False,https://www.medina.mg.gov.br/,MG acima de 15.000 habitantes,SIDRA 6579/v/9324/p/2025,2026-05-20,Necessita validação manual,Site inferido automaticamente; validar antes da entrega.,2026-05-27
3141801,Minas Novas,MG,Minas Gerais,23843,False,https://www.minasnovas.mg.gov.br/,MG acima de 15.000 habitantes,SIDRA 6579/v/9324/p/2025,2026-05-20,Necessita validação manual,Site inferido automaticamente; validar antes da entrega.,2026-05-27
3142809,Monte Alegre de Minas,MG,Minas Gerais,20708,False,https://www.montealegre.mg.gov.br/,MG acima de 15.000 habitantes,SIDRA 6579/v/9324/p/2025,2026-05-20,Necessita validação manual,Site inferido automaticamente; validar antes da entrega.,2026-05-27
3142908,Monte Azul,MG,Minas Gerais,20497,False,https://www.monteazul.mg.gov.br/,MG acima de 15.000 habitantes,SIDRA 6579/v/9324/p/2025,2026-05-20,Necessita validação manual,Site inferido automaticamente; validar antes da entrega.,2026-05-27
3143104,Monte Carmelo,MG,Minas Gerais,49500,False,https://www.montecarmelo.mg.gov.br/,MG acima de 15.000 habitantes,SIDRA 6579/v/9324/p/2025,2026-05-20,Necessita validação manual,Site inferido automaticamente; validar antes da entrega.,2026-05-27
3143203,Monte Santo de Minas,MG,Minas Gerais,21294,False,https://www.montesantodeminas.mg.gov.br/,MG acima de 15.000 habitantes,SIDRA 6579/v/9324/p/2025,2026-05-20,Necessita validação manual,Site inferido automaticamente; validar antes da entrega.,2026-05-27
3143401,Monte Sião,MG,Minas Gerais,25107,False,https://www.montesiao.mg.gov.br/,MG acima de 15.000 habitantes,SIDRA 6579/v/9324/p/2025,2026-05-20,Necessita validação manual,Site inferido automaticamente; validar antes da entrega.,2026-05-27
3143302,Montes Claros,MG,Minas Gerais,437601,False,https://www.montesclaros.mg.gov.br/,MG acima de 15.000 habitantes,SIDRA 6579/v/9324/p/2025,2026-05-20,Necessita validação manual,Site inferido automaticamente; validar antes da entrega.,2026-05-27
3143906,Muriaé,MG,Minas Gerais,108447,False,https://www.muriae.mg.gov.br/,MG acima de 15.000 habitantes,SIDRA 6579/v/9324/p/2025,2026-05-20,Necessita validação manual,Site inferido automaticamente; validar antes da entrega.,2026-05-27
3144003,Mutum,MG,Minas Gerais,28749,False,https://www.mutum.mg.gov.br/,MG acima de 15.000 habitantes,SIDRA 6579/v/9324/p/2025,2026-05-20,Necessita validação manual,Site inferido automaticamente; validar antes da entrega.,2026-05-27
3144102,Muzambinho,MG,Minas Gerais,22620,False,https://www.muzambinho.mg.gov.br/,MG acima de 15.000 habitantes,SIDRA 6579/v/9324/p/2025,2026-05-20,Necessita validação manual,Site inferido automaticamente; validar antes da entrega.,2026-05-27
3140159,Mário Campos,MG,Minas Gerais,16705,False,https://www.mariocampos.mg.gov.br/,MG acima de 15.000 habitantes,SIDRA 6579/v/9324/p/2025,2026-05-20,Necessita validação manual,Site inferido automaticamente; validar antes da entrega.,2026-05-27
3144300,Nanuque,MG,Minas Gerais,35263,False,https://www.nanuque.mg.gov.br/,MG acima de 15.000 habitantes,SIDRA 6579/v/9324/p/2025,2026-05-20,Necessita validação manual,Site inferido automaticamente; validar antes da entrega.,2026-05-27
3144607,Nepomuceno,MG,Minas Gerais,25757,False,https://www.nepomuceno.mg.gov.br/,MG acima de 15.000 habitantes,SIDRA 6579/v/9324/p/2025,2026-05-20,Necessita validação manual,Site inferido automaticamente; validar antes da entrega.,2026-05-27
3144706,Nova Era,MG,Minas Gerais,17813,False,https://www.novaera.mg.gov.br/,MG acima de 15.000 habitantes,SIDRA 6579/v/9324/p/2025,2026-05-20,Necessita validação manual,Site inferido automaticamente; validar antes da entrega.,2026-05-27
3144805,Nova Lima,MG,Minas Gerais,120959,False,https://www.novalima.mg.gov.br/,MG acima de 15.000 habitantes,SIDRA 6579/v/9324/p/2025,2026-05-20,Necessita validação manual,Site inferido automaticamente; validar antes da entrega.,2026-05-27
3145000,Nova Ponte,MG,Minas Gerais,15220,False,https://www.novaponte.mg.gov.br/,MG acima de 15.000 habitantes,SIDRA 6579/v/9324/p/2025,2026-05-20,Necessita validação manual,Site inferido automaticamente; validar antes da entrega.,2026-05-27
3145109,Nova Resende,MG,Minas Gerais,16919,False,https://www.novaresende.mg.gov.br/,MG acima de 15.000 habitantes,SIDRA 6579/v/9324/p/2025,2026-05-20,Necessita validação manual,Site inferido automaticamente; validar antes da entrega.,2026-05-27
3145208,Nova Serrana,MG,Minas Gerais,114791,False,https://www.novaserrana.mg.gov.br/,MG acima de 15.000 habitantes,SIDRA 6579/v/9324/p/2025,2026-05-20,Necessita validação manual,Site inferido automaticamente; validar antes da entrega.,2026-05-27
3145307,Novo Cruzeiro,MG,Minas Gerais,27268,False,https://www.novocruzeiro.mg.gov.br/,MG acima de 15.000 habitantes,SIDRA 6579/v/9324/p/2025,2026-05-20,Necessita validação manual,Site inferido automaticamente; validar antes da entrega.,2026-05-27
3145604,Oliveira,MG,Minas Gerais,40576,False,https://www.oliveira.mg.gov.br/,MG acima de 15.000 habitantes,SIDRA 6579/v/9324/p/2025,2026-05-20,Necessita validação manual,Site inferido automaticamente; validar antes da entrega.,2026-05-27
3145901,Ouro Branco,MG,Minas Gerais,40638,False,https://www.ourobranco.mg.gov.br/,MG acima de 15.000 habitantes,SIDRA 6579/v/9324/p/2025,2026-05-20,Necessita validação manual,Site inferido automaticamente; validar antes da entrega.,2026-05-27
3146008,Ouro Fino,MG,Minas Gerais,33285,False,https://www.ourofino.mg.gov.br/,MG acima de 15.000 habitantes,SIDRA 6579/v/9324/p/2025,2026-05-20,Necessita validação manual,Site inferido automaticamente; validar antes da entrega.,2026-05-27
3146107,Ouro Preto,MG,Minas Gerais,77914,False,https://www.ouropreto.mg.gov.br/,MG acima de 15.000 habitantes,SIDRA 6579/v/9324/p/2025,2026-05-20,Necessita validação manual,Site inferido automaticamente; validar antes da entrega.,2026-05-27
3146305,Padre Paraíso,MG,Minas Gerais,17463,False,https://www.padreparaiso.mg.gov.br/,MG acima de 15.000 habitantes,SIDRA 6579/v/9324/p/2025,2026-05-20,Necessita validação manual,Site inferido automaticamente; validar antes da entrega.,2026-05-27
3147006,Paracatu,MG,Minas Gerais,99005,False,https://www.paracatu.mg.gov.br/,MG acima de 15.000 habitantes,SIDRA 6579/v/9324/p/2025,2026-05-20,Necessita validação manual,Site inferido automaticamente; validar antes da entrega.,2026-05-27
3147204,Paraguaçu,MG,Minas Gerais,22452,False,https://www.paraguacu.mg.gov.br/,MG acima de 15.000 habitantes,SIDRA 6579/v/9324/p/2025,2026-05-20,Necessita validação manual,Site inferido automaticamente; validar antes da entrega.,2026-05-27
3147303,Paraisópolis,MG,Minas Gerais,21076,False,https://www.paraisopolis.mg.gov.br/,MG acima de 15.000 habitantes,SIDRA 6579/v/9324/p/2025,2026-05-20,Necessita validação manual,Site inferido automaticamente; validar antes da entrega.,2026-05-27
3147402,Paraopeba,MG,Minas Gerais,24899,False,https://www.paraopeba.mg.gov.br/,MG acima de 15.000 habitantes,SIDRA 6579/v/9324/p/2025,2026-05-20,Necessita validação manual,Site inferido automaticamente; validar antes da entrega.,2026-05-27
3147105,Pará de Minas,MG,Minas Gerais,102844,False,https://www.parademinas.mg.gov.br/,MG acima de 15.000 habitantes,SIDRA 6579/v/9324/p/2025,2026-05-20,Necessita validação manual,Site inferido automaticamente; validar antes da entrega.,2026-05-27
3147600,Passa Quatro,MG,Minas Gerais,15847,False,https://www.passaquatro.mg.gov.br/,MG acima de 15.000 habitantes,SIDRA 6579/v/9324/p/2025,2026-05-20,Necessita validação manual,Site inferido automaticamente; validar antes da entrega.,2026-05-27
3147907,Passos,MG,Minas Gerais,116951,False,https://www.passos.mg.gov.br/,MG acima de 15.000 habitantes,SIDRA 6579/v/9324/p/2025,2026-05-20,Necessita validação manual,Site inferido automaticamente; validar antes da entrega.,2026-05-27
3148004,Patos de Minas,MG,Minas Gerais,169173,False,https://www.patosdeminas.mg.gov.br/,MG acima de 15.000 habitantes,SIDRA 6579/v/9324/p/2025,2026-05-20,Necessita validação manual,Site inferido automaticamente; validar antes da entrega.,2026-05-27
3148103,Patrocínio,MG,Minas Gerais,94357,False,https://www.patrocinio.mg.gov.br/,MG acima de 15.000 habitantes,SIDRA 6579/v/9324/p/2025,2026-05-20,Necessita validação manual,Site inferido automaticamente; validar antes da entrega.,2026-05-27
3148707,Pedra Azul,MG,Minas Gerais,25045,False,https://www.pedraazul.mg.gov.br/,MG acima de 15.000 habitantes,SIDRA 6579/v/9324/p/2025,2026-05-20,Necessita validação manual,Site inferido automaticamente; validar antes da entrega.,2026-05-27
3149309,Pedro Leopoldo,MG,Minas Gerais,65174,False,https://www.pedroleopoldo.mg.gov.br/,MG acima de 15.000 habitantes,SIDRA 6579/v/9324/p/2025,2026-05-20,Necessita validação manual,Site inferido automaticamente; validar antes da entrega.,2026-05-27
3149804,Perdizes,MG,Minas Gerais,17992,False,https://www.perdizes.mg.gov.br/,MG acima de 15.000 habitantes,SIDRA 6579/v/9324/p/2025,2026-05-20,Necessita validação manual,Site inferido automaticamente; validar antes da entrega.,2026-05-27
3149903,Perdões,MG,Minas Gerais,22075,False,https://www.perdoes.mg.gov.br/,MG acima de 15.000 habitantes,SIDRA 6579/v/9324/p/2025,2026-05-20,Necessita validação manual,Site inferido automaticamente; validar antes da entrega.,2026-05-27
3148608,Peçanha,MG,Minas Gerais,17863,False,https://www.pecanha.mg.gov.br/,MG acima de 15.000 habitantes,SIDRA 6579/v/9324/p/2025,2026-05-20,Necessita validação manual,Site inferido automaticamente; validar antes da entrega.,2026-05-27
3150802,Piranga,MG,Minas Gerais,17358,False,https://www.piranga.mg.gov.br/,MG acima de 15.000 habitantes,SIDRA 6579/v/9324/p/2025,2026-05-20,Necessita validação manual,Site inferido automaticamente; validar antes da entrega.,2026-05-27
3151206,Pirapora,MG,Minas Gerais,57713,False,https://www.pirapora.mg.gov.br/,MG acima de 15.000 habitantes,SIDRA 6579/v/9324/p/2025,2026-05-20,Necessita validação manual,Site inferido automaticamente; validar antes da entrega.,2026-05-27
3151404,Pitangui,MG,Minas Gerais,27834,False,https://www.pitangui.mg.gov.br/,MG acima de 15.000 habitantes,SIDRA 6579/v/9324/p/2025,2026-05-20,Necessita validação manual,Site inferido automaticamente; validar antes da entrega.,2026-05-27
3151503,Piumhi,MG,Minas Gerais,38007,False,,MG acima de 15.000 habitantes,SIDRA 6579/v/9324/p/2025,2026-05-20,Site não localizado,"Site não informado na base. Candidatos básicos: https://www.piumhi.mg.gov.br/, https://piumhi.mg.gov.br/, http://www.piumhi.mg.gov.br/, http://piumhi.mg.gov.br/, https://www.prefeitura.piumhi.mg.gov.br/, https://prefeitura.piumhi.mg.gov.br/, http://www.prefeitura.piumhi.mg.gov.br/, http://prefeitura.piumhi.mg.gov.br/. Busca web oficial falhou: HTTPSConnectionPool(host='duckduckgo.com', port=443): Max retries exceeded with url: /html/?q=prefeitura+Piumhi+MG+site+oficial (Caused by ConnectTimeoutError(<HTTPSConnection(host='duckduckgo.com', port=443) at 0x21bf3ce0>, 'Connection to duckduckgo.com timed out. (connect timeout=8)'))",2026-05-27
3152006,Pompéu,MG,Minas Gerais,32441,False,https://www.pompeu.mg.gov.br/,MG acima de 15.000 habitantes,SIDRA 6579/v/9324/p/2025,2026-05-20,Necessita validação manual,Site inferido automaticamente; validar antes da entrega.,2026-05-27
3152105,Ponte Nova,MG,Minas Gerais,59638,False,https://www.pontenova.mg.gov.br/,MG acima de 15.000 habitantes,SIDRA 6579/v/9324/p/2025,2026-05-20,Necessita validação manual,Site inferido automaticamente; validar antes da entrega.,2026-05-27
3152204,Porteirinha,MG,Minas Gerais,38692,False,https://www.porteirinha.mg.gov.br/,MG acima de 15.000 habitantes,SIDRA 6579/v/9324/p/2025,2026-05-20,Necessita validação manual,Site inferido automaticamente; validar antes da entrega.,2026-05-27
3152501,Pouso Alegre,MG,Minas Gerais,162133,False,https://www.pousoalegre.mg.gov.br/,MG acima de 15.000 habitantes,SIDRA 6579/v/9324/p/2025,2026-05-20,Necessita validação manual,Site inferido automaticamente; validar antes da entrega.,2026-05-27
3151701,Poço Fundo,MG,Minas Gerais,16824,False,https://www.pocofundo.mg.gov.br/,MG acima de 15.000 habitantes,SIDRA 6579/v/9324/p/2025,2026-05-20,Necessita validação manual,Site inferido automaticamente; validar antes da entrega.,2026-05-27
3151800,Poços de Caldas,MG,Minas Gerais,172339,False,https://www.pocosdecaldas.mg.gov.br/,MG acima de 15.000 habitantes,SIDRA 6579/v/9324/p/2025,2026-05-20,Necessita validação manual,Site inferido automaticamente; validar antes da entrega.,2026-05-27
3152808,Prata,MG,Minas Gerais,29745,False,https://www.prata.mg.gov.br/,MG acima de 15.000 habitantes,SIDRA 6579/v/9324/p/2025,2026-05-20,Necessita validação manual,Site inferido automaticamente; validar antes da entrega.,2026-05-27
3153400,Presidente Olegário,MG,Minas Gerais,19192,False,https://www.presidenteolegario.mg.gov.br/,MG acima de 15.000 habitantes,SIDRA 6579/v/9324/p/2025,2026-05-20,Necessita validação manual,Site inferido automaticamente; validar antes da entrega.,2026-05-27
3153905,Raposos,MG,Minas Gerais,16796,False,https://www.raposos.mg.gov.br/,MG acima de 15.000 habitantes,SIDRA 6579/v/9324/p/2025,2026-05-20,Necessita validação manual,Site inferido automaticamente; validar antes da entrega.,2026-05-27
3154002,Raul Soares,MG,Minas Gerais,23874,False,https://www.raulsoares.mg.gov.br/,MG acima de 15.000 habitantes,SIDRA 6579/v/9324/p/2025,2026-05-20,Necessita validação manual,Site inferido automaticamente; validar antes da entrega.,2026-05-27
3154309,Resplendor,MG,Minas Gerais,17629,False,https://www.resplendor.mg.gov.br/,MG acima de 15.000 habitantes,SIDRA 6579/v/9324/p/2025,2026-05-20,Necessita validação manual,Site inferido automaticamente; validar antes da entrega.,2026-05-27
3154606,Ribeirão das Neves,MG,Minas Gerais,346971,False,https://www.ribeiraodasneves.mg.gov.br/,MG acima de 15.000 habitantes,SIDRA 6579/v/9324/p/2025,2026-05-20,Necessita validação manual,Site inferido automaticamente; validar antes da entrega.,2026-05-27
3155504,Rio Paranaíba,MG,Minas Gerais,15297,False,https://www.rioparanaiba.mg.gov.br/,MG acima de 15.000 habitantes,SIDRA 6579/v/9324/p/2025,2026-05-20,Necessita validação manual,Site inferido automaticamente; validar antes da entrega.,2026-05-27
3155603,Rio Pardo de Minas,MG,Minas Gerais,29103,False,https://www.riopardo.mg.gov.br/,MG acima de 15.000 habitantes,SIDRA 6579/v/9324/p/2025,2026-05-20,Necessita validação manual,Site inferido automaticamente; validar antes da entrega.,2026-05-27
3155702,Rio Piracicaba,MG,Minas Gerais,15036,False,https://www.riopiracicaba.mg.gov.br/,MG acima de 15.000 habitantes,SIDRA 6579/v/9324/p/2025,2026-05-20,Necessita validação manual,Site inferido automaticamente; validar antes da entrega.,2026-05-27
3155801,Rio Pomba,MG,Minas Gerais,17885,False,https://www.riopomba.mg.gov.br/,MG acima de 15.000 habitantes,SIDRA 6579/v/9324/p/2025,2026-05-20,Necessita validação manual,Site inferido automaticamente; validar antes da entrega.,2026-05-27
3156700,Sabará,MG,Minas Gerais,134576,False,https://www.sabara.mg.gov.br/,MG acima de 15.000 habitantes,SIDRA 6579/v/9324/p/2025,2026-05-20,Necessita validação manual,Site inferido automaticamente; validar antes da entrega.,2026-05-27
3156908,Sacramento,MG,Minas Gerais,28076,False,https://www.sacramento.mg.gov.br/,MG acima de 15.000 habitantes,SIDRA 6579/v/9324/p/2025,2026-05-20,Necessita validação manual,Site inferido automaticamente; validar antes da entrega.,2026-05-27
3157005,Salinas,MG,Minas Gerais,41736,False,https://www.salinas.mg.gov.br/,MG acima de 15.000 habitantes,SIDRA 6579/v/9324/p/2025,2026-05-20,Necessita validação manual,Site inferido automaticamente; validar antes da entrega.,2026-05-27
3157203,Santa Bárbara,MG,Minas Gerais,31916,False,https://www.santabarbara.mg.gov.br/,MG acima de 15.000 habitantes,SIDRA 6579/v/9324/p/2025,2026-05-20,Necessita validação manual,Site inferido automaticamente; validar antes da entrega.,2026-05-27
3157708,Santa Juliana,MG,Minas Gerais,16820,False,https://www.santajuliana.mg.gov.br/,MG acima de 15.000 habitantes,SIDRA 6579/v/9324/p/2025,2026-05-20,Necessita validação manual,Site inferido automaticamente; validar antes da entrega.,2026-05-27
3157807,Santa Luzia,MG,Minas Gerais,230382,False,https://www.santaluzia.mg.gov.br/,MG acima de 15.000 habitantes,SIDRA 6579/v/9324/p/2025,2026-05-20,Necessita validação manual,Site inferido automaticamente; validar antes da entrega.,2026-05-27
3157906,Santa Margarida,MG,Minas Gerais,16989,False,https://www.santamargarida.mg.gov.br/,MG acima de 15.000 habitantes,SIDRA 6579/v/9324/p/2025,2026-05-20,Necessita validação manual,Site inferido automaticamente; validar antes da entrega.,2026-05-27
3159605,Santa Rita do Sapucaí,MG,Minas Gerais,42517,False,,MG acima de 15.000 habitantes,SIDRA 6579/v/9324/p/2025,2026-05-20,Site não localizado,"Site não informado na base. Candidatos básicos: https://www.santaritadosapucai.mg.gov.br/, https://santaritadosapucai.mg.gov.br/, http://www.santaritadosapucai.mg.gov.br/, http://santaritadosapucai.mg.gov.br/, https://www.prefeitura.santaritadosapucai.mg.gov.br/, https://prefeitura.santaritadosapucai.mg.gov.br/, http://www.prefeitura.santaritadosapucai.mg.gov.br/, http://prefeitura.santaritadosapucai.mg.gov.br/, https://www.santaritasapucai.mg.gov.br/, https://santaritasapucai.mg.gov.br/, http://www.santaritasapucai.mg.gov.br/, http://santaritasapucai.mg.gov.br/, https://www.prefeitura.santaritasapucai.mg.gov.br/, https://prefeitura.santaritasapucai.mg.gov.br/, http://www.prefeitura.santaritasapucai.mg.gov.br/, http://prefeitura.santaritasapucai.mg.gov.br/, https://www.santarita.mg.gov.br/, https://santarita.mg.gov.br/, http://www.santarita.mg.gov.br/, http://santarita.mg.gov.br/, https://www.prefeitura.santarita.mg.gov.br/, https://prefeitura.santarita.mg.gov.br/, http://www.prefeitura.santarita.mg.gov.br/, http://prefeitura.santarita.mg.gov.br/. Busca web oficial falhou: HTTPSConnectionPool(host='duckduckgo.com', port=443): Max retries exceeded with url: /html/?q=prefeitura+Santa+Rita+do+Sapuca%C3%AD+MG+site+oficial (Caused by ConnectTimeoutError(<HTTPSConnection(host='duckduckgo.com', port=443) at 0x2029bfe0>, 'Connection to duckduckgo.com timed out. (connect timeout=8)'))",2026-05-27
3159803,Santa Vitória,MG,Minas Gerais,21914,False,https://www.santavitoria.mg.gov.br/,MG acima de 15.000 habitantes,SIDRA 6579/v/9324/p/2025,2026-05-20,Necessita validação manual,Site inferido automaticamente; validar antes da entrega.,2026-05-27
3158953,Santana do Paraíso,MG,Minas Gerais,49025,False,https://www.santanadoparaiso.mg.gov.br/,MG acima de 15.000 habitantes,SIDRA 6579/v/9324/p/2025,2026-05-20,Necessita validação manual,Site inferido automaticamente; validar antes da entrega.,2026-05-27
3159902,Santo Antônio do Amparo,MG,Minas Gerais,17657,False,https://www.santoantoniodoamparo.mg.gov.br/,MG acima de 15.000 habitantes,SIDRA 6579/v/9324/p/2025,2026-05-20,Necessita validação manual,Site inferido automaticamente; validar antes da entrega.,2026-05-27
3160405,Santo Antônio do Monte,MG,Minas Gerais,28456,False,,MG acima de 15.000 habitantes,SIDRA 6579/v/9324/p/2025,2026-05-20,Site não localizado,"Site não informado na base. Candidatos básicos: https://www.santoantoniodomonte.mg.gov.br/, https://santoantoniodomonte.mg.gov.br/, http://www.santoantoniodomonte.mg.gov.br/, http://santoantoniodomonte.mg.gov.br/, https://www.prefeitura.santoantoniodomonte.mg.gov.br/, https://prefeitura.santoantoniodomonte.mg.gov.br/, http://www.prefeitura.santoantoniodomonte.mg.gov.br/, http://prefeitura.santoantoniodomonte.mg.gov.br/, https://www.santoantoniomonte.mg.gov.br/, https://santoantoniomonte.mg.gov.br/, http://www.santoantoniomonte.mg.gov.br/, http://santoantoniomonte.mg.gov.br/, https://www.prefeitura.santoantoniomonte.mg.gov.br/, https://prefeitura.santoantoniomonte.mg.gov.br/, http://www.prefeitura.santoantoniomonte.mg.gov.br/, http://prefeitura.santoantoniomonte.mg.gov.br/, https://www.santoantonio.mg.gov.br/, https://santoantonio.mg.gov.br/, http://www.santoantonio.mg.gov.br/, http://santoantonio.mg.gov.br/, https://www.prefeitura.santoantonio.mg.gov.br/, https://prefeitura.santoantonio.mg.gov.br/, http://www.prefeitura.santoantonio.mg.gov.br/, http://prefeitura.santoantonio.mg.gov.br/. Busca web oficial falhou: HTTPSConnectionPool(host='duckduckgo.com', port=443): Max retries exceeded with url: /html/?q=prefeitura+Santo+Ant%C3%B4nio+do+Monte+MG+site+oficial (Caused by ConnectTimeoutError(<HTTPSConnection(host='duckduckgo.com', port=443) at 0x21c06540>, 'Connection to duckduckgo.com timed out. (connect timeout=8)'))",2026-05-27
3160702,Santos Dumont,MG,Minas Gerais,43218,False,https://www.santosdumont.mg.gov.br/,MG acima de 15.000 habitantes,SIDRA 6579/v/9324/p/2025,2026-05-20,Necessita validação manual,Site inferido automaticamente; validar antes da entrega.,2026-05-27
3165537,Sarzedo,MG,Minas Gerais,39974,False,https://www.sarzedo.mg.gov.br/,MG acima de 15.000 habitantes,SIDRA 6579/v/9324/p/2025,2026-05-20,Necessita validação manual,Site inferido automaticamente; validar antes da entrega.,2026-05-27
3167103,Serro,MG,Minas Gerais,22624,False,https://www.serro.mg.gov.br/,MG acima de 15.000 habitantes,SIDRA 6579/v/9324/p/2025,2026-05-20,Necessita validação manual,Site inferido automaticamente; validar antes da entrega.,2026-05-27
3167202,Sete Lagoas,MG,Minas Gerais,238909,False,https://www.setelagoas.mg.gov.br/,MG acima de 15.000 habitantes,SIDRA 6579/v/9324/p/2025,2026-05-20,Necessita validação manual,Site inferido automaticamente; validar antes da entrega.,2026-05-27
3167608,Simonésia,MG,Minas Gerais,20431,False,https://www.simonesia.mg.gov.br/,MG acima de 15.000 habitantes,SIDRA 6579/v/9324/p/2025,2026-05-20,Necessita validação manual,Site inferido automaticamente; validar antes da entrega.,2026-05-27
3161007,São Domingos do Prata,MG,Minas Gerais,17783,False,https://www.saodomingosdoprata.mg.gov.br/,MG acima de 15.000 habitantes,SIDRA 6579/v/9324/p/2025,2026-05-20,Necessita validação manual,Site inferido automaticamente; validar antes da entrega.,2026-05-27
3161106,São Francisco,MG,Minas Gerais,54223,False,https://www.saofrancisco.mg.gov.br/,MG acima de 15.000 habitantes,SIDRA 6579/v/9324/p/2025,2026-05-20,Necessita validação manual,Site inferido automaticamente; validar antes da entrega.,2026-05-27
3162005,São Gonçalo do Sapucaí,MG,Minas Gerais,24497,False,https://www.saogoncalodosapucai.mg.gov.br/,MG acima de 15.000 habitantes,SIDRA 6579/v/9324/p/2025,2026-05-20,Necessita validação manual,Site inferido automaticamente; validar antes da entrega.,2026-05-27
3162104,São Gotardo,MG,Minas Gerais,43851,False,https://www.saogotardo.mg.gov.br/,MG acima de 15.000 habitantes,SIDRA 6579/v/9324/p/2025,2026-05-20,Necessita validação manual,Site inferido automaticamente; validar antes da entrega.,2026-05-27
3162922,São Joaquim de Bicas,MG,Minas Gerais,37017,False,https://www.saojoaquimdebicas.mg.gov.br/,MG acima de 15.000 habitantes,SIDRA 6579/v/9324/p/2025,2026-05-20,Necessita validação manual,Site inferido automaticamente; validar antes da entrega.,2026-05-27
3162955,São José da Lapa,MG,Minas Gerais,28087,False,https://www.saojosedalapa.mg.gov.br/,MG acima de 15.000 habitantes,SIDRA 6579/v/9324/p/2025,2026-05-20,Necessita validação manual,Site inferido automaticamente; validar antes da entrega.,2026-05-27
3162807,São João Evangelista,MG,Minas Gerais,15613,False,,MG acima de 15.000 habitantes,SIDRA 6579/v/9324/p/2025,2026-05-20,Site não localizado,"Site não informado na base. Candidatos básicos: https://www.saojoaoevangelista.mg.gov.br/, https://saojoaoevangelista.mg.gov.br/, http://www.saojoaoevangelista.mg.gov.br/, http://saojoaoevangelista.mg.gov.br/, https://www.prefeitura.saojoaoevangelista.mg.gov.br/, https://prefeitura.saojoaoevangelista.mg.gov.br/, http://www.prefeitura.saojoaoevangelista.mg.gov.br/, http://prefeitura.saojoaoevangelista.mg.gov.br/, https://www.saojoao.mg.gov.br/, https://saojoao.mg.gov.br/, http://www.saojoao.mg.gov.br/, http://saojoao.mg.gov.br/, https://www.prefeitura.saojoao.mg.gov.br/, https://prefeitura.saojoao.mg.gov.br/, http://www.prefeitura.saojoao.mg.gov.br/, http://prefeitura.saojoao.mg.gov.br/. Busca web oficial falhou: HTTPSConnectionPool(host='duckduckgo.com', port=443): Max retries exceeded with url: /html/?q=prefeitura+S%C3%A3o+Jo%C3%A3o+Evangelista+MG+site+oficial (Caused by ConnectTimeoutError(<HTTPSConnection(host='duckduckgo.com', port=443) at 0x21bc40e0>, 'Connection to duckduckgo.com timed out. (connect timeout=8)'))",2026-05-27
3162906,São João Nepomuceno,MG,Minas Gerais,26529,False,,MG acima de 15.000 habitantes,SIDRA 6579/v/9324/p/2025,2026-05-20,Site não localizado,"Site não informado na base. Candidatos básicos: https://www.saojoaonepomuceno.mg.gov.br/, https://saojoaonepomuceno.mg.gov.br/, http://www.saojoaonepomuceno.mg.gov.br/, http://saojoaonepomuceno.mg.gov.br/, https://www.prefeitura.saojoaonepomuceno.mg.gov.br/, https://prefeitura.saojoaonepomuceno.mg.gov.br/, http://www.prefeitura.saojoaonepomuceno.mg.gov.br/, http://prefeitura.saojoaonepomuceno.mg.gov.br/, https://www.saojoao.mg.gov.br/, https://saojoao.mg.gov.br/, http://www.saojoao.mg.gov.br/, http://saojoao.mg.gov.br/, https://www.prefeitura.saojoao.mg.gov.br/, https://prefeitura.saojoao.mg.gov.br/, http://www.prefeitura.saojoao.mg.gov.br/, http://prefeitura.saojoao.mg.gov.br/. Busca web oficial falhou: HTTPSConnectionPool(host='duckduckgo.com', port=443): Max retries exceeded with url: /html/?q=prefeitura+S%C3%A3o+Jo%C3%A3o+Nepomuceno+MG+site+oficial (Caused by ConnectTimeoutError(<HTTPSConnection(host='duckduckgo.com', port=443) at 0x21bde630>, 'Connection to duckduckgo.com timed out. (connect timeout=8)'))",2026-05-27
3162401,São João da Ponte,MG,Minas Gerais,24197,False,https://www.saojoaodaponte.mg.gov.br/,MG acima de 15.000 habitantes,SIDRA 6579/v/9324/p/2025,2026-05-20,Necessita validação manual,Site inferido automaticamente; validar antes da entrega.,2026-05-27
3162500,São João del Rei,MG,Minas Gerais,94468,False,https://www.saojoaodelrei.mg.gov.br/,MG acima de 15.000 habitantes,SIDRA 6579/v/9324/p/2025,2026-05-20,Necessita validação manual,Site inferido automaticamente; validar antes da entrega.,2026-05-27
3162708,São João do Paraíso,MG,Minas Gerais,24706,False,,MG acima de 15.000 habitantes,SIDRA 6579/v/9324/p/2025,2026-05-20,Site não localizado,"Site não informado na base. Candidatos básicos: https://www.saojoaodoparaiso.mg.gov.br/, https://saojoaodoparaiso.mg.gov.br/, http://www.saojoaodoparaiso.mg.gov.br/, http://saojoaodoparaiso.mg.gov.br/, https://www.prefeitura.saojoaodoparaiso.mg.gov.br/, https://prefeitura.saojoaodoparaiso.mg.gov.br/, http://www.prefeitura.saojoaodoparaiso.mg.gov.br/, http://prefeitura.saojoaodoparaiso.mg.gov.br/, https://www.saojoaoparaiso.mg.gov.br/, https://saojoaoparaiso.mg.gov.br/, http://www.saojoaoparaiso.mg.gov.br/, http://saojoaoparaiso.mg.gov.br/, https://www.prefeitura.saojoaoparaiso.mg.gov.br/, https://prefeitura.saojoaoparaiso.mg.gov.br/, http://www.prefeitura.saojoaoparaiso.mg.gov.br/, http://prefeitura.saojoaoparaiso.mg.gov.br/, https://www.saojoao.mg.gov.br/, https://saojoao.mg.gov.br/, http://www.saojoao.mg.gov.br/, http://saojoao.mg.gov.br/, https://www.prefeitura.saojoao.mg.gov.br/, https://prefeitura.saojoao.mg.gov.br/, http://www.prefeitura.saojoao.mg.gov.br/, http://prefeitura.saojoao.mg.gov.br/. Busca web oficial falhou: HTTPSConnectionPool(host='duckduckgo.com', port=443): Max retries exceeded with url: /html/?q=prefeitura+S%C3%A3o+Jo%C3%A3o+do+Para%C3%ADso+MG+site+oficial (Caused by ConnectTimeoutError(<HTTPSConnection(host='duckduckgo.com', port=443) at 0x21c06d50>, 'Connection to duckduckgo.com timed out. (connect timeout=8)'))",2026-05-27
3163706,São Lourenço,MG,Minas Gerais,46868,False,https://www.saolourenco.mg.gov.br/,MG acima de 15.000 habitantes,SIDRA 6579/v/9324/p/2025,2026-05-20,Necessita validação manual,Site inferido automaticamente; validar antes da entrega.,2026-05-27
3164704,São Sebastião do Paraíso,MG,Minas Gerais,75179,False,https://www.saosebastiaodoparaiso.mg.gov.br/,MG acima de 15.000 habitantes,SIDRA 6579/v/9324/p/2025,2026-05-20,Necessita validação manual,Site inferido automaticamente; validar antes da entrega.,2026-05-27
3168002,Taiobeiras,MG,Minas Gerais,34537,False,https://www.taiobeiras.mg.gov.br/,MG acima de 15.000 habitantes,SIDRA 6579/v/9324/p/2025,2026-05-20,Necessita validação manual,Site inferido automaticamente; validar antes da entrega.,2026-05-27
3168408,Tarumirim,MG,Minas Gerais,15104,False,https://www.tarumirim.mg.gov.br/,MG acima de 15.000 habitantes,SIDRA 6579/v/9324/p/2025,2026-05-20,Necessita validação manual,Site inferido automaticamente; validar antes da entrega.,2026-05-27
3168606,Teófilo Otoni,MG,Minas Gerais,142851,False,https://www.teofilootoni.mg.gov.br/,MG acima de 15.000 habitantes,SIDRA 6579/v/9324/p/2025,2026-05-20,Necessita validação manual,Site inferido automaticamente; validar antes da entrega.,2026-05-27
3168705,Timóteo,MG,Minas Gerais,84172,False,https://www.timoteo.mg.gov.br/,MG acima de 15.000 habitantes,SIDRA 6579/v/9324/p/2025,2026-05-20,Necessita validação manual,Site inferido automaticamente; validar antes da entrega.,2026-05-27
3169000,Tocantins,MG,Minas Gerais,16603,False,https://www.tocantins.mg.gov.br/,MG acima de 15.000 habitantes,SIDRA 6579/v/9324/p/2025,2026-05-20,Necessita validação manual,Site inferido automaticamente; validar antes da entrega.,2026-05-27
3169307,Três Corações,MG,Minas Gerais,78291,False,https://www.trescoracoes.mg.gov.br/,MG acima de 15.000 habitantes,SIDRA 6579/v/9324/p/2025,2026-05-20,Necessita validação manual,Site inferido automaticamente; validar antes da entrega.,2026-05-27
3169356,Três Marias,MG,Minas Gerais,29985,False,https://www.tresmarias.mg.gov.br/,MG acima de 15.000 habitantes,SIDRA 6579/v/9324/p/2025,2026-05-20,Necessita validação manual,Site inferido automaticamente; validar antes da entrega.,2026-05-27
3169406,Três Pontas,MG,Minas Gerais,57209,False,https://www.trespontas.mg.gov.br/,MG acima de 15.000 habitantes,SIDRA 6579/v/9324/p/2025,2026-05-20,Necessita validação manual,Site inferido automaticamente; validar antes da entrega.,2026-05-27
3169604,Tupaciguara,MG,Minas Gerais,26583,False,https://www.tupaciguara.mg.gov.br/,MG acima de 15.000 habitantes,SIDRA 6579/v/9324/p/2025,2026-05-20,Necessita validação manual,Site inferido automaticamente; validar antes da entrega.,2026-05-27
3169703,Turmalina,MG,Minas Gerais,20769,False,https://www.turmalina.mg.gov.br/,MG acima de 15.000 habitantes,SIDRA 6579/v/9324/p/2025,2026-05-20,Necessita validação manual,Site inferido automaticamente; validar antes da entrega.,2026-05-27
3170107,Uberaba,MG,Minas Gerais,356781,False,https://www.uberaba.mg.gov.br/,MG acima de 15.000 habitantes,SIDRA 6579/v/9324/p/2025,2026-05-20,Necessita validação manual,Site inferido automaticamente; validar antes da entrega.,2026-05-27
3170206,Uberlândia,MG,Minas Gerais,761835,False,https://www.uberlandia.mg.gov.br/,MG acima de 15.000 habitantes,SIDRA 6579/v/9324/p/2025,2026-05-20,Necessita validação manual,Site inferido automaticamente; validar antes da entrega.,2026-05-27
3169901,Ubá,MG,Minas Gerais,107423,False,https://www.uba.mg.gov.br/,MG acima de 15.000 habitantes,SIDRA 6579/v/9324/p/2025,2026-05-20,Necessita validação manual,Site inferido automaticamente; validar antes da entrega.,2026-05-27
3170404,Unaí,MG,Minas Gerais,91320,False,,MG acima de 15.000 habitantes,SIDRA 6579/v/9324/p/2025,2026-05-20,Site não localizado,"Site não informado na base. Candidatos básicos: https://www.unai.mg.gov.br/, https://unai.mg.gov.br/, http://www.unai.mg.gov.br/, http://unai.mg.gov.br/, https://www.prefeitura.unai.mg.gov.br/, https://prefeitura.unai.mg.gov.br/, http://www.prefeitura.unai.mg.gov.br/, http://prefeitura.unai.mg.gov.br/. Busca web oficial falhou: HTTPSConnectionPool(host='duckduckgo.com', port=443): Max retries exceeded with url: /html/?q=prefeitura+Una%C3%AD+MG+site+oficial (Caused by ConnectTimeoutError(<HTTPSConnection(host='duckduckgo.com', port=443) at 0x21c06d80>, 'Connection to duckduckgo.com timed out. (connect timeout=8)'))",2026-05-27
3170529,Urucuia,MG,Minas Gerais,18515,False,https://www.urucuia.mg.gov.br/,MG acima de 15.000 habitantes,SIDRA 6579/v/9324/p/2025,2026-05-20,Necessita validação manual,Site inferido automaticamente; validar antes da entrega.,2026-05-27
3170701,Varginha,MG,Minas Gerais,143676,False,https://www.varginha.mg.gov.br/,MG acima de 15.000 habitantes,SIDRA 6579/v/9324/p/2025,2026-05-20,Necessita validação manual,Site inferido automaticamente; validar antes da entrega.,2026-05-27
3170909,Varzelândia,MG,Minas Gerais,19210,False,https://www.varzelandia.mg.gov.br/,MG acima de 15.000 habitantes,SIDRA 6579/v/9324/p/2025,2026-05-20,Necessita validação manual,Site inferido automaticamente; validar antes da entrega.,2026-05-27
3171006,Vazante,MG,Minas Gerais,20459,False,https://www.vazante.mg.gov.br/,MG acima de 15.000 habitantes,SIDRA 6579/v/9324/p/2025,2026-05-20,Necessita validação manual,Site inferido automaticamente; validar antes da entrega.,2026-05-27
3171204,Vespasiano,MG,Minas Gerais,138583,False,https://www.vespasiano.mg.gov.br/,MG acima de 15.000 habitantes,SIDRA 6579/v/9324/p/2025,2026-05-20,Necessita validação manual,Site inferido automaticamente; validar antes da entrega.,2026-05-27
3172004,Visconde do Rio Branco,MG,Minas Gerais,40711,False,https://www.viscondedoriobranco.mg.gov.br/,MG acima de 15.000 habitantes,SIDRA 6579/v/9324/p/2025,2026-05-20,Necessita validação manual,Site inferido automaticamente; validar antes da entrega.,2026-05-27
3171303,Viçosa,MG,Minas Gerais,79517,False,https://www.vicosa.mg.gov.br/,MG acima de 15.000 habitantes,SIDRA 6579/v/9324/p/2025,2026-05-20,Necessita validação manual,Site inferido automaticamente; validar antes da entrega.,2026-05-27
3170800,Várzea da Palma,MG,Minas Gerais,34555,False,https://www.varzeadapalma.mg.gov.br/,MG acima de 15.000 habitantes,SIDRA 6579/v/9324/p/2025,2026-05-20,Necessita validação manual,Site inferido automaticamente; validar antes da entrega.,2026-05-27
3100906,Águas Formosas,MG,Minas Gerais,18850,False,https://www.aguasformosas.mg.gov.br/,MG acima de 15.000 habitantes,SIDRA 6579/v/9324/p/2025,2026-05-20,Necessita validação manual,Site inferido automaticamente; validar antes da entrega.,2026-05-27
5002704,Campo Grande,MS,Mato Grosso do Sul,962883,True,https://www.campogrande.ms.gov.br/,Capital dos demais estados/DF,SIDRA 6579/v/9324/p/2025,2026-05-20,Necessita validação manual,Site inferido automaticamente; validar antes da entrega.,2026-05-27
5103403,Cuiabá,MT,Mato Grosso,691875,True,https://www.cuiaba.mt.gov.br/,Capital dos demais estados/DF,SIDRA 6579/v/9324/p/2025,2026-05-20,Necessita validação manual,Site inferido automaticamente; validar antes da entrega.,2026-05-27
1501402,Belém,PA,Pará,1397315,True,https://www.belem.pa.gov.br/,Capital dos demais estados/DF,SIDRA 6579/v/9324/p/2025,2026-05-20,Necessita validação manual,Site inferido automaticamente; validar antes da entrega.,2026-05-27
2507507,João Pessoa,PB,Paraíba,897633,True,https://www.joaopessoa.pb.gov.br/,Capital dos demais estados/DF,SIDRA 6579/v/9324/p/2025,2026-05-20,Necessita validação manual,Site inferido automaticamente; validar antes da entrega.,2026-05-27
2611606,Recife,PE,Pernambuco,1588376,True,https://www.recife.pe.gov.br/,Capital dos demais estados/DF,SIDRA 6579/v/9324/p/2025,2026-05-20,Necessita validação manual,Site inferido automaticamente; validar antes da entrega.,2026-05-27
2211001,Teresina,PI,Piauí,905692,True,https://www.teresina.pi.gov.br/,Capital dos demais estados/DF,SIDRA 6579/v/9324/p/2025,2026-05-20,Necessita validação manual,Site inferido automaticamente; validar antes da entrega.,2026-05-27
4100400,Almirante Tamandaré,PR,Paraná,125861,False,,PR acima de 15.000 habitantes,SIDRA 6579/v/9324/p/2025,2026-05-20,Site não localizado,"Site não informado na base. Candidatos básicos: https://www.almirantetamandare.pr.gov.br/, https://almirantetamandare.pr.gov.br/, http://www.almirantetamandare.pr.gov.br/, http://almirantetamandare.pr.gov.br/, https://www.prefeitura.almirantetamandare.pr.gov.br/, https://prefeitura.almirantetamandare.pr.gov.br/, http://www.prefeitura.almirantetamandare.pr.gov.br/, http://prefeitura.almirantetamandare.pr.gov.br/. Busca web oficial falhou: HTTPSConnectionPool(host='duckduckgo.com', port=443): Max retries exceeded with url: /html/?q=prefeitura+Almirante+Tamandar%C3%A9+PR+site+oficial (Caused by ConnectTimeoutError(<HTTPSConnection(host='duckduckgo.com', port=443) at 0x21bc5460>, 'Connection to duckduckgo.com timed out. (connect timeout=8)'))",2026-05-27
4100509,Altônia,PR,Paraná,18634,False,https://www.altonia.pr.gov.br/,PR acima de 15.000 habitantes,SIDRA 6579/v/9324/p/2025,2026-05-20,Necessita validação manual,Site inferido automaticamente; validar antes da entrega.,2026-05-27
4101002,Ampére,PR,Paraná,20337,False,https://www.ampere.pr.gov.br/,PR acima de 15.000 habitantes,SIDRA 6579/v/9324/p/2025,2026-05-20,Necessita validação manual,Site inferido automaticamente; validar antes da entrega.,2026-05-27
4101101,Andirá,PR,Paraná,19989,False,https://www.andira.pr.gov.br/,PR acima de 15.000 habitantes,SIDRA 6579/v/9324/p/2025,2026-05-20,Necessita validação manual,Site inferido automaticamente; validar antes da entrega.,2026-05-27
4101200,Antonina,PR,Paraná,18140,False,https://www.antonina.pr.gov.br/,PR acima de 15.000 habitantes,SIDRA 6579/v/9324/p/2025,2026-05-20,Necessita validação manual,Site inferido automaticamente; validar antes da entrega.,2026-05-27
4101408,Apucarana,PR,Paraná,134910,False,https://www.apucarana.pr.gov.br/,PR acima de 15.000 habitantes,SIDRA 6579/v/9324/p/2025,2026-05-20,Necessita validação manual,Site inferido automaticamente; validar antes da entrega.,2026-05-27
4101507,Arapongas,PR,Paraná,124838,False,https://www.arapongas.pr.gov.br/,PR acima de 15.000 habitantes,SIDRA 6579/v/9324/p/2025,2026-05-20,Necessita validação manual,Site inferido automaticamente; validar antes da entrega.,2026-05-27
4101606,Arapoti,PR,Paraná,26325,False,https://www.arapoti.pr.gov.br/,PR acima de 15.000 habitantes,SIDRA 6579/v/9324/p/2025,2026-05-20,Necessita validação manual,Site inferido automaticamente; validar antes da entrega.,2026-05-27
4101804,Araucária,PR,Paraná,162247,False,https://www.araucaria.pr.gov.br/,PR acima de 15.000 habitantes,SIDRA 6579/v/9324/p/2025,2026-05-20,Necessita validação manual,Site inferido automaticamente; validar antes da entrega.,2026-05-27
4102000,Assis Chateaubriand,PR,Paraná,38357,False,https://www.assischateaubriand.pr.gov.br/,PR acima de 15.000 habitantes,SIDRA 6579/v/9324/p/2025,2026-05-20,Necessita validação manual,Site inferido automaticamente; validar antes da entrega.,2026-05-27
4102109,Astorga,PR,Paraná,26203,False,https://www.astorga.pr.gov.br/,PR acima de 15.000 habitantes,SIDRA 6579/v/9324/p/2025,2026-05-20,Necessita validação manual,Site inferido automaticamente; validar antes da entrega.,2026-05-27
4102406,Bandeirantes,PR,Paraná,31747,False,https://www.bandeirantes.pr.gov.br/,PR acima de 15.000 habitantes,SIDRA 6579/v/9324/p/2025,2026-05-20,Necessita validação manual,Site inferido automaticamente; validar antes da entrega.,2026-05-27
4102901,Bituruna,PR,Paraná,15650,False,https://www.bituruna.pr.gov.br/,PR acima de 15.000 habitantes,SIDRA 6579/v/9324/p/2025,2026-05-20,Necessita validação manual,Site inferido automaticamente; validar antes da entrega.,2026-05-27
4103453,Cafelândia,PR,Paraná,20145,False,https://www.cafelandia.pr.gov.br/,PR acima de 15.000 habitantes,SIDRA 6579/v/9324/p/2025,2026-05-20,Necessita validação manual,Site inferido automaticamente; validar antes da entrega.,2026-05-27
4103602,Cambará,PR,Paraná,23393,False,https://www.cambara.pr.gov.br/,PR acima de 15.000 habitantes,SIDRA 6579/v/9324/p/2025,2026-05-20,Necessita validação manual,Site inferido automaticamente; validar antes da entrega.,2026-05-27
4103701,Cambé,PR,Paraná,110923,False,https://www.cambe.pr.gov.br/,PR acima de 15.000 habitantes,SIDRA 6579/v/9324/p/2025,2026-05-20,Necessita validação manual,Site inferido automaticamente; validar antes da entrega.,2026-05-27
4104006,Campina Grande do Sul,PR,Paraná,50600,False,https://www.campinagrandedosul.pr.gov.br/,PR acima de 15.000 habitantes,SIDRA 6579/v/9324/p/2025,2026-05-20,Necessita validação manual,Site inferido automaticamente; validar antes da entrega.,2026-05-27
4103909,Campina da Lagoa,PR,Paraná,16014,False,https://www.campinadalagoa.pr.gov.br/,PR acima de 15.000 habitantes,SIDRA 6579/v/9324/p/2025,2026-05-20,Necessita validação manual,Site inferido automaticamente; validar antes da entrega.,2026-05-27
4104204,Campo Largo,PR,Paraná,144504,False,https://www.campolargo.pr.gov.br/,PR acima de 15.000 habitantes,SIDRA 6579/v/9324/p/2025,2026-05-20,Necessita validação manual,Site inferido automaticamente; validar antes da entrega.,2026-05-27
4104253,Campo Magro,PR,Paraná,31888,False,https://www.campomagro.pr.gov.br/,PR acima de 15.000 habitantes,SIDRA 6579/v/9324/p/2025,2026-05-20,Necessita validação manual,Site inferido automaticamente; validar antes da entrega.,2026-05-27
4104303,Campo Mourão,PR,Paraná,104122,False,https://www.campomourao.pr.gov.br/,PR acima de 15.000 habitantes,SIDRA 6579/v/9324/p/2025,2026-05-20,Necessita validação manual,Site inferido automaticamente; validar antes da entrega.,2026-05-27
4104428,Candói,PR,Paraná,15174,False,https://www.candoi.pr.gov.br/,PR acima de 15.000 habitantes,SIDRA 6579/v/9324/p/2025,2026-05-20,Necessita validação manual,Site inferido automaticamente; validar antes da entrega.,2026-05-27
4104501,Capanema,PR,Paraná,21088,False,https://www.capanema.pr.gov.br/,PR acima de 15.000 habitantes,SIDRA 6579/v/9324/p/2025,2026-05-20,Necessita validação manual,Site inferido automaticamente; validar antes da entrega.,2026-05-27
4104659,Carambeí,PR,Paraná,24469,False,https://www.carambei.pr.gov.br/,PR acima de 15.000 habitantes,SIDRA 6579/v/9324/p/2025,2026-05-20,Necessita validação manual,Site inferido automaticamente; validar antes da entrega.,2026-05-27
4104709,Carlópolis,PR,Paraná,17788,False,https://www.carlopolis.pr.gov.br/,PR acima de 15.000 habitantes,SIDRA 6579/v/9324/p/2025,2026-05-20,Necessita validação manual,Site inferido automaticamente; validar antes da entrega.,2026-05-27
4104808,Cascavel,PR,Paraná,368195,False,https://www.cascavel.pr.gov.br/,PR acima de 15.000 habitantes,SIDRA 6579/v/9324/p/2025,2026-05-20,Necessita validação manual,Site inferido automaticamente; validar antes da entrega.,2026-05-27
4104907,Castro,PR,Paraná,75644,False,https://castro.pr.gov.br/,PR acima de 15.000 habitantes,SIDRA 6579/v/9324/p/2025,2026-05-20,Necessita validação manual,Site inferido automaticamente; validar antes da entrega.,2026-05-27
4105201,Cerro Azul,PR,Paraná,16287,False,https://www.cerroazul.pr.gov.br/,PR acima de 15.000 habitantes,SIDRA 6579/v/9324/p/2025,2026-05-20,Necessita validação manual,Site inferido automaticamente; validar antes da entrega.,2026-05-27
4105409,Chopinzinho,PR,Paraná,21604,False,https://www.chopinzinho.pr.gov.br/,PR acima de 15.000 habitantes,SIDRA 6579/v/9324/p/2025,2026-05-20,Necessita validação manual,Site inferido automaticamente; validar antes da entrega.,2026-05-27
4105508,Cianorte,PR,Paraná,82988,False,https://www.cianorte.pr.gov.br/,PR acima de 15.000 habitantes,SIDRA 6579/v/9324/p/2025,2026-05-20,Necessita validação manual,Site inferido automaticamente; validar antes da entrega.,2026-05-27
4105805,Colombo,PR,Paraná,241672,False,https://www.colombo.pr.gov.br/,PR acima de 15.000 habitantes,SIDRA 6579/v/9324/p/2025,2026-05-20,Necessita validação manual,Site inferido automaticamente; validar antes da entrega.,2026-05-27
4105904,Colorado,PR,Paraná,23313,False,https://www.colorado.pr.gov.br/,PR acima de 15.000 habitantes,SIDRA 6579/v/9324/p/2025,2026-05-20,Necessita validação manual,Site inferido automaticamente; validar antes da entrega.,2026-05-27
4106209,Contenda,PR,Paraná,20006,False,https://www.contenda.pr.gov.br/,PR acima de 15.000 habitantes,SIDRA 6579/v/9324/p/2025,2026-05-20,Necessita validação manual,Site inferido automaticamente; validar antes da entrega.,2026-05-27
4106308,Corbélia,PR,Paraná,17933,False,https://www.corbelia.pr.gov.br/,PR acima de 15.000 habitantes,SIDRA 6579/v/9324/p/2025,2026-05-20,Necessita validação manual,Site inferido automaticamente; validar antes da entrega.,2026-05-27
4106407,Cornélio Procópio,PR,Paraná,45720,False,https://www.cornelioprocopio.pr.gov.br/,PR acima de 15.000 habitantes,SIDRA 6579/v/9324/p/2025,2026-05-20,Necessita validação manual,Site inferido automaticamente; validar antes da entrega.,2026-05-27
4106506,Coronel Vivida,PR,Paraná,24010,False,https://www.coronelvivida.pr.gov.br/,PR acima de 15.000 habitantes,SIDRA 6579/v/9324/p/2025,2026-05-20,Necessita validação manual,Site inferido automaticamente; validar antes da entrega.,2026-05-27
4106803,Cruz Machado,PR,Paraná,15759,False,,PR acima de 15.000 habitantes,SIDRA 6579/v/9324/p/2025,2026-05-20,Site não localizado,"Site não informado na base. Candidatos básicos: https://www.cruzmachado.pr.gov.br/, https://cruzmachado.pr.gov.br/, http://www.cruzmachado.pr.gov.br/, http://cruzmachado.pr.gov.br/, https://www.prefeitura.cruzmachado.pr.gov.br/, https://prefeitura.cruzmachado.pr.gov.br/, http://www.prefeitura.cruzmachado.pr.gov.br/, http://prefeitura.cruzmachado.pr.gov.br/. Busca web oficial falhou: HTTPSConnectionPool(host='duckduckgo.com', port=443): Max retries exceeded with url: /html/?q=prefeitura+Cruz+Machado+PR+site+oficial (Caused by ConnectTimeoutError(<HTTPSConnection(host='duckduckgo.com', port=443) at 0x1de6bd70>, 'Connection to duckduckgo.com timed out. (connect timeout=8)'))",2026-05-27
4106605,Cruzeiro do Oeste,PR,Paraná,24859,False,https://www.cruzeirodooeste.pr.gov.br/,PR acima de 15.000 habitantes,SIDRA 6579/v/9324/p/2025,2026-05-20,Necessita validação manual,Site inferido automaticamente; validar antes da entrega.,2026-05-27
4106902,Curitiba,PR,Paraná,1830795,True,https://www.curitiba.pr.gov.br/,PR acima de 15.000 habitantes,SIDRA 6579/v/9324/p/2025,2026-05-20,Necessita validação manual,Site inferido automaticamente; validar antes da entrega.,2026-05-27
4104402,Cândido de Abreu,PR,Paraná,15081,False,https://www.candidodeabreu.pr.gov.br/,PR acima de 15.000 habitantes,SIDRA 6579/v/9324/p/2025,2026-05-20,Necessita validação manual,Site inferido automaticamente; validar antes da entrega.,2026-05-27
4107207,Dois Vizinhos,PR,Paraná,47589,False,https://www.doisvizinhos.pr.gov.br/,PR acima de 15.000 habitantes,SIDRA 6579/v/9324/p/2025,2026-05-20,Necessita validação manual,Site inferido automaticamente; validar antes da entrega.,2026-05-27
4107603,Faxinal,PR,Paraná,16596,False,https://www.faxinal.pr.gov.br/,PR acima de 15.000 habitantes,SIDRA 6579/v/9324/p/2025,2026-05-20,Necessita validação manual,Site inferido automaticamente; validar antes da entrega.,2026-05-27
4107652,Fazenda Rio Grande,PR,Paraná,165943,False,https://www.fazendariogrande.pr.gov.br/,PR acima de 15.000 habitantes,SIDRA 6579/v/9324/p/2025,2026-05-20,Necessita validação manual,Site inferido automaticamente; validar antes da entrega.,2026-05-27
4108304,Foz do Iguaçu,PR,Paraná,297352,False,https://www.fozdoiguacu.pr.gov.br/,PR acima de 15.000 habitantes,SIDRA 6579/v/9324/p/2025,2026-05-20,Necessita validação manual,Site inferido automaticamente; validar antes da entrega.,2026-05-27
4108403,Francisco Beltrão,PR,Paraná,102312,False,https://www.franciscobeltrao.pr.gov.br/,PR acima de 15.000 habitantes,SIDRA 6579/v/9324/p/2025,2026-05-20,Necessita validação manual,Site inferido automaticamente; validar antes da entrega.,2026-05-27
4108601,Goioerê,PR,Paraná,28931,False,https://www.goioere.pr.gov.br/,PR acima de 15.000 habitantes,SIDRA 6579/v/9324/p/2025,2026-05-20,Necessita validação manual,Site inferido automaticamente; validar antes da entrega.,2026-05-27
4109401,Guarapuava,PR,Paraná,189630,False,https://www.guarapuava.pr.gov.br/,PR acima de 15.000 habitantes,SIDRA 6579/v/9324/p/2025,2026-05-20,Necessita validação manual,Site inferido automaticamente; validar antes da entrega.,2026-05-27
4109609,Guaratuba,PR,Paraná,44913,False,https://www.guaratuba.pr.gov.br/,PR acima de 15.000 habitantes,SIDRA 6579/v/9324/p/2025,2026-05-20,Necessita validação manual,Site inferido automaticamente; validar antes da entrega.,2026-05-27
4108809,Guaíra,PR,Paraná,33058,False,https://www.guaira.pr.gov.br/,PR acima de 15.000 habitantes,SIDRA 6579/v/9324/p/2025,2026-05-20,Necessita validação manual,Site inferido automaticamente; validar antes da entrega.,2026-05-27
4109708,Ibaiti,PR,Paraná,29464,False,https://www.ibaiti.pr.gov.br/,PR acima de 15.000 habitantes,SIDRA 6579/v/9324/p/2025,2026-05-20,Necessita validação manual,Site inferido automaticamente; validar antes da entrega.,2026-05-27
4109807,Ibiporã,PR,Paraná,53276,False,https://www.ibipora.pr.gov.br/,PR acima de 15.000 habitantes,SIDRA 6579/v/9324/p/2025,2026-05-20,Necessita validação manual,Site inferido automaticamente; validar antes da entrega.,2026-05-27
4110078,Imbaú,PR,Paraná,15068,False,https://www.imbau.pr.gov.br/,PR acima de 15.000 habitantes,SIDRA 6579/v/9324/p/2025,2026-05-20,Necessita validação manual,Site inferido automaticamente; validar antes da entrega.,2026-05-27
4110102,Imbituva,PR,Paraná,30849,False,https://www.imbituva.pr.gov.br/,PR acima de 15.000 habitantes,SIDRA 6579/v/9324/p/2025,2026-05-20,Necessita validação manual,Site inferido automaticamente; validar antes da entrega.,2026-05-27
4110607,Iporã,PR,Paraná,16102,False,https://www.ipora.pr.gov.br/,PR acima de 15.000 habitantes,SIDRA 6579/v/9324/p/2025,2026-05-20,Necessita validação manual,Site inferido automaticamente; validar antes da entrega.,2026-05-27
4110706,Irati,PR,Paraná,61004,False,https://www.irati.pr.gov.br/,PR acima de 15.000 habitantes,SIDRA 6579/v/9324/p/2025,2026-05-20,Necessita validação manual,Site inferido automaticamente; validar antes da entrega.,2026-05-27
4111258,Itaperuçu,PR,Paraná,33310,False,https://www.itaperucu.pr.gov.br/,PR acima de 15.000 habitantes,SIDRA 6579/v/9324/p/2025,2026-05-20,Necessita validação manual,Site inferido automaticamente; validar antes da entrega.,2026-05-27
4111506,Ivaiporã,PR,Paraná,33566,False,https://www.ivaipora.pr.gov.br/,PR acima de 15.000 habitantes,SIDRA 6579/v/9324/p/2025,2026-05-20,Necessita validação manual,Site inferido automaticamente; validar antes da entrega.,2026-05-27
4111803,Jacarezinho,PR,Paraná,41493,False,https://www.jacarezinho.pr.gov.br/,PR acima de 15.000 habitantes,SIDRA 6579/v/9324/p/2025,2026-05-20,Necessita validação manual,Site inferido automaticamente; validar antes da entrega.,2026-05-27
4111902,Jaguapitã,PR,Paraná,15908,False,https://www.jaguapita.pr.gov.br/,PR acima de 15.000 habitantes,SIDRA 6579/v/9324/p/2025,2026-05-20,Necessita validação manual,Site inferido automaticamente; validar antes da entrega.,2026-05-27
4112009,Jaguariaíva,PR,Paraná,36384,False,https://www.jaguariaiva.pr.gov.br/,PR acima de 15.000 habitantes,SIDRA 6579/v/9324/p/2025,2026-05-20,Necessita validação manual,Site inferido automaticamente; validar antes da entrega.,2026-05-27
4112108,Jandaia do Sul,PR,Paraná,21930,False,https://www.jandaiadosul.pr.gov.br/,PR acima de 15.000 habitantes,SIDRA 6579/v/9324/p/2025,2026-05-20,Necessita validação manual,Site inferido automaticamente; validar antes da entrega.,2026-05-27
4113205,Lapa,PR,Paraná,45878,False,https://www.lapa.pr.gov.br/,PR acima de 15.000 habitantes,SIDRA 6579/v/9324/p/2025,2026-05-20,Necessita validação manual,Site inferido automaticamente; validar antes da entrega.,2026-05-27
4113304,Laranjeiras do Sul,PR,Paraná,33179,False,https://www.laranjeirasdosul.pr.gov.br/,PR acima de 15.000 habitantes,SIDRA 6579/v/9324/p/2025,2026-05-20,Necessita validação manual,Site inferido automaticamente; validar antes da entrega.,2026-05-27
4113502,Loanda,PR,Paraná,23966,False,https://www.loanda.pr.gov.br/,PR acima de 15.000 habitantes,SIDRA 6579/v/9324/p/2025,2026-05-20,Necessita validação manual,Site inferido automaticamente; validar antes da entrega.,2026-05-27
4113700,Londrina,PR,Paraná,581382,False,https://www.londrina.pr.gov.br/,PR acima de 15.000 habitantes,SIDRA 6579/v/9324/p/2025,2026-05-20,Necessita validação manual,Site inferido automaticamente; validar antes da entrega.,2026-05-27
4114203,Mandaguari,PR,Paraná,38313,False,https://www.mandaguari.pr.gov.br/,PR acima de 15.000 habitantes,SIDRA 6579/v/9324/p/2025,2026-05-20,Necessita validação manual,Site inferido automaticamente; validar antes da entrega.,2026-05-27
4114104,Mandaguaçu,PR,Paraná,34521,False,https://www.mandaguacu.pr.gov.br/,PR acima de 15.000 habitantes,SIDRA 6579/v/9324/p/2025,2026-05-20,Necessita validação manual,Site inferido automaticamente; validar antes da entrega.,2026-05-27
4114302,Mandirituba,PR,Paraná,29104,False,https://www.mandirituba.pr.gov.br/,PR acima de 15.000 habitantes,SIDRA 6579/v/9324/p/2025,2026-05-20,Necessita validação manual,Site inferido automaticamente; validar antes da entrega.,2026-05-27
4114401,Mangueirinha,PR,Paraná,16737,False,https://www.mangueirinha.pr.gov.br/,PR acima de 15.000 habitantes,SIDRA 6579/v/9324/p/2025,2026-05-20,Necessita validação manual,Site inferido automaticamente; validar antes da entrega.,2026-05-27
4114609,Marechal Cândido Rondon,PR,Paraná,58734,False,,PR acima de 15.000 habitantes,SIDRA 6579/v/9324/p/2025,2026-05-20,Site não localizado,"Site não informado na base. Candidatos básicos: https://www.marechalcandidorondon.pr.gov.br/, https://marechalcandidorondon.pr.gov.br/, http://www.marechalcandidorondon.pr.gov.br/, http://marechalcandidorondon.pr.gov.br/, https://www.prefeitura.marechalcandidorondon.pr.gov.br/, https://prefeitura.marechalcandidorondon.pr.gov.br/, http://www.prefeitura.marechalcandidorondon.pr.gov.br/, http://prefeitura.marechalcandidorondon.pr.gov.br/, https://www.marechalcandido.pr.gov.br/, https://marechalcandido.pr.gov.br/, http://www.marechalcandido.pr.gov.br/, http://marechalcandido.pr.gov.br/, https://www.prefeitura.marechalcandido.pr.gov.br/, https://prefeitura.marechalcandido.pr.gov.br/, http://www.prefeitura.marechalcandido.pr.gov.br/, http://prefeitura.marechalcandido.pr.gov.br/. Busca web oficial falhou: HTTPSConnectionPool(host='duckduckgo.com', port=443): Max retries exceeded with url: /html/?q=prefeitura+Marechal+C%C3%A2ndido+Rondon+PR+site+oficial (Caused by ConnectTimeoutError(<HTTPSConnection(host='duckduckgo.com', port=443) at 0x21c1f260>, 'Connection to duckduckgo.com timed out. (connect timeout=8)'))",2026-05-27
4114807,Marialva,PR,Paraná,44749,False,https://www.marialva.pr.gov.br/,PR acima de 15.000 habitantes,SIDRA 6579/v/9324/p/2025,2026-05-20,Necessita validação manual,Site inferido automaticamente; validar antes da entrega.,2026-05-27
4115200,Maringá,PR,Paraná,429660,False,https://www.maringa.pr.gov.br/,PR acima de 15.000 habitantes,SIDRA 6579/v/9324/p/2025,2026-05-20,Necessita validação manual,Site inferido automaticamente; validar antes da entrega.,2026-05-27
4115408,Marmeleiro,PR,Paraná,16605,False,https://www.marmeleiro.pr.gov.br/,PR acima de 15.000 habitantes,SIDRA 6579/v/9324/p/2025,2026-05-20,Necessita validação manual,Site inferido automaticamente; validar antes da entrega.,2026-05-27
4115606,Matelândia,PR,Paraná,19223,False,https://www.matelandia.pr.gov.br/,PR acima de 15.000 habitantes,SIDRA 6579/v/9324/p/2025,2026-05-20,Necessita validação manual,Site inferido automaticamente; validar antes da entrega.,2026-05-27
4115705,Matinhos,PR,Paraná,42063,False,https://www.matinhos.pr.gov.br/,PR acima de 15.000 habitantes,SIDRA 6579/v/9324/p/2025,2026-05-20,Necessita validação manual,Site inferido automaticamente; validar antes da entrega.,2026-05-27
4115804,Medianeira,PR,Paraná,57910,False,https://www.medianeira.pr.gov.br/,PR acima de 15.000 habitantes,SIDRA 6579/v/9324/p/2025,2026-05-20,Necessita validação manual,Site inferido automaticamente; validar antes da entrega.,2026-05-27
4116208,Morretes,PR,Paraná,19089,False,https://www.morretes.pr.gov.br/,PR acima de 15.000 habitantes,SIDRA 6579/v/9324/p/2025,2026-05-20,Necessita validação manual,Site inferido automaticamente; validar antes da entrega.,2026-05-27
4116901,Nova Esperança,PR,Paraná,27142,False,https://www.novaesperanca.pr.gov.br/,PR acima de 15.000 habitantes,SIDRA 6579/v/9324/p/2025,2026-05-20,Necessita validação manual,Site inferido automaticamente; validar antes da entrega.,2026-05-27
4117305,Ortigueira,PR,Paraná,24706,False,https://www.ortigueira.pr.gov.br/,PR acima de 15.000 habitantes,SIDRA 6579/v/9324/p/2025,2026-05-20,Necessita validação manual,Site inferido automaticamente; validar antes da entrega.,2026-05-27
4117503,Paiçandu,PR,Paraná,48695,False,https://www.paicandu.pr.gov.br/,PR acima de 15.000 habitantes,SIDRA 6579/v/9324/p/2025,2026-05-20,Necessita validação manual,Site inferido automaticamente; validar antes da entrega.,2026-05-27
4117602,Palmas,PR,Paraná,50238,False,,PR acima de 15.000 habitantes,SIDRA 6579/v/9324/p/2025,2026-05-20,Site não localizado,"Site não informado na base. Candidatos básicos: https://www.palmas.pr.gov.br/, https://palmas.pr.gov.br/, http://www.palmas.pr.gov.br/, http://palmas.pr.gov.br/, https://www.prefeitura.palmas.pr.gov.br/, https://prefeitura.palmas.pr.gov.br/, http://www.prefeitura.palmas.pr.gov.br/, http://prefeitura.palmas.pr.gov.br/. Busca web oficial falhou: HTTPSConnectionPool(host='duckduckgo.com', port=443): Max retries exceeded with url: /html/?q=prefeitura+Palmas+PR+site+oficial (Caused by ConnectTimeoutError(<HTTPSConnection(host='duckduckgo.com', port=443) at 0x21c33260>, 'Connection to duckduckgo.com timed out. (connect timeout=8)'))",2026-05-27
4117701,Palmeira,PR,Paraná,34948,False,https://www.palmeira.pr.gov.br/,PR acima de 15.000 habitantes,SIDRA 6579/v/9324/p/2025,2026-05-20,Necessita validação manual,Site inferido automaticamente; validar antes da entrega.,2026-05-27
4117909,Palotina,PR,Paraná,37039,False,https://www.palotina.pr.gov.br/,PR acima de 15.000 habitantes,SIDRA 6579/v/9324/p/2025,2026-05-20,Necessita validação manual,Site inferido automaticamente; validar antes da entrega.,2026-05-27
4118204,Paranaguá,PR,Paraná,150104,False,https://www.paranagua.pr.gov.br/,PR acima de 15.000 habitantes,SIDRA 6579/v/9324/p/2025,2026-05-20,Necessita validação manual,Site inferido automaticamente; validar antes da entrega.,2026-05-27
4118402,Paranavaí,PR,Paraná,96209,False,https://www.paranavai.pr.gov.br/,PR acima de 15.000 habitantes,SIDRA 6579/v/9324/p/2025,2026-05-20,Necessita validação manual,Site inferido automaticamente; validar antes da entrega.,2026-05-27
4118501,Pato Branco,PR,Paraná,97821,False,https://www.patobranco.pr.gov.br/,PR acima de 15.000 habitantes,SIDRA 6579/v/9324/p/2025,2026-05-20,Necessita validação manual,Site inferido automaticamente; validar antes da entrega.,2026-05-27
4119152,Pinhais,PR,Paraná,131255,False,https://www.pinhais.pr.gov.br/,PR acima de 15.000 habitantes,SIDRA 6579/v/9324/p/2025,2026-05-20,Necessita validação manual,Site inferido automaticamente; validar antes da entrega.,2026-05-27
4119301,Pinhão,PR,Paraná,30451,False,https://www.pinhao.pr.gov.br/,PR acima de 15.000 habitantes,SIDRA 6579/v/9324/p/2025,2026-05-20,Necessita validação manual,Site inferido automaticamente; validar antes da entrega.,2026-05-27
4119509,Piraquara,PR,Paraná,127433,False,https://www.piraquara.pr.gov.br/,PR acima de 15.000 habitantes,SIDRA 6579/v/9324/p/2025,2026-05-20,Necessita validação manual,Site inferido automaticamente; validar antes da entrega.,2026-05-27
4119400,Piraí do Sul,PR,Paraná,23977,False,https://www.piraidosul.pr.gov.br/,PR acima de 15.000 habitantes,SIDRA 6579/v/9324/p/2025,2026-05-20,Necessita validação manual,Site inferido automaticamente; validar antes da entrega.,2026-05-27
4119608,Pitanga,PR,Paraná,34527,False,https://www.pitanga.pr.gov.br/,PR acima de 15.000 habitantes,SIDRA 6579/v/9324/p/2025,2026-05-20,Necessita validação manual,Site inferido automaticamente; validar antes da entrega.,2026-05-27
4119905,Ponta Grossa,PR,Paraná,375632,False,https://www.pontagrossa.pr.gov.br/,PR acima de 15.000 habitantes,SIDRA 6579/v/9324/p/2025,2026-05-20,Necessita validação manual,Site inferido automaticamente; validar antes da entrega.,2026-05-27
4119954,Pontal do Paraná,PR,Paraná,33131,False,https://www.pontaldoparana.pr.gov.br/,PR acima de 15.000 habitantes,SIDRA 6579/v/9324/p/2025,2026-05-20,Necessita validação manual,Site inferido automaticamente; validar antes da entrega.,2026-05-27
4120606,Prudentópolis,PR,Paraná,50946,False,https://www.prudentopolis.pr.gov.br/,PR acima de 15.000 habitantes,SIDRA 6579/v/9324/p/2025,2026-05-20,Necessita validação manual,Site inferido automaticamente; validar antes da entrega.,2026-05-27
4120804,Quatro Barras,PR,Paraná,25397,False,https://www.quatrobarras.pr.gov.br/,PR acima de 15.000 habitantes,SIDRA 6579/v/9324/p/2025,2026-05-20,Necessita validação manual,Site inferido automaticamente; validar antes da entrega.,2026-05-27
4120903,Quedas do Iguaçu,PR,Paraná,31423,False,https://www.quedasdoiguacu.pr.gov.br/,PR acima de 15.000 habitantes,SIDRA 6579/v/9324/p/2025,2026-05-20,Necessita validação manual,Site inferido automaticamente; validar antes da entrega.,2026-05-27
4121208,Quitandinha,PR,Paraná,18882,False,https://www.quitandinha.pr.gov.br/,PR acima de 15.000 habitantes,SIDRA 6579/v/9324/p/2025,2026-05-20,Necessita validação manual,Site inferido automaticamente; validar antes da entrega.,2026-05-27
4121406,Realeza,PR,Paraná,20097,False,https://www.realeza.pr.gov.br/,PR acima de 15.000 habitantes,SIDRA 6579/v/9324/p/2025,2026-05-20,Necessita validação manual,Site inferido automaticamente; validar antes da entrega.,2026-05-27
4121703,Reserva,PR,Paraná,24878,False,https://www.reserva.pr.gov.br/,PR acima de 15.000 habitantes,SIDRA 6579/v/9324/p/2025,2026-05-20,Necessita validação manual,Site inferido automaticamente; validar antes da entrega.,2026-05-27
4122206,Rio Branco do Sul,PR,Paraná,40308,False,https://www.riobrancodosul.pr.gov.br/,PR acima de 15.000 habitantes,SIDRA 6579/v/9324/p/2025,2026-05-20,Necessita validação manual,Site inferido automaticamente; validar antes da entrega.,2026-05-27
4122305,Rio Negro,PR,Paraná,31951,False,https://www.rionegro.pr.gov.br/,PR acima de 15.000 habitantes,SIDRA 6579/v/9324/p/2025,2026-05-20,Necessita validação manual,Site inferido automaticamente; validar antes da entrega.,2026-05-27
4122404,Rolândia,PR,Paraná,75818,False,https://www.rolandia.pr.gov.br/,PR acima de 15.000 habitantes,SIDRA 6579/v/9324/p/2025,2026-05-20,Necessita validação manual,Site inferido automaticamente; validar antes da entrega.,2026-05-27
4123006,Salto do Lontra,PR,Paraná,15706,False,https://www.saltodolontra.pr.gov.br/,PR acima de 15.000 habitantes,SIDRA 6579/v/9324/p/2025,2026-05-20,Necessita validação manual,Site inferido automaticamente; validar antes da entrega.,2026-05-27
4123501,Santa Helena,PR,Paraná,26461,False,https://www.santahelena.pr.gov.br/,PR acima de 15.000 habitantes,SIDRA 6579/v/9324/p/2025,2026-05-20,Necessita validação manual,Site inferido automaticamente; validar antes da entrega.,2026-05-27
4124053,Santa Terezinha de Itaipu,PR,Paraná,25300,False,,PR acima de 15.000 habitantes,SIDRA 6579/v/9324/p/2025,2026-05-20,Site não localizado,"Site não informado na base. Candidatos básicos: https://www.santaterezinhadeitaipu.pr.gov.br/, https://santaterezinhadeitaipu.pr.gov.br/, http://www.santaterezinhadeitaipu.pr.gov.br/, http://santaterezinhadeitaipu.pr.gov.br/, https://www.prefeitura.santaterezinhadeitaipu.pr.gov.br/, https://prefeitura.santaterezinhadeitaipu.pr.gov.br/, http://www.prefeitura.santaterezinhadeitaipu.pr.gov.br/, http://prefeitura.santaterezinhadeitaipu.pr.gov.br/, https://www.santaterezinhaitaipu.pr.gov.br/, https://santaterezinhaitaipu.pr.gov.br/, http://www.santaterezinhaitaipu.pr.gov.br/, http://santaterezinhaitaipu.pr.gov.br/, https://www.prefeitura.santaterezinhaitaipu.pr.gov.br/, https://prefeitura.santaterezinhaitaipu.pr.gov.br/, http://www.prefeitura.santaterezinhaitaipu.pr.gov.br/, http://prefeitura.santaterezinhaitaipu.pr.gov.br/, https://www.santaterezinha.pr.gov.br/, https://santaterezinha.pr.gov.br/, http://www.santaterezinha.pr.gov.br/, http://santaterezinha.pr.gov.br/, https://www.prefeitura.santaterezinha.pr.gov.br/, https://prefeitura.santaterezinha.pr.gov.br/, http://www.prefeitura.santaterezinha.pr.gov.br/, http://prefeitura.santaterezinha.pr.gov.br/. Busca web oficial falhou: HTTPSConnectionPool(host='duckduckgo.com', port=443): Max retries exceeded with url: /html/?q=prefeitura+Santa+Terezinha+de+Itaipu+PR+site+oficial (Caused by ConnectTimeoutError(<HTTPSConnection(host='duckduckgo.com', port=443) at 0x21c32c00>, 'Connection to duckduckgo.com timed out. (connect timeout=8)'))",2026-05-27
4124103,Santo Antônio da Platina,PR,Paraná,45628,False,https://www.santoantoniodaplatina.pr.gov.br/,PR acima de 15.000 habitantes,SIDRA 6579/v/9324/p/2025,2026-05-20,Necessita validação manual,Site inferido automaticamente; validar antes da entrega.,2026-05-27
4124400,Santo Antônio do Sudoeste,PR,Paraná,24980,False,,PR acima de 15.000 habitantes,SIDRA 6579/v/9324/p/2025,2026-05-20,Site não localizado,"Site não informado na base. Candidatos básicos: https://www.santoantoniodosudoeste.pr.gov.br/, https://santoantoniodosudoeste.pr.gov.br/, http://www.santoantoniodosudoeste.pr.gov.br/, http://santoantoniodosudoeste.pr.gov.br/, https://www.prefeitura.santoantoniodosudoeste.pr.gov.br/, https://prefeitura.santoantoniodosudoeste.pr.gov.br/, http://www.prefeitura.santoantoniodosudoeste.pr.gov.br/, http://prefeitura.santoantoniodosudoeste.pr.gov.br/, https://www.santoantoniosudoeste.pr.gov.br/, https://santoantoniosudoeste.pr.gov.br/, http://www.santoantoniosudoeste.pr.gov.br/, http://santoantoniosudoeste.pr.gov.br/, https://www.prefeitura.santoantoniosudoeste.pr.gov.br/, https://prefeitura.santoantoniosudoeste.pr.gov.br/, http://www.prefeitura.santoantoniosudoeste.pr.gov.br/, http://prefeitura.santoantoniosudoeste.pr.gov.br/, https://www.santoantonio.pr.gov.br/, https://santoantonio.pr.gov.br/, http://www.santoantonio.pr.gov.br/, http://santoantonio.pr.gov.br/, https://www.prefeitura.santoantonio.pr.gov.br/, https://prefeitura.santoantonio.pr.gov.br/, http://www.prefeitura.santoantonio.pr.gov.br/, http://prefeitura.santoantonio.pr.gov.br/. Busca web oficial falhou: HTTPSConnectionPool(host='duckduckgo.com', port=443): Max retries exceeded with url: /html/?q=prefeitura+Santo+Ant%C3%B4nio+do+Sudoeste+PR+site+oficial (Caused by ConnectTimeoutError(<HTTPSConnection(host='duckduckgo.com', port=443) at 0x21c31550>, 'Connection to duckduckgo.com timed out. (connect timeout=8)'))",2026-05-27
4126256,Sarandi,PR,Paraná,128106,False,https://www.sarandi.pr.gov.br/,PR acima de 15.000 habitantes,SIDRA 6579/v/9324/p/2025,2026-05-20,Necessita validação manual,Site inferido automaticamente; validar antes da entrega.,2026-05-27
4126306,Sengés,PR,Paraná,17256,False,https://www.senges.pr.gov.br/,PR acima de 15.000 habitantes,SIDRA 6579/v/9324/p/2025,2026-05-20,Necessita validação manual,Site inferido automaticamente; validar antes da entrega.,2026-05-27
4126504,Sertanópolis,PR,Paraná,16210,False,https://www.sertanopolis.pr.gov.br/,PR acima de 15.000 habitantes,SIDRA 6579/v/9324/p/2025,2026-05-20,Necessita validação manual,Site inferido automaticamente; validar antes da entrega.,2026-05-27
4126603,Siqueira Campos,PR,Paraná,24031,False,https://www.siqueiracampos.pr.gov.br/,PR acima de 15.000 habitantes,SIDRA 6579/v/9324/p/2025,2026-05-20,Necessita validação manual,Site inferido automaticamente; validar antes da entrega.,2026-05-27
4125506,São José dos Pinhais,PR,Paraná,349880,False,,PR acima de 15.000 habitantes,SIDRA 6579/v/9324/p/2025,2026-05-20,Site não localizado,"Site não informado na base. Candidatos básicos: https://www.saojosedospinhais.pr.gov.br/, https://saojosedospinhais.pr.gov.br/, http://www.saojosedospinhais.pr.gov.br/, http://saojosedospinhais.pr.gov.br/, https://www.prefeitura.saojosedospinhais.pr.gov.br/, https://prefeitura.saojosedospinhais.pr.gov.br/, http://www.prefeitura.saojosedospinhais.pr.gov.br/, http://prefeitura.saojosedospinhais.pr.gov.br/, https://www.saojosepinhais.pr.gov.br/, https://saojosepinhais.pr.gov.br/, http://www.saojosepinhais.pr.gov.br/, http://saojosepinhais.pr.gov.br/, https://www.prefeitura.saojosepinhais.pr.gov.br/, https://prefeitura.saojosepinhais.pr.gov.br/, http://www.prefeitura.saojosepinhais.pr.gov.br/, http://prefeitura.saojosepinhais.pr.gov.br/, https://www.saojose.pr.gov.br/, https://saojose.pr.gov.br/, http://www.saojose.pr.gov.br/, http://saojose.pr.gov.br/, https://www.prefeitura.saojose.pr.gov.br/, https://prefeitura.saojose.pr.gov.br/, http://www.prefeitura.saojose.pr.gov.br/, http://prefeitura.saojose.pr.gov.br/. Busca web oficial falhou: HTTPSConnectionPool(host='duckduckgo.com', port=443): Max retries exceeded with url: /html/?q=prefeitura+S%C3%A3o+Jos%C3%A9+dos+Pinhais+PR+site+oficial (Caused by ConnectTimeoutError(<HTTPSConnection(host='duckduckgo.com', port=443) at 0x2029a7e0>, 'Connection to duckduckgo.com timed out. (connect timeout=8)'))",2026-05-27
4125605,São Mateus do Sul,PR,Paraná,43490,False,https://www.saomateusdosul.pr.gov.br/,PR acima de 15.000 habitantes,SIDRA 6579/v/9324/p/2025,2026-05-20,Necessita validação manual,Site inferido automaticamente; validar antes da entrega.,2026-05-27
4125704,São Miguel do Iguaçu,PR,Paraná,30416,False,https://www.saomiguel.pr.gov.br/,PR acima de 15.000 habitantes,SIDRA 6579/v/9324/p/2025,2026-05-20,Necessita validação manual,Site inferido automaticamente; validar antes da entrega.,2026-05-27
4126801,Tapejara,PR,Paraná,16326,False,https://www.tapejara.pr.gov.br/,PR acima de 15.000 habitantes,SIDRA 6579/v/9324/p/2025,2026-05-20,Necessita validação manual,Site inferido automaticamente; validar antes da entrega.,2026-05-27
4127106,Telêmaco Borba,PR,Paraná,77479,False,https://www.telemacoborba.pr.gov.br/,PR acima de 15.000 habitantes,SIDRA 6579/v/9324/p/2025,2026-05-20,Necessita validação manual,Site inferido automaticamente; validar antes da entrega.,2026-05-27
4127205,Terra Boa,PR,Paraná,18168,False,https://www.terraboa.pr.gov.br/,PR acima de 15.000 habitantes,SIDRA 6579/v/9324/p/2025,2026-05-20,Necessita validação manual,Site inferido automaticamente; validar antes da entrega.,2026-05-27
4127403,Terra Roxa,PR,Paraná,18636,False,https://www.terraroxa.pr.gov.br/,PR acima de 15.000 habitantes,SIDRA 6579/v/9324/p/2025,2026-05-20,Necessita validação manual,Site inferido automaticamente; validar antes da entrega.,2026-05-27
4127502,Tibagi,PR,Paraná,20374,False,https://www.tibagi.pr.gov.br/,PR acima de 15.000 habitantes,SIDRA 6579/v/9324/p/2025,2026-05-20,Necessita validação manual,Site inferido automaticamente; validar antes da entrega.,2026-05-27
4127601,Tijucas do Sul,PR,Paraná,18458,False,https://www.tijucasdosul.pr.gov.br/,PR acima de 15.000 habitantes,SIDRA 6579/v/9324/p/2025,2026-05-20,Necessita validação manual,Site inferido automaticamente; validar antes da entrega.,2026-05-27
4127700,Toledo,PR,Paraná,160701,False,https://www.toledo.pr.gov.br/,PR acima de 15.000 habitantes,SIDRA 6579/v/9324/p/2025,2026-05-20,Necessita validação manual,Site inferido automaticamente; validar antes da entrega.,2026-05-27
4128005,Ubiratã,PR,Paraná,25732,False,https://www.ubirata.pr.gov.br/,PR acima de 15.000 habitantes,SIDRA 6579/v/9324/p/2025,2026-05-20,Necessita validação manual,Site inferido automaticamente; validar antes da entrega.,2026-05-27
4128104,Umuarama,PR,Paraná,123059,False,https://www.umuarama.pr.gov.br/,PR acima de 15.000 habitantes,SIDRA 6579/v/9324/p/2025,2026-05-20,Necessita validação manual,Site inferido automaticamente; validar antes da entrega.,2026-05-27
4128203,União da Vitória,PR,Paraná,56560,False,https://www.uniaodavitoria.pr.gov.br/,PR acima de 15.000 habitantes,SIDRA 6579/v/9324/p/2025,2026-05-20,Necessita validação manual,Site inferido automaticamente; validar antes da entrega.,2026-05-27
4128500,Wenceslau Braz,PR,Paraná,19398,False,https://www.wenceslaubraz.pr.gov.br/,PR acima de 15.000 habitantes,SIDRA 6579/v/9324/p/2025,2026-05-20,Necessita validação manual,Site inferido automaticamente; validar antes da entrega.,2026-05-27
3300100,Angra dos Reis,RJ,Rio de Janeiro,179142,False,,RJ acima de 15.000 habitantes,SIDRA 6579/v/9324/p/2025,2026-05-20,Site não localizado,"Site não informado na base. Candidatos básicos: https://www.angradosreis.rj.gov.br/, https://angradosreis.rj.gov.br/, http://www.angradosreis.rj.gov.br/, http://angradosreis.rj.gov.br/, https://www.prefeitura.angradosreis.rj.gov.br/, https://prefeitura.angradosreis.rj.gov.br/, http://www.prefeitura.angradosreis.rj.gov.br/, http://prefeitura.angradosreis.rj.gov.br/, https://www.angrareis.rj.gov.br/, https://angrareis.rj.gov.br/, http://www.angrareis.rj.gov.br/, http://angrareis.rj.gov.br/, https://www.prefeitura.angrareis.rj.gov.br/, https://prefeitura.angrareis.rj.gov.br/, http://www.prefeitura.angrareis.rj.gov.br/, http://prefeitura.angrareis.rj.gov.br/, https://www.angrados.rj.gov.br/, https://angrados.rj.gov.br/, http://www.angrados.rj.gov.br/, http://angrados.rj.gov.br/, https://www.prefeitura.angrados.rj.gov.br/, https://prefeitura.angrados.rj.gov.br/, http://www.prefeitura.angrados.rj.gov.br/, http://prefeitura.angrados.rj.gov.br/. Busca web oficial falhou: HTTPSConnectionPool(host='duckduckgo.com', port=443): Max retries exceeded with url: /html/?q=prefeitura+Angra+dos+Reis+RJ+site+oficial (Caused by ConnectTimeoutError(<HTTPSConnection(host='duckduckgo.com', port=443) at 0x21c1eea0>, 'Connection to duckduckgo.com timed out. (connect timeout=8)'))",2026-05-27
3300209,Araruama,RJ,Rio de Janeiro,137906,False,https://www.araruama.rj.gov.br/,RJ acima de 15.000 habitantes,SIDRA 6579/v/9324/p/2025,2026-05-20,Necessita validação manual,Site inferido automaticamente; validar antes da entrega.,2026-05-27
3300233,Armação dos Búzios,RJ,Rio de Janeiro,42527,False,,RJ acima de 15.000 habitantes,SIDRA 6579/v/9324/p/2025,2026-05-20,Site não localizado,"Site não informado na base. Candidatos básicos: https://www.armacaodosbuzios.rj.gov.br/, https://armacaodosbuzios.rj.gov.br/, http://www.armacaodosbuzios.rj.gov.br/, http://armacaodosbuzios.rj.gov.br/, https://www.prefeitura.armacaodosbuzios.rj.gov.br/, https://prefeitura.armacaodosbuzios.rj.gov.br/, http://www.prefeitura.armacaodosbuzios.rj.gov.br/, http://prefeitura.armacaodosbuzios.rj.gov.br/, https://www.armacaobuzios.rj.gov.br/, https://armacaobuzios.rj.gov.br/, http://www.armacaobuzios.rj.gov.br/, http://armacaobuzios.rj.gov.br/, https://www.prefeitura.armacaobuzios.rj.gov.br/, https://prefeitura.armacaobuzios.rj.gov.br/, http://www.prefeitura.armacaobuzios.rj.gov.br/, http://prefeitura.armacaobuzios.rj.gov.br/, https://www.armacaodos.rj.gov.br/, https://armacaodos.rj.gov.br/, http://www.armacaodos.rj.gov.br/, http://armacaodos.rj.gov.br/, https://www.prefeitura.armacaodos.rj.gov.br/, https://prefeitura.armacaodos.rj.gov.br/, http://www.prefeitura.armacaodos.rj.gov.br/, http://prefeitura.armacaodos.rj.gov.br/. Busca web oficial falhou: HTTPSConnectionPool(host='duckduckgo.com', port=443): Max retries exceeded with url: /html/?q=prefeitura+Arma%C3%A7%C3%A3o+dos+B%C3%BAzios+RJ+site+oficial (Caused by ConnectTimeoutError(<HTTPSConnection(host='duckduckgo.com', port=443) at 0x21c302c0>, 'Connection to duckduckgo.com timed out. (connect timeout=8)'))",2026-05-27
3300258,Arraial do Cabo,RJ,Rio de Janeiro,32822,False,,RJ acima de 15.000 habitantes,SIDRA 6579/v/9324/p/2025,2026-05-20,Site não localizado,"Site não informado na base. Candidatos básicos: https://www.arraialdocabo.rj.gov.br/, https://arraialdocabo.rj.gov.br/, http://www.arraialdocabo.rj.gov.br/, http://arraialdocabo.rj.gov.br/, https://www.prefeitura.arraialdocabo.rj.gov.br/, https://prefeitura.arraialdocabo.rj.gov.br/, http://www.prefeitura.arraialdocabo.rj.gov.br/, http://prefeitura.arraialdocabo.rj.gov.br/, https://www.arraialcabo.rj.gov.br/, https://arraialcabo.rj.gov.br/, http://www.arraialcabo.rj.gov.br/, http://arraialcabo.rj.gov.br/, https://www.prefeitura.arraialcabo.rj.gov.br/, https://prefeitura.arraialcabo.rj.gov.br/, http://www.prefeitura.arraialcabo.rj.gov.br/, http://prefeitura.arraialcabo.rj.gov.br/, https://www.arraialdo.rj.gov.br/, https://arraialdo.rj.gov.br/, http://www.arraialdo.rj.gov.br/, http://arraialdo.rj.gov.br/, https://www.prefeitura.arraialdo.rj.gov.br/, https://prefeitura.arraialdo.rj.gov.br/, http://www.prefeitura.arraialdo.rj.gov.br/, http://prefeitura.arraialdo.rj.gov.br/. Busca web oficial falhou: HTTPSConnectionPool(host='duckduckgo.com', port=443): Max retries exceeded with url: /html/?q=prefeitura+Arraial+do+Cabo+RJ+site+oficial (Caused by ConnectTimeoutError(<HTTPSConnection(host='duckduckgo.com', port=443) at 0x21c45cd0>, 'Connection to duckduckgo.com timed out. (connect timeout=8)'))",2026-05-27
3300407,Barra Mansa,RJ,Rio de Janeiro,181679,False,https://www.barramansa.rj.gov.br/,RJ acima de 15.000 habitantes,SIDRA 6579/v/9324/p/2025,2026-05-20,Necessita validação manual,Site inferido automaticamente; validar antes da entrega.,2026-05-27
3300308,Barra do Piraí,RJ,Rio de Janeiro,98506,False,https://www.barradopirai.rj.gov.br/,RJ acima de 15.000 habitantes,SIDRA 6579/v/9324/p/2025,2026-05-20,Necessita validação manual,Site inferido automaticamente; validar antes da entrega.,2026-05-27
3300456,Belford Roxo,RJ,Rio de Janeiro,518384,False,,RJ acima de 15.000 habitantes,SIDRA 6579/v/9324/p/2025,2026-05-20,Site não localizado,"Site não informado na base. Candidatos básicos: https://www.belfordroxo.rj.gov.br/, https://belfordroxo.rj.gov.br/, http://www.belfordroxo.rj.gov.br/, http://belfordroxo.rj.gov.br/, https://www.prefeitura.belfordroxo.rj.gov.br/, https://prefeitura.belfordroxo.rj.gov.br/, http://www.prefeitura.belfordroxo.rj.gov.br/, http://prefeitura.belfordroxo.rj.gov.br/. Busca web oficial falhou: HTTPSConnectionPool(host='duckduckgo.com', port=443): Max retries exceeded with url: /html/?q=prefeitura+Belford+Roxo+RJ+site+oficial (Caused by ConnectTimeoutError(<HTTPSConnection(host='duckduckgo.com', port=443) at 0x21bc5b80>, 'Connection to duckduckgo.com timed out. (connect timeout=8)'))",2026-05-27
3300506,Bom Jardim,RJ,Rio de Janeiro,29758,False,https://www.bomjardim.rj.gov.br/,RJ acima de 15.000 habitantes,SIDRA 6579/v/9324/p/2025,2026-05-20,Necessita validação manual,Site inferido automaticamente; validar antes da entrega.,2026-05-27
3300605,Bom Jesus do Itabapoana,RJ,Rio de Janeiro,37176,False,https://www.bomjesus.rj.gov.br/,RJ acima de 15.000 habitantes,SIDRA 6579/v/9324/p/2025,2026-05-20,Necessita validação manual,Site inferido automaticamente; validar antes da entrega.,2026-05-27
3300704,Cabo Frio,RJ,Rio de Janeiro,238438,False,https://www.cabofrio.rj.gov.br/,RJ acima de 15.000 habitantes,SIDRA 6579/v/9324/p/2025,2026-05-20,Necessita validação manual,Site inferido automaticamente; validar antes da entrega.,2026-05-27
3300803,Cachoeiras de Macacu,RJ,Rio de Janeiro,59861,False,https://www.cachoeirasdemacacu.rj.gov.br/,RJ acima de 15.000 habitantes,SIDRA 6579/v/9324/p/2025,2026-05-20,Necessita validação manual,Site inferido automaticamente; validar antes da entrega.,2026-05-27
3300902,Cambuci,RJ,Rio de Janeiro,15069,False,,RJ acima de 15.000 habitantes,SIDRA 6579/v/9324/p/2025,2026-05-20,Site não localizado,"Site não informado na base. Candidatos básicos: https://www.cambuci.rj.gov.br/, https://cambuci.rj.gov.br/, http://www.cambuci.rj.gov.br/, http://cambuci.rj.gov.br/, https://www.prefeitura.cambuci.rj.gov.br/, https://prefeitura.cambuci.rj.gov.br/, http://www.prefeitura.cambuci.rj.gov.br/, http://prefeitura.cambuci.rj.gov.br/. Busca web oficial falhou: HTTPSConnectionPool(host='duckduckgo.com', port=443): Max retries exceeded with url: /html/?q=prefeitura+Cambuci+RJ+site+oficial (Caused by ConnectTimeoutError(<HTTPSConnection(host='duckduckgo.com', port=443) at 0x21c463f0>, 'Connection to duckduckgo.com timed out. (connect timeout=8)'))",2026-05-27
3301009,Campos dos Goytacazes,RJ,Rio de Janeiro,519259,False,,RJ acima de 15.000 habitantes,SIDRA 6579/v/9324/p/2025,2026-05-20,Site não localizado,"Site não informado na base. Candidatos básicos: https://www.camposdosgoytacazes.rj.gov.br/, https://camposdosgoytacazes.rj.gov.br/, http://www.camposdosgoytacazes.rj.gov.br/, http://camposdosgoytacazes.rj.gov.br/, https://www.prefeitura.camposdosgoytacazes.rj.gov.br/, https://prefeitura.camposdosgoytacazes.rj.gov.br/, http://www.prefeitura.camposdosgoytacazes.rj.gov.br/, http://prefeitura.camposdosgoytacazes.rj.gov.br/, https://www.camposgoytacazes.rj.gov.br/, https://camposgoytacazes.rj.gov.br/, http://www.camposgoytacazes.rj.gov.br/, http://camposgoytacazes.rj.gov.br/, https://www.prefeitura.camposgoytacazes.rj.gov.br/, https://prefeitura.camposgoytacazes.rj.gov.br/, http://www.prefeitura.camposgoytacazes.rj.gov.br/, http://prefeitura.camposgoytacazes.rj.gov.br/, https://www.camposdos.rj.gov.br/, https://camposdos.rj.gov.br/, http://www.camposdos.rj.gov.br/, http://camposdos.rj.gov.br/, https://www.prefeitura.camposdos.rj.gov.br/, https://prefeitura.camposdos.rj.gov.br/, http://www.prefeitura.camposdos.rj.gov.br/, http://prefeitura.camposdos.rj.gov.br/. Busca web oficial falhou: HTTPSConnectionPool(host='duckduckgo.com', port=443): Max retries exceeded with url: /html/?q=prefeitura+Campos+dos+Goytacazes+RJ+site+oficial (Caused by ConnectTimeoutError(<HTTPSConnection(host='duckduckgo.com', port=443) at 0x21c310a0>, 'Connection to duckduckgo.com timed out. (connect timeout=8)'))",2026-05-27
3301108,Cantagalo,RJ,Rio de Janeiro,19995,False,https://www.cantagalo.rj.gov.br/,RJ acima de 15.000 habitantes,SIDRA 6579/v/9324/p/2025,2026-05-20,Necessita validação manual,Site inferido automaticamente; validar antes da entrega.,2026-05-27
3301207,Carmo,RJ,Rio de Janeiro,17741,False,https://www.carmo.rj.gov.br/,RJ acima de 15.000 habitantes,SIDRA 6579/v/9324/p/2025,2026-05-20,Necessita validação manual,Site inferido automaticamente; validar antes da entrega.,2026-05-27
3301306,Casimiro de Abreu,RJ,Rio de Janeiro,48636,False,https://www.casimirodeabreu.rj.gov.br/,RJ acima de 15.000 habitantes,SIDRA 6579/v/9324/p/2025,2026-05-20,Necessita validação manual,Site inferido automaticamente; validar antes da entrega.,2026-05-27
3301405,Conceição de Macabu,RJ,Rio de Janeiro,21770,False,https://www.conceicaodemacabu.rj.gov.br/,RJ acima de 15.000 habitantes,SIDRA 6579/v/9324/p/2025,2026-05-20,Necessita validação manual,Site inferido automaticamente; validar antes da entrega.,2026-05-27
3301504,Cordeiro,RJ,Rio de Janeiro,21448,False,https://www.cordeiro.rj.gov.br/,RJ acima de 15.000 habitantes,SIDRA 6579/v/9324/p/2025,2026-05-20,Necessita validação manual,Site inferido automaticamente; validar antes da entrega.,2026-05-27
3301702,Duque de Caxias,RJ,Rio de Janeiro,866225,False,https://www.duquedecaxias.rj.gov.br/,RJ acima de 15.000 habitantes,SIDRA 6579/v/9324/p/2025,2026-05-20,Necessita validação manual,Site inferido automaticamente; validar antes da entrega.,2026-05-27
3301850,Guapimirim,RJ,Rio de Janeiro,54311,False,https://www.guapimirim.rj.gov.br/,RJ acima de 15.000 habitantes,SIDRA 6579/v/9324/p/2025,2026-05-20,Necessita validação manual,Site inferido automaticamente; validar antes da entrega.,2026-05-27
3301876,Iguaba Grande,RJ,Rio de Janeiro,29616,False,,RJ acima de 15.000 habitantes,SIDRA 6579/v/9324/p/2025,2026-05-20,Site não localizado,"Site não informado na base. Candidatos básicos: https://www.iguabagrande.rj.gov.br/, https://iguabagrande.rj.gov.br/, http://www.iguabagrande.rj.gov.br/, http://iguabagrande.rj.gov.br/, https://www.prefeitura.iguabagrande.rj.gov.br/, https://prefeitura.iguabagrande.rj.gov.br/, http://www.prefeitura.iguabagrande.rj.gov.br/, http://prefeitura.iguabagrande.rj.gov.br/. Busca web oficial falhou: HTTPSConnectionPool(host='duckduckgo.com', port=443): Max retries exceeded with url: /html/?q=prefeitura+Iguaba+Grande+RJ+site+oficial (Caused by ConnectTimeoutError(<HTTPSConnection(host='duckduckgo.com', port=443) at 0x21bc5c70>, 'Connection to duckduckgo.com timed out. (connect timeout=8)'))",2026-05-27
3301900,Itaboraí,RJ,Rio de Janeiro,240127,False,https://www.itaborai.rj.gov.br/,RJ acima de 15.000 habitantes,SIDRA 6579/v/9324/p/2025,2026-05-20,Necessita validação manual,Site inferido automaticamente; validar antes da entrega.,2026-05-27
3302007,Itaguaí,RJ,Rio de Janeiro,124021,False,https://www.itaguai.rj.gov.br/,RJ acima de 15.000 habitantes,SIDRA 6579/v/9324/p/2025,2026-05-20,Necessita validação manual,Site inferido automaticamente; validar antes da entrega.,2026-05-27
3302106,Itaocara,RJ,Rio de Janeiro,23645,False,https://www.itaocara.rj.gov.br/,RJ acima de 15.000 habitantes,SIDRA 6579/v/9324/p/2025,2026-05-20,Necessita validação manual,Site inferido automaticamente; validar antes da entrega.,2026-05-27
3302205,Itaperuna,RJ,Rio de Janeiro,107297,False,https://www.itaperuna.rj.gov.br/,RJ acima de 15.000 habitantes,SIDRA 6579/v/9324/p/2025,2026-05-20,Necessita validação manual,Site inferido automaticamente; validar antes da entrega.,2026-05-27
3302254,Itatiaia,RJ,Rio de Janeiro,32713,False,https://www.itatiaia.rj.gov.br/,RJ acima de 15.000 habitantes,SIDRA 6579/v/9324/p/2025,2026-05-20,Necessita validação manual,Site inferido automaticamente; validar antes da entrega.,2026-05-27
3302270,Japeri,RJ,Rio de Janeiro,102171,False,https://www.japeri.rj.gov.br/,RJ acima de 15.000 habitantes,SIDRA 6579/v/9324/p/2025,2026-05-20,Necessita validação manual,Site inferido automaticamente; validar antes da entrega.,2026-05-27
3302403,Macaé,RJ,Rio de Janeiro,264439,False,https://www.macae.rj.gov.br/,RJ acima de 15.000 habitantes,SIDRA 6579/v/9324/p/2025,2026-05-20,Necessita validação manual,Site inferido automaticamente; validar antes da entrega.,2026-05-27
3302502,Magé,RJ,Rio de Janeiro,244142,False,https://mage.rj.gov.br/,RJ acima de 15.000 habitantes,SIDRA 6579/v/9324/p/2025,2026-05-20,Necessita validação manual,Site inferido automaticamente; validar antes da entrega.,2026-05-27
3302601,Mangaratiba,RJ,Rio de Janeiro,43660,False,https://www.mangaratiba.rj.gov.br/,RJ acima de 15.000 habitantes,SIDRA 6579/v/9324/p/2025,2026-05-20,Necessita validação manual,Site inferido automaticamente; validar antes da entrega.,2026-05-27
3302700,Maricá,RJ,Rio de Janeiro,212470,False,https://www.marica.rj.gov.br/,RJ acima de 15.000 habitantes,SIDRA 6579/v/9324/p/2025,2026-05-20,Necessita validação manual,Site inferido automaticamente; validar antes da entrega.,2026-05-27
3302809,Mendes,RJ,Rio de Janeiro,18048,False,https://www.mendes.rj.gov.br/,RJ acima de 15.000 habitantes,SIDRA 6579/v/9324/p/2025,2026-05-20,Necessita validação manual,Site inferido automaticamente; validar antes da entrega.,2026-05-27
3302858,Mesquita,RJ,Rio de Janeiro,178830,False,https://www.mesquita.rj.gov.br/,RJ acima de 15.000 habitantes,SIDRA 6579/v/9324/p/2025,2026-05-20,Necessita validação manual,Site inferido automaticamente; validar antes da entrega.,2026-05-27
3302908,Miguel Pereira,RJ,Rio de Janeiro,28142,False,https://www.miguelpereira.rj.gov.br/,RJ acima de 15.000 habitantes,SIDRA 6579/v/9324/p/2025,2026-05-20,Necessita validação manual,Site inferido automaticamente; validar antes da entrega.,2026-05-27
3303005,Miracema,RJ,Rio de Janeiro,28416,False,https://www.miracema.rj.gov.br/,RJ acima de 15.000 habitantes,SIDRA 6579/v/9324/p/2025,2026-05-20,Necessita validação manual,Site inferido automaticamente; validar antes da entrega.,2026-05-27
3303104,Natividade,RJ,Rio de Janeiro,15551,False,https://www.natividade.rj.gov.br/,RJ acima de 15.000 habitantes,SIDRA 6579/v/9324/p/2025,2026-05-20,Necessita validação manual,Site inferido automaticamente; validar antes da entrega.,2026-05-27
3303203,Nilópolis,RJ,Rio de Janeiro,155500,False,https://www.nilopolis.rj.gov.br/,RJ acima de 15.000 habitantes,SIDRA 6579/v/9324/p/2025,2026-05-20,Necessita validação manual,Site inferido automaticamente; validar antes da entrega.,2026-05-27
3303302,Niterói,RJ,Rio de Janeiro,516787,False,https://www.niteroi.rj.gov.br/,RJ acima de 15.000 habitantes,SIDRA 6579/v/9324/p/2025,2026-05-20,Necessita validação manual,Site inferido automaticamente; validar antes da entrega.,2026-05-27
3303401,Nova Friburgo,RJ,Rio de Janeiro,203417,False,https://www.novafriburgo.rj.gov.br/,RJ acima de 15.000 habitantes,SIDRA 6579/v/9324/p/2025,2026-05-20,Necessita validação manual,Site inferido automaticamente; validar antes da entrega.,2026-05-27
3303500,Nova Iguaçu,RJ,Rio de Janeiro,843220,False,https://www.novaiguacu.rj.gov.br/,RJ acima de 15.000 habitantes,SIDRA 6579/v/9324/p/2025,2026-05-20,Necessita validação manual,Site inferido automaticamente; validar antes da entrega.,2026-05-27
3303609,Paracambi,RJ,Rio de Janeiro,43627,False,https://www.paracambi.rj.gov.br/,RJ acima de 15.000 habitantes,SIDRA 6579/v/9324/p/2025,2026-05-20,Necessita validação manual,Site inferido automaticamente; validar antes da entrega.,2026-05-27
3303807,Paraty,RJ,Rio de Janeiro,47668,False,https://www.paraty.rj.gov.br/,RJ acima de 15.000 habitantes,SIDRA 6579/v/9324/p/2025,2026-05-20,Necessita validação manual,Site inferido automaticamente; validar antes da entrega.,2026-05-27
3303708,Paraíba do Sul,RJ,Rio de Janeiro,44479,False,https://www.paraibadosul.rj.gov.br/,RJ acima de 15.000 habitantes,SIDRA 6579/v/9324/p/2025,2026-05-20,Necessita validação manual,Site inferido automaticamente; validar antes da entrega.,2026-05-27
3303856,Paty do Alferes,RJ,Rio de Janeiro,31370,False,https://www.patydoalferes.rj.gov.br/,RJ acima de 15.000 habitantes,SIDRA 6579/v/9324/p/2025,2026-05-20,Necessita validação manual,Site inferido automaticamente; validar antes da entrega.,2026-05-27
3303906,Petrópolis,RJ,Rio de Janeiro,294926,False,https://www.petropolis.rj.gov.br/,RJ acima de 15.000 habitantes,SIDRA 6579/v/9324/p/2025,2026-05-20,Necessita validação manual,Site inferido automaticamente; validar antes da entrega.,2026-05-27
3303955,Pinheiral,RJ,Rio de Janeiro,25096,False,https://www.pinheiral.rj.gov.br/,RJ acima de 15.000 habitantes,SIDRA 6579/v/9324/p/2025,2026-05-20,Necessita validação manual,Site inferido automaticamente; validar antes da entrega.,2026-05-27
3304003,Piraí,RJ,Rio de Janeiro,29066,False,https://www.pirai.rj.gov.br/,RJ acima de 15.000 habitantes,SIDRA 6579/v/9324/p/2025,2026-05-20,Necessita validação manual,Site inferido automaticamente; validar antes da entrega.,2026-05-27
3304102,Porciúncula,RJ,Rio de Janeiro,17832,False,https://www.porciuncula.rj.gov.br/,RJ acima de 15.000 habitantes,SIDRA 6579/v/9324/p/2025,2026-05-20,Necessita validação manual,Site inferido automaticamente; validar antes da entrega.,2026-05-27
3304110,Porto Real,RJ,Rio de Janeiro,21089,False,https://www.portoreal.rj.gov.br/,RJ acima de 15.000 habitantes,SIDRA 6579/v/9324/p/2025,2026-05-20,Necessita validação manual,Site inferido automaticamente; validar antes da entrega.,2026-05-27
3304144,Queimados,RJ,Rio de Janeiro,149135,False,https://www.queimados.rj.gov.br/,RJ acima de 15.000 habitantes,SIDRA 6579/v/9324/p/2025,2026-05-20,Necessita validação manual,Site inferido automaticamente; validar antes da entrega.,2026-05-27
3304151,Quissamã,RJ,Rio de Janeiro,23142,False,https://www.quissama.rj.gov.br/,RJ acima de 15.000 habitantes,SIDRA 6579/v/9324/p/2025,2026-05-20,Necessita validação manual,Site inferido automaticamente; validar antes da entrega.,2026-05-27
3304201,Resende,RJ,Rio de Janeiro,137697,False,https://www.resende.rj.gov.br/,RJ acima de 15.000 habitantes,SIDRA 6579/v/9324/p/2025,2026-05-20,Necessita validação manual,Site inferido automaticamente; validar antes da entrega.,2026-05-27
3304300,Rio Bonito,RJ,Rio de Janeiro,59126,False,https://www.riobonito.rj.gov.br/,RJ acima de 15.000 habitantes,SIDRA 6579/v/9324/p/2025,2026-05-20,Necessita validação manual,Site inferido automaticamente; validar antes da entrega.,2026-05-27
3304409,Rio Claro,RJ,Rio de Janeiro,17951,False,https://www.rioclaro.rj.gov.br/,RJ acima de 15.000 habitantes,SIDRA 6579/v/9324/p/2025,2026-05-20,Necessita validação manual,Site inferido automaticamente; validar antes da entrega.,2026-05-27
3304524,Rio das Ostras,RJ,Rio de Janeiro,168455,False,https://www.riodasostras.rj.gov.br/,RJ acima de 15.000 habitantes,SIDRA 6579/v/9324/p/2025,2026-05-20,Necessita validação manual,Site inferido automaticamente; validar antes da entrega.,2026-05-27
3304557,Rio de Janeiro,RJ,Rio de Janeiro,6730729,True,https://www.riodejaneiro.rj.gov.br/,RJ acima de 15.000 habitantes,SIDRA 6579/v/9324/p/2025,2026-05-20,Necessita validação manual,Site inferido automaticamente; validar antes da entrega.,2026-05-27
3304706,Santo Antônio de Pádua,RJ,Rio de Janeiro,43697,False,https://www.santoantoniodepadua.rj.gov.br/,RJ acima de 15.000 habitantes,SIDRA 6579/v/9324/p/2025,2026-05-20,Necessita validação manual,Site inferido automaticamente; validar antes da entrega.,2026-05-27
3305406,Sapucaia,RJ,Rio de Janeiro,18291,False,https://www.sapucaia.rj.gov.br/,RJ acima de 15.000 habitantes,SIDRA 6579/v/9324/p/2025,2026-05-20,Necessita validação manual,Site inferido automaticamente; validar antes da entrega.,2026-05-27
3305505,Saquarema,RJ,Rio de Janeiro,95315,False,https://www.saquarema.rj.gov.br/,RJ acima de 15.000 habitantes,SIDRA 6579/v/9324/p/2025,2026-05-20,Necessita validação manual,Site inferido automaticamente; validar antes da entrega.,2026-05-27
3305554,Seropédica,RJ,Rio de Janeiro,84794,False,https://www.seropedica.rj.gov.br/,RJ acima de 15.000 habitantes,SIDRA 6579/v/9324/p/2025,2026-05-20,Necessita validação manual,Site inferido automaticamente; validar antes da entrega.,2026-05-27
3305604,Silva Jardim,RJ,Rio de Janeiro,22028,False,https://www.silvajardim.rj.gov.br/,RJ acima de 15.000 habitantes,SIDRA 6579/v/9324/p/2025,2026-05-20,Necessita validação manual,Site inferido automaticamente; validar antes da entrega.,2026-05-27
3305703,Sumidouro,RJ,Rio de Janeiro,15693,False,https://www.sumidouro.rj.gov.br/,RJ acima de 15.000 habitantes,SIDRA 6579/v/9324/p/2025,2026-05-20,Necessita validação manual,Site inferido automaticamente; validar antes da entrega.,2026-05-27
3304805,São Fidélis,RJ,Rio de Janeiro,41212,False,https://www.saofidelis.rj.gov.br/,RJ acima de 15.000 habitantes,SIDRA 6579/v/9324/p/2025,2026-05-20,Necessita validação manual,Site inferido automaticamente; validar antes da entrega.,2026-05-27
3304755,São Francisco de Itabapoana,RJ,Rio de Janeiro,47397,False,,RJ acima de 15.000 habitantes,SIDRA 6579/v/9324/p/2025,2026-05-20,Site não localizado,"Site não informado na base. Candidatos básicos: https://www.saofranciscodeitabapoana.rj.gov.br/, https://saofranciscodeitabapoana.rj.gov.br/, http://www.saofranciscodeitabapoana.rj.gov.br/, http://saofranciscodeitabapoana.rj.gov.br/, https://www.prefeitura.saofranciscodeitabapoana.rj.gov.br/, https://prefeitura.saofranciscodeitabapoana.rj.gov.br/, http://www.prefeitura.saofranciscodeitabapoana.rj.gov.br/, http://prefeitura.saofranciscodeitabapoana.rj.gov.br/, https://www.saofranciscoitabapoana.rj.gov.br/, https://saofranciscoitabapoana.rj.gov.br/, http://www.saofranciscoitabapoana.rj.gov.br/, http://saofranciscoitabapoana.rj.gov.br/, https://www.prefeitura.saofranciscoitabapoana.rj.gov.br/, https://prefeitura.saofranciscoitabapoana.rj.gov.br/, http://www.prefeitura.saofranciscoitabapoana.rj.gov.br/, http://prefeitura.saofranciscoitabapoana.rj.gov.br/, https://www.saofrancisco.rj.gov.br/, https://saofrancisco.rj.gov.br/, http://www.saofrancisco.rj.gov.br/, http://saofrancisco.rj.gov.br/, https://www.prefeitura.saofrancisco.rj.gov.br/, https://prefeitura.saofrancisco.rj.gov.br/, http://www.prefeitura.saofrancisco.rj.gov.br/, http://prefeitura.saofrancisco.rj.gov.br/. Busca web oficial falhou: HTTPSConnectionPool(host='duckduckgo.com', port=443): Max retries exceeded with url: /html/?q=prefeitura+S%C3%A3o+Francisco+de+Itabapoana+RJ+site+oficial (Caused by ConnectTimeoutError(<HTTPSConnection(host='duckduckgo.com', port=443) at 0x21c32330>, 'Connection to duckduckgo.com timed out. (connect timeout=8)'))",2026-05-27
3304904,São Gonçalo,RJ,Rio de Janeiro,960196,False,https://www.saogoncalo.rj.gov.br/,RJ acima de 15.000 habitantes,SIDRA 6579/v/9324/p/2025,2026-05-20,Necessita validação manual,Site inferido automaticamente; validar antes da entrega.,2026-05-27
3305158,São José do Vale do Rio Preto,RJ,Rio de Janeiro,22813,False,,RJ acima de 15.000 habitantes,SIDRA 6579/v/9324/p/2025,2026-05-20,Site não localizado,"Site não informado na base. Candidatos básicos: https://www.saojosedovaledoriopreto.rj.gov.br/, https://saojosedovaledoriopreto.rj.gov.br/, http://www.saojosedovaledoriopreto.rj.gov.br/, http://saojosedovaledoriopreto.rj.gov.br/, https://www.prefeitura.saojosedovaledoriopreto.rj.gov.br/, https://prefeitura.saojosedovaledoriopreto.rj.gov.br/, http://www.prefeitura.saojosedovaledoriopreto.rj.gov.br/, http://prefeitura.saojosedovaledoriopreto.rj.gov.br/, https://www.saojosevaleriopreto.rj.gov.br/, https://saojosevaleriopreto.rj.gov.br/, http://www.saojosevaleriopreto.rj.gov.br/, http://saojosevaleriopreto.rj.gov.br/, https://www.prefeitura.saojosevaleriopreto.rj.gov.br/, https://prefeitura.saojosevaleriopreto.rj.gov.br/, http://www.prefeitura.saojosevaleriopreto.rj.gov.br/, http://prefeitura.saojosevaleriopreto.rj.gov.br/, https://www.saojose.rj.gov.br/, https://saojose.rj.gov.br/, http://www.saojose.rj.gov.br/, http://saojose.rj.gov.br/, https://www.prefeitura.saojose.rj.gov.br/, https://prefeitura.saojose.rj.gov.br/, http://www.prefeitura.saojose.rj.gov.br/, http://prefeitura.saojose.rj.gov.br/. Busca web oficial falhou: HTTPSConnectionPool(host='duckduckgo.com', port=443): Max retries exceeded with url: /html/?q=prefeitura+S%C3%A3o+Jos%C3%A9+do+Vale+do+Rio+Preto+RJ+site+oficial (Caused by ConnectTimeoutError(<HTTPSConnection(host='duckduckgo.com', port=443) at 0x21c5d3a0>, 'Connection to duckduckgo.com timed out. (connect timeout=8)'))",2026-05-27
3305000,São João da Barra,RJ,Rio de Janeiro,38740,False,,RJ acima de 15.000 habitantes,SIDRA 6579/v/9324/p/2025,2026-05-20,Site não localizado,"Site não informado na base. Candidatos básicos: https://www.saojoaodabarra.rj.gov.br/, https://saojoaodabarra.rj.gov.br/, http://www.saojoaodabarra.rj.gov.br/, http://saojoaodabarra.rj.gov.br/, https://www.prefeitura.saojoaodabarra.rj.gov.br/, https://prefeitura.saojoaodabarra.rj.gov.br/, http://www.prefeitura.saojoaodabarra.rj.gov.br/, http://prefeitura.saojoaodabarra.rj.gov.br/, https://www.saojoaobarra.rj.gov.br/, https://saojoaobarra.rj.gov.br/, http://www.saojoaobarra.rj.gov.br/, http://saojoaobarra.rj.gov.br/, https://www.prefeitura.saojoaobarra.rj.gov.br/, https://prefeitura.saojoaobarra.rj.gov.br/, http://www.prefeitura.saojoaobarra.rj.gov.br/, http://prefeitura.saojoaobarra.rj.gov.br/, https://www.saojoao.rj.gov.br/, https://saojoao.rj.gov.br/, http://www.saojoao.rj.gov.br/, http://saojoao.rj.gov.br/, https://www.prefeitura.saojoao.rj.gov.br/, https://prefeitura.saojoao.rj.gov.br/, http://www.prefeitura.saojoao.rj.gov.br/, http://prefeitura.saojoao.rj.gov.br/. Busca web oficial falhou: HTTPSConnectionPool(host='duckduckgo.com', port=443): Max retries exceeded with url: /html/?q=prefeitura+S%C3%A3o+Jo%C3%A3o+da+Barra+RJ+site+oficial (Caused by ConnectTimeoutError(<HTTPSConnection(host='duckduckgo.com', port=443) at 0x21bc7320>, 'Connection to duckduckgo.com timed out. (connect timeout=8)'))",2026-05-27
3305109,São João de Meriti,RJ,Rio de Janeiro,466503,False,,RJ acima de 15.000 habitantes,SIDRA 6579/v/9324/p/2025,2026-05-20,Site não localizado,"Site não informado na base. Candidatos básicos: https://www.saojoaodemeriti.rj.gov.br/, https://saojoaodemeriti.rj.gov.br/, http://www.saojoaodemeriti.rj.gov.br/, http://saojoaodemeriti.rj.gov.br/, https://www.prefeitura.saojoaodemeriti.rj.gov.br/, https://prefeitura.saojoaodemeriti.rj.gov.br/, http://www.prefeitura.saojoaodemeriti.rj.gov.br/, http://prefeitura.saojoaodemeriti.rj.gov.br/, https://www.saojoaomeriti.rj.gov.br/, https://saojoaomeriti.rj.gov.br/, http://www.saojoaomeriti.rj.gov.br/, http://saojoaomeriti.rj.gov.br/, https://www.prefeitura.saojoaomeriti.rj.gov.br/, https://prefeitura.saojoaomeriti.rj.gov.br/, http://www.prefeitura.saojoaomeriti.rj.gov.br/, http://prefeitura.saojoaomeriti.rj.gov.br/, https://www.saojoao.rj.gov.br/, https://saojoao.rj.gov.br/, http://www.saojoao.rj.gov.br/, http://saojoao.rj.gov.br/, https://www.prefeitura.saojoao.rj.gov.br/, https://prefeitura.saojoao.rj.gov.br/, http://www.prefeitura.saojoao.rj.gov.br/, http://prefeitura.saojoao.rj.gov.br/. Busca web oficial falhou: HTTPSConnectionPool(host='duckduckgo.com', port=443): Max retries exceeded with url: /html/?q=prefeitura+S%C3%A3o+Jo%C3%A3o+de+Meriti+RJ+site+oficial (Caused by ConnectTimeoutError(<HTTPSConnection(host='duckduckgo.com', port=443) at 0x21bc5430>, 'Connection to duckduckgo.com timed out. (connect timeout=8)'))",2026-05-27
3305208,São Pedro da Aldeia,RJ,Rio de Janeiro,110677,False,,RJ acima de 15.000 habitantes,SIDRA 6579/v/9324/p/2025,2026-05-20,Site não localizado,"Site não informado na base. Candidatos básicos: https://www.saopedrodaaldeia.rj.gov.br/, https://saopedrodaaldeia.rj.gov.br/, http://www.saopedrodaaldeia.rj.gov.br/, http://saopedrodaaldeia.rj.gov.br/, https://www.prefeitura.saopedrodaaldeia.rj.gov.br/, https://prefeitura.saopedrodaaldeia.rj.gov.br/, http://www.prefeitura.saopedrodaaldeia.rj.gov.br/, http://prefeitura.saopedrodaaldeia.rj.gov.br/, https://www.saopedroaldeia.rj.gov.br/, https://saopedroaldeia.rj.gov.br/, http://www.saopedroaldeia.rj.gov.br/, http://saopedroaldeia.rj.gov.br/, https://www.prefeitura.saopedroaldeia.rj.gov.br/, https://prefeitura.saopedroaldeia.rj.gov.br/, http://www.prefeitura.saopedroaldeia.rj.gov.br/, http://prefeitura.saopedroaldeia.rj.gov.br/, https://www.saopedro.rj.gov.br/, https://saopedro.rj.gov.br/, http://www.saopedro.rj.gov.br/, http://saopedro.rj.gov.br/, https://www.prefeitura.saopedro.rj.gov.br/, https://prefeitura.saopedro.rj.gov.br/, http://www.prefeitura.saopedro.rj.gov.br/, http://prefeitura.saopedro.rj.gov.br/. Busca web oficial falhou: HTTPSConnectionPool(host='duckduckgo.com', port=443): Max retries exceeded with url: /html/?q=prefeitura+S%C3%A3o+Pedro+da+Aldeia+RJ+site+oficial (Caused by ConnectTimeoutError(<HTTPSConnection(host='duckduckgo.com', port=443) at 0x21c5ca40>, 'Connection to duckduckgo.com timed out. (connect timeout=8)'))",2026-05-27
3305752,Tanguá,RJ,Rio de Janeiro,32865,False,https://www.tangua.rj.gov.br/,RJ acima de 15.000 habitantes,SIDRA 6579/v/9324/p/2025,2026-05-20,Necessita validação manual,Site inferido automaticamente; validar antes da entrega.,2026-05-27
3305802,Teresópolis,RJ,Rio de Janeiro,176735,False,https://www.teresopolis.rj.gov.br/,RJ acima de 15.000 habitantes,SIDRA 6579/v/9324/p/2025,2026-05-20,Necessita validação manual,Site inferido automaticamente; validar antes da entrega.,2026-05-27
3306008,Três Rios,RJ,Rio de Janeiro,82319,False,https://www.tresrios.rj.gov.br/,RJ acima de 15.000 habitantes,SIDRA 6579/v/9324/p/2025,2026-05-20,Necessita validação manual,Site inferido automaticamente; validar antes da entrega.,2026-05-27
3306107,Valença,RJ,Rio de Janeiro,71449,False,https://www.valenca.rj.gov.br/,RJ acima de 15.000 habitantes,SIDRA 6579/v/9324/p/2025,2026-05-20,Necessita validação manual,Site inferido automaticamente; validar antes da entrega.,2026-05-27
3306206,Vassouras,RJ,Rio de Janeiro,35907,False,https://www.vassouras.rj.gov.br/,RJ acima de 15.000 habitantes,SIDRA 6579/v/9324/p/2025,2026-05-20,Necessita validação manual,Site inferido automaticamente; validar antes da entrega.,2026-05-27
3306305,Volta Redonda,RJ,Rio de Janeiro,279971,False,https://www.voltaredonda.rj.gov.br/,RJ acima de 15.000 habitantes,SIDRA 6579/v/9324/p/2025,2026-05-20,Necessita validação manual,Site inferido automaticamente; validar antes da entrega.,2026-05-27
2408102,Natal,RN,Rio Grande do Norte,784249,True,https://www.natal.rn.gov.br/,Capital dos demais estados/DF,SIDRA 6579/v/9324/p/2025,2026-05-20,Necessita validação manual,Site inferido automaticamente; validar antes da entrega.,2026-05-27
1100205,Porto Velho,RO,Rondônia,517709,True,https://www.portovelho.ro.gov.br/,Capital dos demais estados/DF,SIDRA 6579/v/9324/p/2025,2026-05-20,Necessita validação manual,Site inferido automaticamente; validar antes da entrega.,2026-05-27
1400100,Boa Vista,RR,Roraima,485477,True,https://www.boavista.rr.gov.br/,Capital dos demais estados/DF,SIDRA 6579/v/9324/p/2025,2026-05-20,Necessita validação manual,Site inferido automaticamente; validar antes da entrega.,2026-05-27
4300109,Agudo,RS,Rio Grande do Sul,16341,False,https://www.agudo.rs.gov.br/,RS acima de 15.000 habitantes,SIDRA 6579/v/9324/p/2025,2026-05-20,Necessita validação manual,Site inferido automaticamente; validar antes da entrega.,2026-05-27
4300406,Alegrete,RS,Rio Grande do Sul,74285,False,https://www.alegrete.rs.gov.br/,RS acima de 15.000 habitantes,SIDRA 6579/v/9324/p/2025,2026-05-20,Necessita validação manual,Site inferido automaticamente; validar antes da entrega.,2026-05-27
4300604,Alvorada,RS,Rio Grande do Sul,194062,False,https://www.alvorada.rs.gov.br/,RS acima de 15.000 habitantes,SIDRA 6579/v/9324/p/2025,2026-05-20,Necessita validação manual,Site inferido automaticamente; validar antes da entrega.,2026-05-27
4301305,Arroio Grande,RS,Rio Grande do Sul,17879,False,https://www.arroiogrande.rs.gov.br/,RS acima de 15.000 habitantes,SIDRA 6579/v/9324/p/2025,2026-05-20,Necessita validação manual,Site inferido automaticamente; validar antes da entrega.,2026-05-27
4301008,Arroio do Meio,RS,Rio Grande do Sul,22523,False,https://www.arroiodomeio.rs.gov.br/,RS acima de 15.000 habitantes,SIDRA 6579/v/9324/p/2025,2026-05-20,Necessita validação manual,Site inferido automaticamente; validar antes da entrega.,2026-05-27
4301602,Bagé,RS,Rio Grande do Sul,121928,False,https://www.bage.rs.gov.br/,RS acima de 15.000 habitantes,SIDRA 6579/v/9324/p/2025,2026-05-20,Necessita validação manual,Site inferido automaticamente; validar antes da entrega.,2026-05-27
4301636,Balneário Pinhal,RS,Rio Grande do Sul,15413,False,https://www.balneariopinhal.rs.gov.br/,RS acima de 15.000 habitantes,SIDRA 6579/v/9324/p/2025,2026-05-20,Necessita validação manual,Site inferido automaticamente; validar antes da entrega.,2026-05-27
4302105,Bento Gonçalves,RS,Rio Grande do Sul,127977,False,https://www.bentogoncalves.rs.gov.br/,RS acima de 15.000 habitantes,SIDRA 6579/v/9324/p/2025,2026-05-20,Necessita validação manual,Site inferido automaticamente; validar antes da entrega.,2026-05-27
4302709,Butiá,RS,Rio Grande do Sul,19421,False,https://www.butia.rs.gov.br/,RS acima de 15.000 habitantes,SIDRA 6579/v/9324/p/2025,2026-05-20,Necessita validação manual,Site inferido automaticamente; validar antes da entrega.,2026-05-27
4303004,Cachoeira do Sul,RS,Rio Grande do Sul,82222,False,https://www.cachoeiradosul.rs.gov.br/,RS acima de 15.000 habitantes,SIDRA 6579/v/9324/p/2025,2026-05-20,Necessita validação manual,Site inferido automaticamente; validar antes da entrega.,2026-05-27
4303103,Cachoeirinha,RS,Rio Grande do Sul,141503,False,https://www.cachoeirinha.rs.gov.br/,RS acima de 15.000 habitantes,SIDRA 6579/v/9324/p/2025,2026-05-20,Necessita validação manual,Site inferido automaticamente; validar antes da entrega.,2026-05-27
4303509,Camaquã,RS,Rio Grande do Sul,63961,False,https://www.camaqua.rs.gov.br/,RS acima de 15.000 habitantes,SIDRA 6579/v/9324/p/2025,2026-05-20,Necessita validação manual,Site inferido automaticamente; validar antes da entrega.,2026-05-27
4303905,Campo Bom,RS,Rio Grande do Sul,64719,False,https://www.campobom.rs.gov.br/,RS acima de 15.000 habitantes,SIDRA 6579/v/9324/p/2025,2026-05-20,Necessita validação manual,Site inferido automaticamente; validar antes da entrega.,2026-05-27
4304200,Candelária,RS,Rio Grande do Sul,29775,False,,RS acima de 15.000 habitantes,SIDRA 6579/v/9324/p/2025,2026-05-20,Site não localizado,"Site não informado na base. Candidatos básicos: https://www.candelaria.rs.gov.br/, https://candelaria.rs.gov.br/, http://www.candelaria.rs.gov.br/, http://candelaria.rs.gov.br/, https://www.prefeitura.candelaria.rs.gov.br/, https://prefeitura.candelaria.rs.gov.br/, http://www.prefeitura.candelaria.rs.gov.br/, http://prefeitura.candelaria.rs.gov.br/. Busca web oficial falhou: HTTPSConnectionPool(host='duckduckgo.com', port=443): Max retries exceeded with url: /html/?q=prefeitura+Candel%C3%A1ria+RS+site+oficial (Caused by ConnectTimeoutError(<HTTPSConnection(host='duckduckgo.com', port=443) at 0x1fc32480>, 'Connection to duckduckgo.com timed out. (connect timeout=8)'))",2026-05-27
4304408,Canela,RS,Rio Grande do Sul,50715,False,https://www.canela.rs.gov.br/,RS acima de 15.000 habitantes,SIDRA 6579/v/9324/p/2025,2026-05-20,Necessita validação manual,Site inferido automaticamente; validar antes da entrega.,2026-05-27
4304507,Canguçu,RS,Rio Grande do Sul,50968,False,https://www.cangucu.rs.gov.br/,RS acima de 15.000 habitantes,SIDRA 6579/v/9324/p/2025,2026-05-20,Necessita validação manual,Site inferido automaticamente; validar antes da entrega.,2026-05-27
4304606,Canoas,RS,Rio Grande do Sul,359840,False,https://www.canoas.rs.gov.br/,RS acima de 15.000 habitantes,SIDRA 6579/v/9324/p/2025,2026-05-20,Necessita validação manual,Site inferido automaticamente; validar antes da entrega.,2026-05-27
4304630,Capão da Canoa,RS,Rio Grande do Sul,66234,False,https://www.capaodacanoa.rs.gov.br/,RS acima de 15.000 habitantes,SIDRA 6579/v/9324/p/2025,2026-05-20,Necessita validação manual,Site inferido automaticamente; validar antes da entrega.,2026-05-27
4304663,Capão do Leão,RS,Rio Grande do Sul,27416,False,https://www.capaodoleao.rs.gov.br/,RS acima de 15.000 habitantes,SIDRA 6579/v/9324/p/2025,2026-05-20,Necessita validação manual,Site inferido automaticamente; validar antes da entrega.,2026-05-27
4304705,Carazinho,RS,Rio Grande do Sul,63670,False,https://carazinho.rs.gov.br/,RS acima de 15.000 habitantes,SIDRA 6579/v/9324/p/2025,2026-05-20,Necessita validação manual,Site inferido automaticamente; validar antes da entrega.,2026-05-27
4304804,Carlos Barbosa,RS,Rio Grande do Sul,31585,False,https://www.carlosbarbosa.rs.gov.br/,RS acima de 15.000 habitantes,SIDRA 6579/v/9324/p/2025,2026-05-20,Necessita validação manual,Site inferido automaticamente; validar antes da entrega.,2026-05-27
4305108,Caxias do Sul,RS,Rio Grande do Sul,479599,False,,RS acima de 15.000 habitantes,SIDRA 6579/v/9324/p/2025,2026-05-20,Site não localizado,"Site não informado na base. Candidatos básicos: https://www.caxiasdosul.rs.gov.br/, https://caxiasdosul.rs.gov.br/, http://www.caxiasdosul.rs.gov.br/, http://caxiasdosul.rs.gov.br/, https://www.prefeitura.caxiasdosul.rs.gov.br/, https://prefeitura.caxiasdosul.rs.gov.br/, http://www.prefeitura.caxiasdosul.rs.gov.br/, http://prefeitura.caxiasdosul.rs.gov.br/, https://www.caxiassul.rs.gov.br/, https://caxiassul.rs.gov.br/, http://www.caxiassul.rs.gov.br/, http://caxiassul.rs.gov.br/, https://www.prefeitura.caxiassul.rs.gov.br/, https://prefeitura.caxiassul.rs.gov.br/, http://www.prefeitura.caxiassul.rs.gov.br/, http://prefeitura.caxiassul.rs.gov.br/, https://www.caxiasdo.rs.gov.br/, https://caxiasdo.rs.gov.br/, http://www.caxiasdo.rs.gov.br/, http://caxiasdo.rs.gov.br/, https://www.prefeitura.caxiasdo.rs.gov.br/, https://prefeitura.caxiasdo.rs.gov.br/, http://www.prefeitura.caxiasdo.rs.gov.br/, http://prefeitura.caxiasdo.rs.gov.br/. Busca web oficial falhou: HTTPSConnectionPool(host='duckduckgo.com', port=443): Max retries exceeded with url: /html/?q=prefeitura+Caxias+do+Sul+RS+site+oficial (Caused by ConnectTimeoutError(<HTTPSConnection(host='duckduckgo.com', port=443) at 0x21c33740>, 'Connection to duckduckgo.com timed out. (connect timeout=8)'))",2026-05-27
4302808,Caçapava do Sul,RS,Rio Grande do Sul,33501,False,https://www.cacapavadosul.rs.gov.br/,RS acima de 15.000 habitantes,SIDRA 6579/v/9324/p/2025,2026-05-20,Necessita validação manual,Site inferido automaticamente; validar antes da entrega.,2026-05-27
4305355,Charqueadas,RS,Rio Grande do Sul,36110,False,https://www.charqueadas.rs.gov.br/,RS acima de 15.000 habitantes,SIDRA 6579/v/9324/p/2025,2026-05-20,Necessita validação manual,Site inferido automaticamente; validar antes da entrega.,2026-05-27
4305454,Cidreira,RS,Rio Grande do Sul,17583,False,https://www.cidreira.rs.gov.br/,RS acima de 15.000 habitantes,SIDRA 6579/v/9324/p/2025,2026-05-20,Necessita validação manual,Site inferido automaticamente; validar antes da entrega.,2026-05-27
4306106,Cruz Alta,RS,Rio Grande do Sul,60454,False,https://www.cruzalta.rs.gov.br/,RS acima de 15.000 habitantes,SIDRA 6579/v/9324/p/2025,2026-05-20,Necessita validação manual,Site inferido automaticamente; validar antes da entrega.,2026-05-27
4306403,Dois Irmãos,RS,Rio Grande do Sul,31804,False,https://www.doisirmaos.rs.gov.br/,RS acima de 15.000 habitantes,SIDRA 6579/v/9324/p/2025,2026-05-20,Necessita validação manual,Site inferido automaticamente; validar antes da entrega.,2026-05-27
4306601,Dom Pedrito,RS,Rio Grande do Sul,38080,False,https://www.dompedrito.rs.gov.br/,RS acima de 15.000 habitantes,SIDRA 6579/v/9324/p/2025,2026-05-20,Necessita validação manual,Site inferido automaticamente; validar antes da entrega.,2026-05-27
4306767,Eldorado do Sul,RS,Rio Grande do Sul,41012,False,,RS acima de 15.000 habitantes,SIDRA 6579/v/9324/p/2025,2026-05-20,Site não localizado,"Site não informado na base. Candidatos básicos: https://www.eldoradodosul.rs.gov.br/, https://eldoradodosul.rs.gov.br/, http://www.eldoradodosul.rs.gov.br/, http://eldoradodosul.rs.gov.br/, https://www.prefeitura.eldoradodosul.rs.gov.br/, https://prefeitura.eldoradodosul.rs.gov.br/, http://www.prefeitura.eldoradodosul.rs.gov.br/, http://prefeitura.eldoradodosul.rs.gov.br/, https://www.eldoradosul.rs.gov.br/, https://eldoradosul.rs.gov.br/, http://www.eldoradosul.rs.gov.br/, http://eldoradosul.rs.gov.br/, https://www.prefeitura.eldoradosul.rs.gov.br/, https://prefeitura.eldoradosul.rs.gov.br/, http://www.prefeitura.eldoradosul.rs.gov.br/, http://prefeitura.eldoradosul.rs.gov.br/, https://www.eldoradodo.rs.gov.br/, https://eldoradodo.rs.gov.br/, http://www.eldoradodo.rs.gov.br/, http://eldoradodo.rs.gov.br/, https://www.prefeitura.eldoradodo.rs.gov.br/, https://prefeitura.eldoradodo.rs.gov.br/, http://www.prefeitura.eldoradodo.rs.gov.br/, http://prefeitura.eldoradodo.rs.gov.br/. Busca web oficial falhou: HTTPSConnectionPool(host='duckduckgo.com', port=443): Max retries exceeded with url: /html/?q=prefeitura+Eldorado+do+Sul+RS+site+oficial (Caused by ConnectTimeoutError(<HTTPSConnection(host='duckduckgo.com', port=443) at 0x21c5fe30>, 'Connection to duckduckgo.com timed out. (connect timeout=8)'))",2026-05-27
4306809,Encantado,RS,Rio Grande do Sul,23520,False,https://www.encantado.rs.gov.br/,RS acima de 15.000 habitantes,SIDRA 6579/v/9324/p/2025,2026-05-20,Necessita validação manual,Site inferido automaticamente; validar antes da entrega.,2026-05-27
4306908,Encruzilhada do Sul,RS,Rio Grande do Sul,24275,False,https://www.encruzilhadadosul.rs.gov.br/,RS acima de 15.000 habitantes,SIDRA 6579/v/9324/p/2025,2026-05-20,Necessita validação manual,Site inferido automaticamente; validar antes da entrega.,2026-05-27
4307005,Erechim,RS,Rio Grande do Sul,109609,False,https://www.erechim.rs.gov.br/,RS acima de 15.000 habitantes,SIDRA 6579/v/9324/p/2025,2026-05-20,Necessita validação manual,Site inferido automaticamente; validar antes da entrega.,2026-05-27
4307500,Espumoso,RS,Rio Grande do Sul,15478,False,https://www.espumoso.rs.gov.br/,RS acima de 15.000 habitantes,SIDRA 6579/v/9324/p/2025,2026-05-20,Necessita validação manual,Site inferido automaticamente; validar antes da entrega.,2026-05-27
4307708,Esteio,RS,Rio Grande do Sul,78144,False,https://www.esteio.rs.gov.br/,RS acima de 15.000 habitantes,SIDRA 6579/v/9324/p/2025,2026-05-20,Necessita validação manual,Site inferido automaticamente; validar antes da entrega.,2026-05-27
4307807,Estrela,RS,Rio Grande do Sul,33263,False,https://www.estrela.rs.gov.br/,RS acima de 15.000 habitantes,SIDRA 6579/v/9324/p/2025,2026-05-20,Necessita validação manual,Site inferido automaticamente; validar antes da entrega.,2026-05-27
4307609,Estância Velha,RS,Rio Grande do Sul,49499,False,https://www.estanciavelha.rs.gov.br/,RS acima de 15.000 habitantes,SIDRA 6579/v/9324/p/2025,2026-05-20,Necessita validação manual,Site inferido automaticamente; validar antes da entrega.,2026-05-27
4307906,Farroupilha,RS,Rio Grande do Sul,72552,False,https://www.farroupilha.rs.gov.br/,RS acima de 15.000 habitantes,SIDRA 6579/v/9324/p/2025,2026-05-20,Necessita validação manual,Site inferido automaticamente; validar antes da entrega.,2026-05-27
4308201,Flores da Cunha,RS,Rio Grande do Sul,32015,False,https://www.floresdacunha.rs.gov.br/,RS acima de 15.000 habitantes,SIDRA 6579/v/9324/p/2025,2026-05-20,Necessita validação manual,Site inferido automaticamente; validar antes da entrega.,2026-05-27
4308508,Frederico Westphalen,RS,Rio Grande do Sul,33726,False,https://www.fredericowestphalen.rs.gov.br/,RS acima de 15.000 habitantes,SIDRA 6579/v/9324/p/2025,2026-05-20,Necessita validação manual,Site inferido automaticamente; validar antes da entrega.,2026-05-27
4308607,Garibaldi,RS,Rio Grande do Sul,35563,False,https://www.garibaldi.rs.gov.br/,RS acima de 15.000 habitantes,SIDRA 6579/v/9324/p/2025,2026-05-20,Necessita validação manual,Site inferido automaticamente; validar antes da entrega.,2026-05-27
4308904,Getúlio Vargas,RS,Rio Grande do Sul,16955,False,,RS acima de 15.000 habitantes,SIDRA 6579/v/9324/p/2025,2026-05-20,Site não localizado,"Site não informado na base. Candidatos básicos: https://www.getuliovargas.rs.gov.br/, https://getuliovargas.rs.gov.br/, http://www.getuliovargas.rs.gov.br/, http://getuliovargas.rs.gov.br/, https://www.prefeitura.getuliovargas.rs.gov.br/, https://prefeitura.getuliovargas.rs.gov.br/, http://www.prefeitura.getuliovargas.rs.gov.br/, http://prefeitura.getuliovargas.rs.gov.br/. Busca web oficial falhou: HTTPSConnectionPool(host='duckduckgo.com', port=443): Max retries exceeded with url: /html/?q=prefeitura+Get%C3%BAlio+Vargas+RS+site+oficial (Caused by ConnectTimeoutError(<HTTPSConnection(host='duckduckgo.com', port=443) at 0x2029a7e0>, 'Connection to duckduckgo.com timed out. (connect timeout=8)'))",2026-05-27
4309001,Giruá,RS,Rio Grande do Sul,16273,False,https://www.girua.rs.gov.br/,RS acima de 15.000 habitantes,SIDRA 6579/v/9324/p/2025,2026-05-20,Necessita validação manual,Site inferido automaticamente; validar antes da entrega.,2026-05-27
4309100,Gramado,RS,Rio Grande do Sul,41705,False,https://www.gramado.rs.gov.br/,RS acima de 15.000 habitantes,SIDRA 6579/v/9324/p/2025,2026-05-20,Necessita validação manual,Site inferido automaticamente; validar antes da entrega.,2026-05-27
4309209,Gravataí,RS,Rio Grande do Sul,275430,False,https://www.gravatai.rs.gov.br/,RS acima de 15.000 habitantes,SIDRA 6579/v/9324/p/2025,2026-05-20,Necessita validação manual,Site inferido automaticamente; validar antes da entrega.,2026-05-27
4309407,Guaporé,RS,Rio Grande do Sul,26168,False,https://www.guapore.rs.gov.br/,RS acima de 15.000 habitantes,SIDRA 6579/v/9324/p/2025,2026-05-20,Necessita validação manual,Site inferido automaticamente; validar antes da entrega.,2026-05-27
4309308,Guaíba,RS,Rio Grande do Sul,95946,False,https://guaiba.rs.gov.br/,RS acima de 15.000 habitantes,SIDRA 6579/v/9324/p/2025,2026-05-20,Necessita validação manual,Site inferido automaticamente; validar antes da entrega.,2026-05-27
4309605,Horizontina,RS,Rio Grande do Sul,19252,False,http://www.horizontina.rs.gov.br/,RS acima de 15.000 habitantes,SIDRA 6579/v/9324/p/2025,2026-05-20,Necessita validação manual,Site inferido automaticamente; validar antes da entrega.,2026-05-27
4310009,Ibirubá,RS,Rio Grande do Sul,22106,False,https://www.ibiruba.rs.gov.br/,RS acima de 15.000 habitantes,SIDRA 6579/v/9324/p/2025,2026-05-20,Necessita validação manual,Site inferido automaticamente; validar antes da entrega.,2026-05-27
4310108,Igrejinha,RS,Rio Grande do Sul,34776,False,https://www.igrejinha.rs.gov.br/,RS acima de 15.000 habitantes,SIDRA 6579/v/9324/p/2025,2026-05-20,Necessita validação manual,Site inferido automaticamente; validar antes da entrega.,2026-05-27
4310207,Ijuí,RS,Rio Grande do Sul,87848,False,https://www.ijui.rs.gov.br/,RS acima de 15.000 habitantes,SIDRA 6579/v/9324/p/2025,2026-05-20,Necessita validação manual,Site inferido automaticamente; validar antes da entrega.,2026-05-27
4310330,Imbé,RS,Rio Grande do Sul,28027,False,https://www.imbe.rs.gov.br/,RS acima de 15.000 habitantes,SIDRA 6579/v/9324/p/2025,2026-05-20,Necessita validação manual,Site inferido automaticamente; validar antes da entrega.,2026-05-27
4310603,Itaqui,RS,Rio Grande do Sul,36811,False,https://www.itaqui.rs.gov.br/,RS acima de 15.000 habitantes,SIDRA 6579/v/9324/p/2025,2026-05-20,Necessita validação manual,Site inferido automaticamente; validar antes da entrega.,2026-05-27
4310801,Ivoti,RS,Rio Grande do Sul,23566,False,https://www.ivoti.rs.gov.br/,RS acima de 15.000 habitantes,SIDRA 6579/v/9324/p/2025,2026-05-20,Necessita validação manual,Site inferido automaticamente; validar antes da entrega.,2026-05-27
4311007,Jaguarão,RS,Rio Grande do Sul,27396,False,https://www.jaguarao.rs.gov.br/,RS acima de 15.000 habitantes,SIDRA 6579/v/9324/p/2025,2026-05-20,Necessita validação manual,Site inferido automaticamente; validar antes da entrega.,2026-05-27
4311205,Júlio de Castilhos,RS,Rio Grande do Sul,18545,False,https://www.juliodecastilhos.rs.gov.br/,RS acima de 15.000 habitantes,SIDRA 6579/v/9324/p/2025,2026-05-20,Necessita validação manual,Site inferido automaticamente; validar antes da entrega.,2026-05-27
4311304,Lagoa Vermelha,RS,Rio Grande do Sul,28622,False,https://lagoavermelha.rs.gov.br/,RS acima de 15.000 habitantes,SIDRA 6579/v/9324/p/2025,2026-05-20,Necessita validação manual,Site inferido automaticamente; validar antes da entrega.,2026-05-27
4311403,Lajeado,RS,Rio Grande do Sul,96879,False,https://www.lajeado.rs.gov.br/,RS acima de 15.000 habitantes,SIDRA 6579/v/9324/p/2025,2026-05-20,Necessita validação manual,Site inferido automaticamente; validar antes da entrega.,2026-05-27
4311809,Marau,RS,Rio Grande do Sul,46748,False,,RS acima de 15.000 habitantes,SIDRA 6579/v/9324/p/2025,2026-05-20,Site não localizado,"Site não informado na base. Candidatos básicos: https://www.marau.rs.gov.br/, https://marau.rs.gov.br/, http://www.marau.rs.gov.br/, http://marau.rs.gov.br/, https://www.prefeitura.marau.rs.gov.br/, https://prefeitura.marau.rs.gov.br/, http://www.prefeitura.marau.rs.gov.br/, http://prefeitura.marau.rs.gov.br/. Busca web oficial falhou: HTTPSConnectionPool(host='duckduckgo.com', port=443): Max retries exceeded with url: /html/?q=prefeitura+Marau+RS+site+oficial (Caused by ConnectTimeoutError(<HTTPSConnection(host='duckduckgo.com', port=443) at 0x21bc7920>, 'Connection to duckduckgo.com timed out. (connect timeout=8)'))",2026-05-27
4312401,Montenegro,RS,Rio Grande do Sul,66352,False,https://www.montenegro.rs.gov.br/,RS acima de 15.000 habitantes,SIDRA 6579/v/9324/p/2025,2026-05-20,Necessita validação manual,Site inferido automaticamente; validar antes da entrega.,2026-05-27
4313060,Nova Hartz,RS,Rio Grande do Sul,20558,False,https://www.novahartz.rs.gov.br/,RS acima de 15.000 habitantes,SIDRA 6579/v/9324/p/2025,2026-05-20,Necessita validação manual,Site inferido automaticamente; validar antes da entrega.,2026-05-27
4313201,Nova Petrópolis,RS,Rio Grande do Sul,23934,False,https://www.novapetropolis.rs.gov.br/,RS acima de 15.000 habitantes,SIDRA 6579/v/9324/p/2025,2026-05-20,Necessita validação manual,Site inferido automaticamente; validar antes da entrega.,2026-05-27
4313300,Nova Prata,RS,Rio Grande do Sul,26637,False,https://www.novaprata.rs.gov.br/,RS acima de 15.000 habitantes,SIDRA 6579/v/9324/p/2025,2026-05-20,Necessita validação manual,Site inferido automaticamente; validar antes da entrega.,2026-05-27
4313375,Nova Santa Rita,RS,Rio Grande do Sul,30189,False,https://www.novasantarita.rs.gov.br/,RS acima de 15.000 habitantes,SIDRA 6579/v/9324/p/2025,2026-05-20,Necessita validação manual,Site inferido automaticamente; validar antes da entrega.,2026-05-27
4313409,Novo Hamburgo,RS,Rio Grande do Sul,235802,False,https://www.novohamburgo.rs.gov.br/,RS acima de 15.000 habitantes,SIDRA 6579/v/9324/p/2025,2026-05-20,Necessita validação manual,Site inferido automaticamente; validar antes da entrega.,2026-05-27
4312658,Não-Me-Toque,RS,Rio Grande do Sul,18335,False,https://www.naometoque.rs.gov.br/,RS acima de 15.000 habitantes,SIDRA 6579/v/9324/p/2025,2026-05-20,Necessita validação manual,Site inferido automaticamente; validar antes da entrega.,2026-05-27
4313508,Osório,RS,Rio Grande do Sul,48999,False,https://www.osorio.rs.gov.br/,RS acima de 15.000 habitantes,SIDRA 6579/v/9324/p/2025,2026-05-20,Necessita validação manual,Site inferido automaticamente; validar antes da entrega.,2026-05-27
4313706,Palmeira das Missões,RS,Rio Grande do Sul,34227,False,https://www.palmeiradasmissoes.rs.gov.br/,RS acima de 15.000 habitantes,SIDRA 6579/v/9324/p/2025,2026-05-20,Necessita validação manual,Site inferido automaticamente; validar antes da entrega.,2026-05-27
4313904,Panambi,RS,Rio Grande do Sul,45102,False,https://www.panambi.rs.gov.br/,RS acima de 15.000 habitantes,SIDRA 6579/v/9324/p/2025,2026-05-20,Necessita validação manual,Site inferido automaticamente; validar antes da entrega.,2026-05-27
4314050,Parobé,RS,Rio Grande do Sul,53569,False,https://www.parobe.rs.gov.br/,RS acima de 15.000 habitantes,SIDRA 6579/v/9324/p/2025,2026-05-20,Necessita validação manual,Site inferido automaticamente; validar antes da entrega.,2026-05-27
4314100,Passo Fundo,RS,Rio Grande do Sul,214811,False,https://www.passofundo.rs.gov.br/,RS acima de 15.000 habitantes,SIDRA 6579/v/9324/p/2025,2026-05-20,Necessita validação manual,Site inferido automaticamente; validar antes da entrega.,2026-05-27
4314407,Pelotas,RS,Rio Grande do Sul,336150,False,https://www.pelotas.rs.gov.br/,RS acima de 15.000 habitantes,SIDRA 6579/v/9324/p/2025,2026-05-20,Necessita validação manual,Site inferido automaticamente; validar antes da entrega.,2026-05-27
4314605,Piratini,RS,Rio Grande do Sul,17770,False,,RS acima de 15.000 habitantes,SIDRA 6579/v/9324/p/2025,2026-05-20,Site não localizado,"Site não informado na base. Candidatos básicos: https://www.piratini.rs.gov.br/, https://piratini.rs.gov.br/, http://www.piratini.rs.gov.br/, http://piratini.rs.gov.br/, https://www.prefeitura.piratini.rs.gov.br/, https://prefeitura.piratini.rs.gov.br/, http://www.prefeitura.piratini.rs.gov.br/, http://prefeitura.piratini.rs.gov.br/. Busca web oficial falhou: HTTPSConnectionPool(host='duckduckgo.com', port=443): Max retries exceeded with url: /html/?q=prefeitura+Piratini+RS+site+oficial (Caused by ConnectTimeoutError(<HTTPSConnection(host='duckduckgo.com', port=443) at 0x21e74470>, 'Connection to duckduckgo.com timed out. (connect timeout=8)'))",2026-05-27
4314902,Porto Alegre,RS,Rio Grande do Sul,1388794,True,https://www.portoalegre.rs.gov.br/,RS acima de 15.000 habitantes,SIDRA 6579/v/9324/p/2025,2026-05-20,Necessita validação manual,Site inferido automaticamente; validar antes da entrega.,2026-05-27
4314803,Portão,RS,Rio Grande do Sul,35273,False,https://www.portao.rs.gov.br/,RS acima de 15.000 habitantes,SIDRA 6579/v/9324/p/2025,2026-05-20,Necessita validação manual,Site inferido automaticamente; validar antes da entrega.,2026-05-27
4315305,Quaraí,RS,Rio Grande do Sul,23995,False,https://www.quarai.rs.gov.br/,RS acima de 15.000 habitantes,SIDRA 6579/v/9324/p/2025,2026-05-20,Necessita validação manual,Site inferido automaticamente; validar antes da entrega.,2026-05-27
4315503,Restinga Sêca,RS,Rio Grande do Sul,15205,False,https://www.restingaseca.rs.gov.br/,RS acima de 15.000 habitantes,SIDRA 6579/v/9324/p/2025,2026-05-20,Necessita validação manual,Site inferido automaticamente; validar antes da entrega.,2026-05-27
4315602,Rio Grande,RS,Rio Grande do Sul,198935,False,https://www.riogrande.rs.gov.br/,RS acima de 15.000 habitantes,SIDRA 6579/v/9324/p/2025,2026-05-20,Necessita validação manual,Site inferido automaticamente; validar antes da entrega.,2026-05-27
4315701,Rio Pardo,RS,Rio Grande do Sul,35641,False,https://www.riopardo.rs.gov.br/,RS acima de 15.000 habitantes,SIDRA 6579/v/9324/p/2025,2026-05-20,Necessita validação manual,Site inferido automaticamente; validar antes da entrega.,2026-05-27
4316006,Rolante,RS,Rio Grande do Sul,21752,False,https://www.rolante.rs.gov.br/,RS acima de 15.000 habitantes,SIDRA 6579/v/9324/p/2025,2026-05-20,Necessita validação manual,Site inferido automaticamente; validar antes da entrega.,2026-05-27
4316402,Rosário do Sul,RS,Rio Grande do Sul,37674,False,https://www.rosariodosul.rs.gov.br/,RS acima de 15.000 habitantes,SIDRA 6579/v/9324/p/2025,2026-05-20,Necessita validação manual,Site inferido automaticamente; validar antes da entrega.,2026-05-27
4316600,Sananduva,RS,Rio Grande do Sul,16770,False,https://www.sananduva.rs.gov.br/,RS acima de 15.000 habitantes,SIDRA 6579/v/9324/p/2025,2026-05-20,Necessita validação manual,Site inferido automaticamente; validar antes da entrega.,2026-05-27
4317103,Sant'Ana do Livramento,RS,Rio Grande do Sul,87329,False,https://www.santanadolivramento.rs.gov.br/,RS acima de 15.000 habitantes,SIDRA 6579/v/9324/p/2025,2026-05-20,Necessita validação manual,Site inferido automaticamente; validar antes da entrega.,2026-05-27
4316808,Santa Cruz do Sul,RS,Rio Grande do Sul,138270,False,https://www.santacruz.rs.gov.br/,RS acima de 15.000 habitantes,SIDRA 6579/v/9324/p/2025,2026-05-20,Necessita validação manual,Site inferido automaticamente; validar antes da entrega.,2026-05-27
4316907,Santa Maria,RS,Rio Grande do Sul,282395,False,https://www.santamaria.rs.gov.br/,RS acima de 15.000 habitantes,SIDRA 6579/v/9324/p/2025,2026-05-20,Necessita validação manual,Site inferido automaticamente; validar antes da entrega.,2026-05-27
4317202,Santa Rosa,RS,Rio Grande do Sul,79488,False,https://www.santarosa.rs.gov.br/,RS acima de 15.000 habitantes,SIDRA 6579/v/9324/p/2025,2026-05-20,Necessita validação manual,Site inferido automaticamente; validar antes da entrega.,2026-05-27
4317301,Santa Vitória do Palmar,RS,Rio Grande do Sul,31965,False,https://www.santavitoriadopalmar.rs.gov.br/,RS acima de 15.000 habitantes,SIDRA 6579/v/9324/p/2025,2026-05-20,Necessita validação manual,Site inferido automaticamente; validar antes da entrega.,2026-05-27
4317400,Santiago,RS,Rio Grande do Sul,50336,False,https://www.santiago.rs.gov.br/,RS acima de 15.000 habitantes,SIDRA 6579/v/9324/p/2025,2026-05-20,Necessita validação manual,Site inferido automaticamente; validar antes da entrega.,2026-05-27
4317608,Santo Antônio da Patrulha,RS,Rio Grande do Sul,44431,False,https://www.santoantoniodapatrulha.rs.gov.br/,RS acima de 15.000 habitantes,SIDRA 6579/v/9324/p/2025,2026-05-20,Necessita validação manual,Site inferido automaticamente; validar antes da entrega.,2026-05-27
4317905,Santo Cristo,RS,Rio Grande do Sul,15667,False,https://www.santocristo.rs.gov.br/,RS acima de 15.000 habitantes,SIDRA 6579/v/9324/p/2025,2026-05-20,Necessita validação manual,Site inferido automaticamente; validar antes da entrega.,2026-05-27
4317509,Santo Ângelo,RS,Rio Grande do Sul,79146,False,https://www.santoangelo.rs.gov.br/,RS acima de 15.000 habitantes,SIDRA 6579/v/9324/p/2025,2026-05-20,Necessita validação manual,Site inferido automaticamente; validar antes da entrega.,2026-05-27
4319901,Sapiranga,RS,Rio Grande do Sul,77935,False,https://www.sapiranga.rs.gov.br/,RS acima de 15.000 habitantes,SIDRA 6579/v/9324/p/2025,2026-05-20,Necessita validação manual,Site inferido automaticamente; validar antes da entrega.,2026-05-27
4320008,Sapucaia do Sul,RS,Rio Grande do Sul,136572,False,https://www.sapucaiadosul.rs.gov.br/,RS acima de 15.000 habitantes,SIDRA 6579/v/9324/p/2025,2026-05-20,Necessita validação manual,Site inferido automaticamente; validar antes da entrega.,2026-05-27
4320107,Sarandi,RS,Rio Grande do Sul,23374,False,https://www.sarandi.rs.gov.br/,RS acima de 15.000 habitantes,SIDRA 6579/v/9324/p/2025,2026-05-20,Necessita validação manual,Site inferido automaticamente; validar antes da entrega.,2026-05-27
4320404,Serafina Corrêa,RS,Rio Grande do Sul,17407,False,https://www.serafinacorrea.rs.gov.br/,RS acima de 15.000 habitantes,SIDRA 6579/v/9324/p/2025,2026-05-20,Necessita validação manual,Site inferido automaticamente; validar antes da entrega.,2026-05-27
4320800,Soledade,RS,Rio Grande do Sul,30939,False,https://www.soledade.rs.gov.br/,RS acima de 15.000 habitantes,SIDRA 6579/v/9324/p/2025,2026-05-20,Necessita validação manual,Site inferido automaticamente; validar antes da entrega.,2026-05-27
4318002,São Borja,RS,Rio Grande do Sul,61311,False,https://www.saoborja.rs.gov.br/,RS acima de 15.000 habitantes,SIDRA 6579/v/9324/p/2025,2026-05-20,Necessita validação manual,Site inferido automaticamente; validar antes da entrega.,2026-05-27
4318101,São Francisco de Assis,RS,Rio Grande do Sul,17934,False,https://www.saofranciscodeassis.rs.gov.br/,RS acima de 15.000 habitantes,SIDRA 6579/v/9324/p/2025,2026-05-20,Necessita validação manual,Site inferido automaticamente; validar antes da entrega.,2026-05-27
4318200,São Francisco de Paula,RS,Rio Grande do Sul,22388,False,https://www.saofranciscodepaula.rs.gov.br/,RS acima de 15.000 habitantes,SIDRA 6579/v/9324/p/2025,2026-05-20,Necessita validação manual,Site inferido automaticamente; validar antes da entrega.,2026-05-27
4318309,São Gabriel,RS,Rio Grande do Sul,60090,False,https://www.saogabriel.rs.gov.br/,RS acima de 15.000 habitantes,SIDRA 6579/v/9324/p/2025,2026-05-20,Necessita validação manual,Site inferido automaticamente; validar antes da entrega.,2026-05-27
4318408,São Jerônimo,RS,Rio Grande do Sul,21412,False,https://www.saojeronimo.rs.gov.br/,RS acima de 15.000 habitantes,SIDRA 6579/v/9324/p/2025,2026-05-20,Necessita validação manual,Site inferido automaticamente; validar antes da entrega.,2026-05-27
4318507,São José do Norte,RS,Rio Grande do Sul,26248,False,https://www.saojosedonorte.rs.gov.br/,RS acima de 15.000 habitantes,SIDRA 6579/v/9324/p/2025,2026-05-20,Necessita validação manual,Site inferido automaticamente; validar antes da entrega.,2026-05-27
4318705,São Leopoldo,RS,Rio Grande do Sul,225737,False,https://www.saoleopoldo.rs.gov.br/,RS acima de 15.000 habitantes,SIDRA 6579/v/9324/p/2025,2026-05-20,Necessita validação manual,Site inferido automaticamente; validar antes da entrega.,2026-05-27
4318804,São Lourenço do Sul,RS,Rio Grande do Sul,43278,False,https://www.saolourencodosul.rs.gov.br/,RS acima de 15.000 habitantes,SIDRA 6579/v/9324/p/2025,2026-05-20,Necessita validação manual,Site inferido automaticamente; validar antes da entrega.,2026-05-27
4318903,São Luiz Gonzaga,RS,Rio Grande do Sul,35865,False,https://www.saoluizgonzaga.rs.gov.br/,RS acima de 15.000 habitantes,SIDRA 6579/v/9324/p/2025,2026-05-20,Necessita validação manual,Site inferido automaticamente; validar antes da entrega.,2026-05-27
4319000,São Marcos,RS,Rio Grande do Sul,21549,False,https://www.saomarcos.rs.gov.br/,RS acima de 15.000 habitantes,SIDRA 6579/v/9324/p/2025,2026-05-20,Necessita validação manual,Site inferido automaticamente; validar antes da entrega.,2026-05-27
4319406,São Pedro do Sul,RS,Rio Grande do Sul,15863,False,https://www.saopedrodosul.rs.gov.br/,RS acima de 15.000 habitantes,SIDRA 6579/v/9324/p/2025,2026-05-20,Necessita validação manual,Site inferido automaticamente; validar antes da entrega.,2026-05-27
4319505,São Sebastião do Caí,RS,Rio Grande do Sul,24898,False,https://www.saosebastiaodocai.rs.gov.br/,RS acima de 15.000 habitantes,SIDRA 6579/v/9324/p/2025,2026-05-20,Necessita validação manual,Site inferido automaticamente; validar antes da entrega.,2026-05-27
4319604,São Sepé,RS,Rio Grande do Sul,21551,False,https://www.saosepe.rs.gov.br/,RS acima de 15.000 habitantes,SIDRA 6579/v/9324/p/2025,2026-05-20,Necessita validação manual,Site inferido automaticamente; validar antes da entrega.,2026-05-27
4320909,Tapejara,RS,Rio Grande do Sul,25256,False,https://www.tapejara.rs.gov.br/,RS acima de 15.000 habitantes,SIDRA 6579/v/9324/p/2025,2026-05-20,Necessita validação manual,Site inferido automaticamente; validar antes da entrega.,2026-05-27
4321204,Taquara,RS,Rio Grande do Sul,54353,False,https://www.taquara.rs.gov.br/,RS acima de 15.000 habitantes,SIDRA 6579/v/9324/p/2025,2026-05-20,Necessita validação manual,Site inferido automaticamente; validar antes da entrega.,2026-05-27
4321303,Taquari,RS,Rio Grande do Sul,25963,False,https://www.taquari.rs.gov.br/,RS acima de 15.000 habitantes,SIDRA 6579/v/9324/p/2025,2026-05-20,Necessita validação manual,Site inferido automaticamente; validar antes da entrega.,2026-05-27
4321451,Teutônia,RS,Rio Grande do Sul,34023,False,https://www.teutonia.rs.gov.br/,RS acima de 15.000 habitantes,SIDRA 6579/v/9324/p/2025,2026-05-20,Necessita validação manual,Site inferido automaticamente; validar antes da entrega.,2026-05-27
4321501,Torres,RS,Rio Grande do Sul,43344,False,https://www.torres.rs.gov.br/,RS acima de 15.000 habitantes,SIDRA 6579/v/9324/p/2025,2026-05-20,Necessita validação manual,Site inferido automaticamente; validar antes da entrega.,2026-05-27
4321600,Tramandaí,RS,Rio Grande do Sul,56430,False,https://www.tramandai.rs.gov.br/,RS acima de 15.000 habitantes,SIDRA 6579/v/9324/p/2025,2026-05-20,Necessita validação manual,Site inferido automaticamente; validar antes da entrega.,2026-05-27
4322004,Triunfo,RS,Rio Grande do Sul,28435,False,https://www.triunfo.rs.gov.br/,RS acima de 15.000 habitantes,SIDRA 6579/v/9324/p/2025,2026-05-20,Necessita validação manual,Site inferido automaticamente; validar antes da entrega.,2026-05-27
4321709,Três Coroas,RS,Rio Grande do Sul,24428,False,https://www.trescoroas.rs.gov.br/,RS acima de 15.000 habitantes,SIDRA 6579/v/9324/p/2025,2026-05-20,Necessita validação manual,Site inferido automaticamente; validar antes da entrega.,2026-05-27
4321907,Três Passos,RS,Rio Grande do Sul,26304,False,https://www.trespassos.rs.gov.br/,RS acima de 15.000 habitantes,SIDRA 6579/v/9324/p/2025,2026-05-20,Necessita validação manual,Site inferido automaticamente; validar antes da entrega.,2026-05-27
4321808,Três de Maio,RS,Rio Grande do Sul,25466,False,https://www.tresdemaio.rs.gov.br/,RS acima de 15.000 habitantes,SIDRA 6579/v/9324/p/2025,2026-05-20,Necessita validação manual,Site inferido automaticamente; validar antes da entrega.,2026-05-27
4322202,Tupanciretã,RS,Rio Grande do Sul,20324,False,https://www.tupancireta.rs.gov.br/,RS acima de 15.000 habitantes,SIDRA 6579/v/9324/p/2025,2026-05-20,Necessita validação manual,Site inferido automaticamente; validar antes da entrega.,2026-05-27
4322400,Uruguaiana,RS,Rio Grande do Sul,120819,False,https://www.uruguaiana.rs.gov.br/,RS acima de 15.000 habitantes,SIDRA 6579/v/9324/p/2025,2026-05-20,Necessita validação manual,Site inferido automaticamente; validar antes da entrega.,2026-05-27
4322509,Vacaria,RS,Rio Grande do Sul,66146,False,https://www.vacaria.rs.gov.br/,RS acima de 15.000 habitantes,SIDRA 6579/v/9324/p/2025,2026-05-20,Necessita validação manual,Site inferido automaticamente; validar antes da entrega.,2026-05-27
4322608,Venâncio Aires,RS,Rio Grande do Sul,70842,False,https://www.venancioaires.rs.gov.br/,RS acima de 15.000 habitantes,SIDRA 6579/v/9324/p/2025,2026-05-20,Necessita validação manual,Site inferido automaticamente; validar antes da entrega.,2026-05-27
4322707,Vera Cruz,RS,Rio Grande do Sul,27670,False,https://www.veracruz.rs.gov.br/,RS acima de 15.000 habitantes,SIDRA 6579/v/9324/p/2025,2026-05-20,Necessita validação manual,Site inferido automaticamente; validar antes da entrega.,2026-05-27
4322806,Veranópolis,RS,Rio Grande do Sul,24554,False,https://www.veranopolis.rs.gov.br/,RS acima de 15.000 habitantes,SIDRA 6579/v/9324/p/2025,2026-05-20,Necessita validação manual,Site inferido automaticamente; validar antes da entrega.,2026-05-27
4323002,Viamão,RS,Rio Grande do Sul,231996,False,https://www.viamao.rs.gov.br/,RS acima de 15.000 habitantes,SIDRA 6579/v/9324/p/2025,2026-05-20,Necessita validação manual,Site inferido automaticamente; validar antes da entrega.,2026-05-27
4323804,Xangri-lá,RS,Rio Grande do Sul,16949,False,https://www.xangrila.rs.gov.br/,RS acima de 15.000 habitantes,SIDRA 6579/v/9324/p/2025,2026-05-20,Necessita validação manual,Site inferido automaticamente; validar antes da entrega.,2026-05-27
4200101,Abelardo Luz,SC,Santa Catarina,17767,False,,SC acima de 15.000 habitantes,SIDRA 6579/v/9324/p/2025,2026-05-20,Site não localizado,"Site não informado na base. Candidatos básicos: https://www.abelardoluz.sc.gov.br/, https://abelardoluz.sc.gov.br/, http://www.abelardoluz.sc.gov.br/, http://abelardoluz.sc.gov.br/, https://www.prefeitura.abelardoluz.sc.gov.br/, https://prefeitura.abelardoluz.sc.gov.br/, http://www.prefeitura.abelardoluz.sc.gov.br/, http://prefeitura.abelardoluz.sc.gov.br/. Busca web oficial falhou: HTTPSConnectionPool(host='duckduckgo.com', port=443): Max retries exceeded with url: /html/?q=prefeitura+Abelardo+Luz+SC+site+oficial (Caused by ConnectTimeoutError(<HTTPSConnection(host='duckduckgo.com', port=443) at 0x1fce1e80>, 'Connection to duckduckgo.com timed out. (connect timeout=8)'))",2026-05-27
4201307,Araquari,SC,Santa Catarina,52079,False,https://www.araquari.sc.gov.br/,SC acima de 15.000 habitantes,SIDRA 6579/v/9324/p/2025,2026-05-20,Necessita validação manual,Site inferido automaticamente; validar antes da entrega.,2026-05-27
4201406,Araranguá,SC,Santa Catarina,76611,False,,SC acima de 15.000 habitantes,SIDRA 6579/v/9324/p/2025,2026-05-20,Site não localizado,"Site não informado na base. Candidatos básicos: https://www.ararangua.sc.gov.br/, https://ararangua.sc.gov.br/, http://www.ararangua.sc.gov.br/, http://ararangua.sc.gov.br/, https://www.prefeitura.ararangua.sc.gov.br/, https://prefeitura.ararangua.sc.gov.br/, http://www.prefeitura.ararangua.sc.gov.br/, http://prefeitura.ararangua.sc.gov.br/. Busca web oficial falhou: HTTPSConnectionPool(host='duckduckgo.com', port=443): Max retries exceeded with url: /html/?q=prefeitura+Ararangu%C3%A1+SC+site+oficial (Caused by ConnectTimeoutError(<HTTPSConnection(host='duckduckgo.com', port=443) at 0x21e60800>, 'Connection to duckduckgo.com timed out. (connect timeout=8)'))",2026-05-27
4201950,Balneário Arroio do Silva,SC,Santa Catarina,17786,False,,SC acima de 15.000 habitantes,SIDRA 6579/v/9324/p/2025,2026-05-20,Site não localizado,"Site não informado na base. Candidatos básicos: https://www.balnearioarroiodosilva.sc.gov.br/, https://balnearioarroiodosilva.sc.gov.br/, http://www.balnearioarroiodosilva.sc.gov.br/, http://balnearioarroiodosilva.sc.gov.br/, https://www.prefeitura.balnearioarroiodosilva.sc.gov.br/, https://prefeitura.balnearioarroiodosilva.sc.gov.br/, http://www.prefeitura.balnearioarroiodosilva.sc.gov.br/, http://prefeitura.balnearioarroiodosilva.sc.gov.br/, https://www.balnearioarroiosilva.sc.gov.br/, https://balnearioarroiosilva.sc.gov.br/, http://www.balnearioarroiosilva.sc.gov.br/, http://balnearioarroiosilva.sc.gov.br/, https://www.prefeitura.balnearioarroiosilva.sc.gov.br/, https://prefeitura.balnearioarroiosilva.sc.gov.br/, http://www.prefeitura.balnearioarroiosilva.sc.gov.br/, http://prefeitura.balnearioarroiosilva.sc.gov.br/, https://www.balnearioarroio.sc.gov.br/, https://balnearioarroio.sc.gov.br/, http://www.balnearioarroio.sc.gov.br/, http://balnearioarroio.sc.gov.br/, https://www.prefeitura.balnearioarroio.sc.gov.br/, https://prefeitura.balnearioarroio.sc.gov.br/, http://www.prefeitura.balnearioarroio.sc.gov.br/, http://prefeitura.balnearioarroio.sc.gov.br/. Busca web oficial falhou: HTTPSConnectionPool(host='duckduckgo.com', port=443): Max retries exceeded with url: /html/?q=prefeitura+Balne%C3%A1rio+Arroio+do+Silva+SC+site+oficial (Caused by ConnectTimeoutError(<HTTPSConnection(host='duckduckgo.com', port=443) at 0x21c30d70>, 'Connection to duckduckgo.com timed out. (connect timeout=8)'))",2026-05-27
4202057,Balneário Barra do Sul,SC,Santa Catarina,16953,False,https://www.balneariobarradosul.sc.gov.br/,SC acima de 15.000 habitantes,SIDRA 6579/v/9324/p/2025,2026-05-20,Necessita validação manual,Site inferido automaticamente; validar antes da entrega.,2026-05-27
4202008,Balneário Camboriú,SC,Santa Catarina,151674,False,https://www.balneariocamboriu.sc.gov.br/,SC acima de 15.000 habitantes,SIDRA 6579/v/9324/p/2025,2026-05-20,Necessita validação manual,Site inferido automaticamente; validar antes da entrega.,2026-05-27
4202073,Balneário Gaivota,SC,Santa Catarina,17986,False,https://www.balneariogaivota.sc.gov.br/,SC acima de 15.000 habitantes,SIDRA 6579/v/9324/p/2025,2026-05-20,Necessita validação manual,Site inferido automaticamente; validar antes da entrega.,2026-05-27
4212809,Balneário Piçarras,SC,Santa Catarina,30593,False,https://www.balneariopicarras.sc.gov.br/,SC acima de 15.000 habitantes,SIDRA 6579/v/9324/p/2025,2026-05-20,Necessita validação manual,Site inferido automaticamente; validar antes da entrega.,2026-05-27
4220000,Balneário Rincão,SC,Santa Catarina,17697,False,https://www.balneariorincao.sc.gov.br/,SC acima de 15.000 habitantes,SIDRA 6579/v/9324/p/2025,2026-05-20,Necessita validação manual,Site inferido automaticamente; validar antes da entrega.,2026-05-27
4202107,Barra Velha,SC,Santa Catarina,52860,False,https://www.barravelha.sc.gov.br/,SC acima de 15.000 habitantes,SIDRA 6579/v/9324/p/2025,2026-05-20,Necessita validação manual,Site inferido automaticamente; validar antes da entrega.,2026-05-27
4202305,Biguaçu,SC,Santa Catarina,83756,False,,SC acima de 15.000 habitantes,SIDRA 6579/v/9324/p/2025,2026-05-20,Site não localizado,"Site não informado na base. Candidatos básicos: https://www.biguacu.sc.gov.br/, https://biguacu.sc.gov.br/, http://www.biguacu.sc.gov.br/, http://biguacu.sc.gov.br/, https://www.prefeitura.biguacu.sc.gov.br/, https://prefeitura.biguacu.sc.gov.br/, http://www.prefeitura.biguacu.sc.gov.br/, http://prefeitura.biguacu.sc.gov.br/. Busca web oficial falhou: HTTPSConnectionPool(host='duckduckgo.com', port=443): Max retries exceeded with url: /html/?q=prefeitura+Bigua%C3%A7u+SC+site+oficial (Caused by ConnectTimeoutError(<HTTPSConnection(host='duckduckgo.com', port=443) at 0x1ffb0c80>, 'Connection to duckduckgo.com timed out. (connect timeout=8)'))",2026-05-27
4202404,Blumenau,SC,Santa Catarina,385558,False,https://www.blumenau.sc.gov.br/,SC acima de 15.000 habitantes,SIDRA 6579/v/9324/p/2025,2026-05-20,Necessita validação manual,Site inferido automaticamente; validar antes da entrega.,2026-05-27
4202453,Bombinhas,SC,Santa Catarina,28738,False,,SC acima de 15.000 habitantes,SIDRA 6579/v/9324/p/2025,2026-05-20,Site não localizado,"Site não informado na base. Candidatos básicos: https://www.bombinhas.sc.gov.br/, https://bombinhas.sc.gov.br/, http://www.bombinhas.sc.gov.br/, http://bombinhas.sc.gov.br/, https://www.prefeitura.bombinhas.sc.gov.br/, https://prefeitura.bombinhas.sc.gov.br/, http://www.prefeitura.bombinhas.sc.gov.br/, http://prefeitura.bombinhas.sc.gov.br/. Busca web oficial falhou: HTTPSConnectionPool(host='duckduckgo.com', port=443): Max retries exceeded with url: /html/?q=prefeitura+Bombinhas+SC+site+oficial (Caused by ConnectTimeoutError(<HTTPSConnection(host='duckduckgo.com', port=443) at 0x21c31ee0>, 'Connection to duckduckgo.com timed out. (connect timeout=8)'))",2026-05-27
4202800,Braço do Norte,SC,Santa Catarina,35985,False,,SC acima de 15.000 habitantes,SIDRA 6579/v/9324/p/2025,2026-05-20,Site não localizado,"Site não informado na base. Candidatos básicos: https://www.bracodonorte.sc.gov.br/, https://bracodonorte.sc.gov.br/, http://www.bracodonorte.sc.gov.br/, http://bracodonorte.sc.gov.br/, https://www.prefeitura.bracodonorte.sc.gov.br/, https://prefeitura.bracodonorte.sc.gov.br/, http://www.prefeitura.bracodonorte.sc.gov.br/, http://prefeitura.bracodonorte.sc.gov.br/, https://www.braconorte.sc.gov.br/, https://braconorte.sc.gov.br/, http://www.braconorte.sc.gov.br/, http://braconorte.sc.gov.br/, https://www.prefeitura.braconorte.sc.gov.br/, https://prefeitura.braconorte.sc.gov.br/, http://www.prefeitura.braconorte.sc.gov.br/, http://prefeitura.braconorte.sc.gov.br/, https://www.bracodo.sc.gov.br/, https://bracodo.sc.gov.br/, http://www.bracodo.sc.gov.br/, http://bracodo.sc.gov.br/, https://www.prefeitura.bracodo.sc.gov.br/, https://prefeitura.bracodo.sc.gov.br/, http://www.prefeitura.bracodo.sc.gov.br/, http://prefeitura.bracodo.sc.gov.br/. Busca web oficial falhou: HTTPSConnectionPool(host='duckduckgo.com', port=443): Max retries exceeded with url: /html/?q=prefeitura+Bra%C3%A7o+do+Norte+SC+site+oficial (Caused by ConnectTimeoutError(<HTTPSConnection(host='duckduckgo.com', port=443) at 0x1fa95130>, 'Connection to duckduckgo.com timed out. (connect timeout=8)'))",2026-05-27
4202909,Brusque,SC,Santa Catarina,155307,False,https://www.brusque.sc.gov.br/,SC acima de 15.000 habitantes,SIDRA 6579/v/9324/p/2025,2026-05-20,Necessita validação manual,Site inferido automaticamente; validar antes da entrega.,2026-05-27
4203204,Camboriú,SC,Santa Catarina,117324,False,https://www.camboriu.sc.gov.br/,SC acima de 15.000 habitantes,SIDRA 6579/v/9324/p/2025,2026-05-20,Necessita validação manual,Site inferido automaticamente; validar antes da entrega.,2026-05-27
4203600,Campos Novos,SC,Santa Catarina,39049,False,,SC acima de 15.000 habitantes,SIDRA 6579/v/9324/p/2025,2026-05-20,Site não localizado,"Site não informado na base. Candidatos básicos: https://www.camposnovos.sc.gov.br/, https://camposnovos.sc.gov.br/, http://www.camposnovos.sc.gov.br/, http://camposnovos.sc.gov.br/, https://www.prefeitura.camposnovos.sc.gov.br/, https://prefeitura.camposnovos.sc.gov.br/, http://www.prefeitura.camposnovos.sc.gov.br/, http://prefeitura.camposnovos.sc.gov.br/. Busca web oficial falhou: HTTPSConnectionPool(host='duckduckgo.com', port=443): Max retries exceeded with url: /html/?q=prefeitura+Campos+Novos+SC+site+oficial (Caused by ConnectTimeoutError(<HTTPSConnection(host='duckduckgo.com', port=443) at 0x2029b470>, 'Connection to duckduckgo.com timed out. (connect timeout=8)'))",2026-05-27
4203808,Canoinhas,SC,Santa Catarina,56948,False,,SC acima de 15.000 habitantes,SIDRA 6579/v/9324/p/2025,2026-05-20,Site não localizado,"Site não informado na base. Candidatos básicos: https://www.canoinhas.sc.gov.br/, https://canoinhas.sc.gov.br/, http://www.canoinhas.sc.gov.br/, http://canoinhas.sc.gov.br/, https://www.prefeitura.canoinhas.sc.gov.br/, https://prefeitura.canoinhas.sc.gov.br/, http://www.prefeitura.canoinhas.sc.gov.br/, http://prefeitura.canoinhas.sc.gov.br/. Busca web oficial falhou: HTTPSConnectionPool(host='duckduckgo.com', port=443): Max retries exceeded with url: /html/?q=prefeitura+Canoinhas+SC+site+oficial (Caused by ConnectTimeoutError(<HTTPSConnection(host='duckduckgo.com', port=443) at 0x1e1470e0>, 'Connection to duckduckgo.com timed out. (connect timeout=8)'))",2026-05-27
4203907,Capinzal,SC,Santa Catarina,24414,False,,SC acima de 15.000 habitantes,SIDRA 6579/v/9324/p/2025,2026-05-20,Site não localizado,"Site não informado na base. Candidatos básicos: https://www.capinzal.sc.gov.br/, https://capinzal.sc.gov.br/, http://www.capinzal.sc.gov.br/, http://capinzal.sc.gov.br/, https://www.prefeitura.capinzal.sc.gov.br/, https://prefeitura.capinzal.sc.gov.br/, http://www.prefeitura.capinzal.sc.gov.br/, http://prefeitura.capinzal.sc.gov.br/. Busca web oficial falhou: HTTPSConnectionPool(host='duckduckgo.com', port=443): Max retries exceeded with url: /html/?q=prefeitura+Capinzal+SC+site+oficial (Caused by ConnectTimeoutError(<HTTPSConnection(host='duckduckgo.com', port=443) at 0x21e76540>, 'Connection to duckduckgo.com timed out. (connect timeout=8)'))",2026-05-27
4203956,Capivari de Baixo,SC,Santa Catarina,25015,False,,SC acima de 15.000 habitantes,SIDRA 6579/v/9324/p/2025,2026-05-20,Site não localizado,"Site não informado na base. Candidatos básicos: https://www.capivaridebaixo.sc.gov.br/, https://capivaridebaixo.sc.gov.br/, http://www.capivaridebaixo.sc.gov.br/, http://capivaridebaixo.sc.gov.br/, https://www.prefeitura.capivaridebaixo.sc.gov.br/, https://prefeitura.capivaridebaixo.sc.gov.br/, http://www.prefeitura.capivaridebaixo.sc.gov.br/, http://prefeitura.capivaridebaixo.sc.gov.br/, https://www.capivaribaixo.sc.gov.br/, https://capivaribaixo.sc.gov.br/, http://www.capivaribaixo.sc.gov.br/, http://capivaribaixo.sc.gov.br/, https://www.prefeitura.capivaribaixo.sc.gov.br/, https://prefeitura.capivaribaixo.sc.gov.br/, http://www.prefeitura.capivaribaixo.sc.gov.br/, http://prefeitura.capivaribaixo.sc.gov.br/, https://www.capivaride.sc.gov.br/, https://capivaride.sc.gov.br/, http://www.capivaride.sc.gov.br/, http://capivaride.sc.gov.br/, https://www.prefeitura.capivaride.sc.gov.br/, https://prefeitura.capivaride.sc.gov.br/, http://www.prefeitura.capivaride.sc.gov.br/, http://prefeitura.capivaride.sc.gov.br/. Busca web oficial falhou: HTTPSConnectionPool(host='duckduckgo.com', port=443): Max retries exceeded with url: /html/?q=prefeitura+Capivari+de+Baixo+SC+site+oficial (Caused by ConnectTimeoutError(<HTTPSConnection(host='duckduckgo.com', port=443) at 0x21c31df0>, 'Connection to duckduckgo.com timed out. (connect timeout=8)'))",2026-05-27
4203006,Caçador,SC,Santa Catarina,76298,False,https://www.cacador.sc.gov.br/,SC acima de 15.000 habitantes,SIDRA 6579/v/9324/p/2025,2026-05-20,Necessita validação manual,Site inferido automaticamente; validar antes da entrega.,2026-05-27
4204202,Chapecó,SC,Santa Catarina,282648,False,https://www.chapeco.sc.gov.br/,SC acima de 15.000 habitantes,SIDRA 6579/v/9324/p/2025,2026-05-20,Necessita validação manual,Site inferido automaticamente; validar antes da entrega.,2026-05-27
4204251,Cocal do Sul,SC,Santa Catarina,18106,False,,SC acima de 15.000 habitantes,SIDRA 6579/v/9324/p/2025,2026-05-20,Site não localizado,"Site não informado na base. Candidatos básicos: https://www.cocaldosul.sc.gov.br/, https://cocaldosul.sc.gov.br/, http://www.cocaldosul.sc.gov.br/, http://cocaldosul.sc.gov.br/, https://www.prefeitura.cocaldosul.sc.gov.br/, https://prefeitura.cocaldosul.sc.gov.br/, http://www.prefeitura.cocaldosul.sc.gov.br/, http://prefeitura.cocaldosul.sc.gov.br/, https://www.cocalsul.sc.gov.br/, https://cocalsul.sc.gov.br/, http://www.cocalsul.sc.gov.br/, http://cocalsul.sc.gov.br/, https://www.prefeitura.cocalsul.sc.gov.br/, https://prefeitura.cocalsul.sc.gov.br/, http://www.prefeitura.cocalsul.sc.gov.br/, http://prefeitura.cocalsul.sc.gov.br/, https://www.cocaldo.sc.gov.br/, https://cocaldo.sc.gov.br/, http://www.cocaldo.sc.gov.br/, http://cocaldo.sc.gov.br/, https://www.prefeitura.cocaldo.sc.gov.br/, https://prefeitura.cocaldo.sc.gov.br/, http://www.prefeitura.cocaldo.sc.gov.br/, http://prefeitura.cocaldo.sc.gov.br/. Busca web oficial falhou: HTTPSConnectionPool(host='duckduckgo.com', port=443): Max retries exceeded with url: /html/?q=prefeitura+Cocal+do+Sul+SC+site+oficial (Caused by ConnectTimeoutError(<HTTPSConnection(host='duckduckgo.com', port=443) at 0x21e74860>, 'Connection to duckduckgo.com timed out. (connect timeout=8)'))",2026-05-27
4204301,Concórdia,SC,Santa Catarina,87206,False,https://www.concordia.sc.gov.br/,SC acima de 15.000 habitantes,SIDRA 6579/v/9324/p/2025,2026-05-20,Necessita validação manual,Site inferido automaticamente; validar antes da entrega.,2026-05-27
4204558,Correia Pinto,SC,Santa Catarina,16253,False,,SC acima de 15.000 habitantes,SIDRA 6579/v/9324/p/2025,2026-05-20,Site não localizado,"Site não informado na base. Candidatos básicos: https://www.correiapinto.sc.gov.br/, https://correiapinto.sc.gov.br/, http://www.correiapinto.sc.gov.br/, http://correiapinto.sc.gov.br/, https://www.prefeitura.correiapinto.sc.gov.br/, https://prefeitura.correiapinto.sc.gov.br/, http://www.prefeitura.correiapinto.sc.gov.br/, http://prefeitura.correiapinto.sc.gov.br/. Busca web oficial falhou: HTTPSConnectionPool(host='duckduckgo.com', port=443): Max retries exceeded with url: /html/?q=prefeitura+Correia+Pinto+SC+site+oficial (Caused by ConnectTimeoutError(<HTTPSConnection(host='duckduckgo.com', port=443) at 0x21e62c60>, 'Connection to duckduckgo.com timed out. (connect timeout=8)'))",2026-05-27
4204509,Corupá,SC,Santa Catarina,15912,False,https://www.corupa.sc.gov.br/,SC acima de 15.000 habitantes,SIDRA 6579/v/9324/p/2025,2026-05-20,Necessita validação manual,Site inferido automaticamente; validar antes da entrega.,2026-05-27
4204608,Criciúma,SC,Santa Catarina,227438,False,https://www.criciuma.sc.gov.br/,SC acima de 15.000 habitantes,SIDRA 6579/v/9324/p/2025,2026-05-20,Necessita validação manual,Site inferido automaticamente; validar antes da entrega.,2026-05-27
4204806,Curitibanos,SC,Santa Catarina,41741,False,,SC acima de 15.000 habitantes,SIDRA 6579/v/9324/p/2025,2026-05-20,Site não localizado,"Site não informado na base. Candidatos básicos: https://www.curitibanos.sc.gov.br/, https://curitibanos.sc.gov.br/, http://www.curitibanos.sc.gov.br/, http://curitibanos.sc.gov.br/, https://www.prefeitura.curitibanos.sc.gov.br/, https://prefeitura.curitibanos.sc.gov.br/, http://www.prefeitura.curitibanos.sc.gov.br/, http://prefeitura.curitibanos.sc.gov.br/. Busca web oficial falhou: HTTPSConnectionPool(host='duckduckgo.com', port=443): Max retries exceeded with url: /html/?q=prefeitura+Curitibanos+SC+site+oficial (Caused by ConnectTimeoutError(<HTTPSConnection(host='duckduckgo.com', port=443) at 0x21c31280>, 'Connection to duckduckgo.com timed out. (connect timeout=8)'))",2026-05-27
4205001,Dionísio Cerqueira,SC,Santa Catarina,15316,False,,SC acima de 15.000 habitantes,SIDRA 6579/v/9324/p/2025,2026-05-20,Site não localizado,"Site não informado na base. Candidatos básicos: https://www.dionisiocerqueira.sc.gov.br/, https://dionisiocerqueira.sc.gov.br/, http://www.dionisiocerqueira.sc.gov.br/, http://dionisiocerqueira.sc.gov.br/, https://www.prefeitura.dionisiocerqueira.sc.gov.br/, https://prefeitura.dionisiocerqueira.sc.gov.br/, http://www.prefeitura.dionisiocerqueira.sc.gov.br/, http://prefeitura.dionisiocerqueira.sc.gov.br/. Busca web oficial falhou: HTTPSConnectionPool(host='duckduckgo.com', port=443): Max retries exceeded with url: /html/?q=prefeitura+Dion%C3%ADsio+Cerqueira+SC+site+oficial (Caused by ConnectTimeoutError(<HTTPSConnection(host='duckduckgo.com', port=443) at 0x1ffb0da0>, 'Connection to duckduckgo.com timed out. (connect timeout=8)'))",2026-05-27
4205407,Florianópolis,SC,Santa Catarina,587486,True,,SC acima de 15.000 habitantes,SIDRA 6579/v/9324/p/2025,2026-05-20,Site não localizado,"Site não informado na base. Candidatos básicos: https://www.florianopolis.sc.gov.br/, https://florianopolis.sc.gov.br/, http://www.florianopolis.sc.gov.br/, http://florianopolis.sc.gov.br/, https://www.prefeitura.florianopolis.sc.gov.br/, https://prefeitura.florianopolis.sc.gov.br/, http://www.prefeitura.florianopolis.sc.gov.br/, http://prefeitura.florianopolis.sc.gov.br/. Busca web oficial falhou: HTTPSConnectionPool(host='duckduckgo.com', port=443): Max retries exceeded with url: /html/?q=prefeitura+Florian%C3%B3polis+SC+site+oficial (Caused by ConnectTimeoutError(<HTTPSConnection(host='duckduckgo.com', port=443) at 0x1fbee210>, 'Connection to duckduckgo.com timed out. (connect timeout=8)'))",2026-05-27
4205456,Forquilhinha,SC,Santa Catarina,34771,False,,SC acima de 15.000 habitantes,SIDRA 6579/v/9324/p/2025,2026-05-20,Site não localizado,"Site não informado na base. Candidatos básicos: https://www.forquilhinha.sc.gov.br/, https://forquilhinha.sc.gov.br/, http://www.forquilhinha.sc.gov.br/, http://forquilhinha.sc.gov.br/, https://www.prefeitura.forquilhinha.sc.gov.br/, https://prefeitura.forquilhinha.sc.gov.br/, http://www.prefeitura.forquilhinha.sc.gov.br/, http://prefeitura.forquilhinha.sc.gov.br/. Busca web oficial falhou: HTTPSConnectionPool(host='duckduckgo.com', port=443): Max retries exceeded with url: /html/?q=prefeitura+Forquilhinha+SC+site+oficial (Caused by ConnectTimeoutError(<HTTPSConnection(host='duckduckgo.com', port=443) at 0x21c312b0>, 'Connection to duckduckgo.com timed out. (connect timeout=8)'))",2026-05-27
4205506,Fraiburgo,SC,Santa Catarina,34065,False,https://www.fraiburgo.sc.gov.br/,SC acima de 15.000 habitantes,SIDRA 6579/v/9324/p/2025,2026-05-20,Necessita validação manual,Site inferido automaticamente; validar antes da entrega.,2026-05-27
4205704,Garopaba,SC,Santa Catarina,34070,False,https://www.garopaba.sc.gov.br/,SC acima de 15.000 habitantes,SIDRA 6579/v/9324/p/2025,2026-05-20,Necessita validação manual,Site inferido automaticamente; validar antes da entrega.,2026-05-27
4205803,Garuva,SC,Santa Catarina,19970,False,https://www.garuva.sc.gov.br/,SC acima de 15.000 habitantes,SIDRA 6579/v/9324/p/2025,2026-05-20,Necessita validação manual,Site inferido automaticamente; validar antes da entrega.,2026-05-27
4205902,Gaspar,SC,Santa Catarina,78344,False,,SC acima de 15.000 habitantes,SIDRA 6579/v/9324/p/2025,2026-05-20,Site não localizado,"Site não informado na base. Candidatos básicos: https://www.gaspar.sc.gov.br/, https://gaspar.sc.gov.br/, http://www.gaspar.sc.gov.br/, http://gaspar.sc.gov.br/, https://www.prefeitura.gaspar.sc.gov.br/, https://prefeitura.gaspar.sc.gov.br/, http://www.prefeitura.gaspar.sc.gov.br/, http://prefeitura.gaspar.sc.gov.br/. Busca web oficial falhou: HTTPSConnectionPool(host='duckduckgo.com', port=443): Max retries exceeded with url: /html/?q=prefeitura+Gaspar+SC+site+oficial (Caused by ConnectTimeoutError(<HTTPSConnection(host='duckduckgo.com', port=443) at 0x2029a240>, 'Connection to duckduckgo.com timed out. (connect timeout=8)'))",2026-05-27
4206009,Governador Celso Ramos,SC,Santa Catarina,18280,False,,SC acima de 15.000 habitantes,SIDRA 6579/v/9324/p/2025,2026-05-20,Site não localizado,"Site não informado na base. Candidatos básicos: https://www.governadorcelsoramos.sc.gov.br/, https://governadorcelsoramos.sc.gov.br/, http://www.governadorcelsoramos.sc.gov.br/, http://governadorcelsoramos.sc.gov.br/, https://www.prefeitura.governadorcelsoramos.sc.gov.br/, https://prefeitura.governadorcelsoramos.sc.gov.br/, http://www.prefeitura.governadorcelsoramos.sc.gov.br/, http://prefeitura.governadorcelsoramos.sc.gov.br/, https://www.governadorcelso.sc.gov.br/, https://governadorcelso.sc.gov.br/, http://www.governadorcelso.sc.gov.br/, http://governadorcelso.sc.gov.br/, https://www.prefeitura.governadorcelso.sc.gov.br/, https://prefeitura.governadorcelso.sc.gov.br/, http://www.prefeitura.governadorcelso.sc.gov.br/, http://prefeitura.governadorcelso.sc.gov.br/. Busca web oficial falhou: HTTPSConnectionPool(host='duckduckgo.com', port=443): Max retries exceeded with url: /html/?q=prefeitura+Governador+Celso+Ramos+SC+site+oficial (Caused by ConnectTimeoutError(<HTTPSConnection(host='duckduckgo.com', port=443) at 0x1e2fbb30>, 'Connection to duckduckgo.com timed out. (connect timeout=8)'))",2026-05-27
4206306,Guabiruba,SC,Santa Catarina,26645,False,,SC acima de 15.000 habitantes,SIDRA 6579/v/9324/p/2025,2026-05-20,Site não localizado,"Site não informado na base. Candidatos básicos: https://www.guabiruba.sc.gov.br/, https://guabiruba.sc.gov.br/, http://www.guabiruba.sc.gov.br/, http://guabiruba.sc.gov.br/, https://www.prefeitura.guabiruba.sc.gov.br/, https://prefeitura.guabiruba.sc.gov.br/, http://www.prefeitura.guabiruba.sc.gov.br/, http://prefeitura.guabiruba.sc.gov.br/. Busca web oficial falhou: HTTPSConnectionPool(host='duckduckgo.com', port=443): Max retries exceeded with url: /html/?q=prefeitura+Guabiruba+SC+site+oficial (Caused by ConnectTimeoutError(<HTTPSConnection(host='duckduckgo.com', port=443) at 0x21e91190>, 'Connection to duckduckgo.com timed out. (connect timeout=8)'))",2026-05-27
4206504,Guaramirim,SC,Santa Catarina,51009,False,https://www.guaramirim.sc.gov.br/,SC acima de 15.000 habitantes,SIDRA 6579/v/9324/p/2025,2026-05-20,Necessita validação manual,Site inferido automaticamente; validar antes da entrega.,2026-05-27
4206702,Herval d'Oeste,SC,Santa Catarina,22222,False,,SC acima de 15.000 habitantes,SIDRA 6579/v/9324/p/2025,2026-05-20,Site não localizado,"Site não informado na base. Candidatos básicos: https://www.hervaldoeste.sc.gov.br/, https://hervaldoeste.sc.gov.br/, http://www.hervaldoeste.sc.gov.br/, http://hervaldoeste.sc.gov.br/, https://www.prefeitura.hervaldoeste.sc.gov.br/, https://prefeitura.hervaldoeste.sc.gov.br/, http://www.prefeitura.hervaldoeste.sc.gov.br/, http://prefeitura.hervaldoeste.sc.gov.br/, https://www.hervaloeste.sc.gov.br/, https://hervaloeste.sc.gov.br/, http://www.hervaloeste.sc.gov.br/, http://hervaloeste.sc.gov.br/, https://www.prefeitura.hervaloeste.sc.gov.br/, https://prefeitura.hervaloeste.sc.gov.br/, http://www.prefeitura.hervaloeste.sc.gov.br/, http://prefeitura.hervaloeste.sc.gov.br/, https://www.hervald.sc.gov.br/, https://hervald.sc.gov.br/, http://www.hervald.sc.gov.br/, http://hervald.sc.gov.br/, https://www.prefeitura.hervald.sc.gov.br/, https://prefeitura.hervald.sc.gov.br/, http://www.prefeitura.hervald.sc.gov.br/, http://prefeitura.hervald.sc.gov.br/. Busca web oficial falhou: HTTPSConnectionPool(host='duckduckgo.com', port=443): Max retries exceeded with url: /html/?q=prefeitura+Herval+d%27Oeste+SC+site+oficial (Caused by ConnectTimeoutError(<HTTPSConnection(host='duckduckgo.com', port=443) at 0x21c5c230>, 'Connection to duckduckgo.com timed out. (connect timeout=8)'))",2026-05-27
4206900,Ibirama,SC,Santa Catarina,20900,False,https://www.ibirama.sc.gov.br/,SC acima de 15.000 habitantes,SIDRA 6579/v/9324/p/2025,2026-05-20,Necessita validação manual,Site inferido automaticamente; validar antes da entrega.,2026-05-27
4207106,Ilhota,SC,Santa Catarina,18627,False,https://www.ilhota.sc.gov.br/,SC acima de 15.000 habitantes,SIDRA 6579/v/9324/p/2025,2026-05-20,Necessita validação manual,Site inferido automaticamente; validar antes da entrega.,2026-05-27
4207304,Imbituba,SC,Santa Catarina,57256,False,https://www.imbituba.sc.gov.br/,SC acima de 15.000 habitantes,SIDRA 6579/v/9324/p/2025,2026-05-20,Necessita validação manual,Site inferido automaticamente; validar antes da entrega.,2026-05-27
4207502,Indaial,SC,Santa Catarina,77888,False,https://www.indaial.sc.gov.br/,SC acima de 15.000 habitantes,SIDRA 6579/v/9324/p/2025,2026-05-20,Necessita validação manual,Site inferido automaticamente; validar antes da entrega.,2026-05-27
4208104,Itaiópolis,SC,Santa Catarina,22906,False,https://www.itaiopolis.sc.gov.br/,SC acima de 15.000 habitantes,SIDRA 6579/v/9324/p/2025,2026-05-20,Necessita validação manual,Site inferido automaticamente; validar antes da entrega.,2026-05-27
4208203,Itajaí,SC,Santa Catarina,294850,False,https://www.itajai.sc.gov.br/,SC acima de 15.000 habitantes,SIDRA 6579/v/9324/p/2025,2026-05-20,Necessita validação manual,Site inferido automaticamente; validar antes da entrega.,2026-05-27
4208302,Itapema,SC,Santa Catarina,86116,False,https://www.itapema.sc.gov.br/,SC acima de 15.000 habitantes,SIDRA 6579/v/9324/p/2025,2026-05-20,Necessita validação manual,Site inferido automaticamente; validar antes da entrega.,2026-05-27
4208401,Itapiranga,SC,Santa Catarina,17268,False,https://www.itapiranga.sc.gov.br/,SC acima de 15.000 habitantes,SIDRA 6579/v/9324/p/2025,2026-05-20,Necessita validação manual,Site inferido automaticamente; validar antes da entrega.,2026-05-27
4208450,Itapoá,SC,Santa Catarina,36033,False,https://www.itapoa.sc.gov.br/,SC acima de 15.000 habitantes,SIDRA 6579/v/9324/p/2025,2026-05-20,Necessita validação manual,Site inferido automaticamente; validar antes da entrega.,2026-05-27
4208500,Ituporanga,SC,Santa Catarina,28461,False,https://www.ituporanga.sc.gov.br/,SC acima de 15.000 habitantes,SIDRA 6579/v/9324/p/2025,2026-05-20,Necessita validação manual,Site inferido automaticamente; validar antes da entrega.,2026-05-27
4207007,Içara,SC,Santa Catarina,63489,False,https://www.icara.sc.gov.br/,SC acima de 15.000 habitantes,SIDRA 6579/v/9324/p/2025,2026-05-20,Necessita validação manual,Site inferido automaticamente; validar antes da entrega.,2026-05-27
4208807,Jaguaruna,SC,Santa Catarina,21570,False,,SC acima de 15.000 habitantes,SIDRA 6579/v/9324/p/2025,2026-05-20,Site não localizado,"Site não informado na base. Candidatos básicos: https://www.jaguaruna.sc.gov.br/, https://jaguaruna.sc.gov.br/, http://www.jaguaruna.sc.gov.br/, http://jaguaruna.sc.gov.br/, https://www.prefeitura.jaguaruna.sc.gov.br/, https://prefeitura.jaguaruna.sc.gov.br/, http://www.prefeitura.jaguaruna.sc.gov.br/, http://prefeitura.jaguaruna.sc.gov.br/. Busca web oficial falhou: HTTPSConnectionPool(host='duckduckgo.com', port=443): Max retries exceeded with url: /html/?q=prefeitura+Jaguaruna+SC+site+oficial (Caused by ConnectTimeoutError(<HTTPSConnection(host='duckduckgo.com', port=443) at 0x21e610a0>, 'Connection to duckduckgo.com timed out. (connect timeout=8)'))",2026-05-27
4208906,Jaraguá do Sul,SC,Santa Catarina,199519,False,https://www.jaraguadosul.sc.gov.br/,SC acima de 15.000 habitantes,SIDRA 6579/v/9324/p/2025,2026-05-20,Necessita validação manual,Site inferido automaticamente; validar antes da entrega.,2026-05-27
4209003,Joaçaba,SC,Santa Catarina,31809,False,https://prefeitura.joacaba.sc.gov.br/,SC acima de 15.000 habitantes,SIDRA 6579/v/9324/p/2025,2026-05-20,Necessita validação manual,Site inferido automaticamente; validar antes da entrega.,2026-05-27
4209102,Joinville,SC,Santa Catarina,664541,False,https://www.joinville.sc.gov.br/,SC acima de 15.000 habitantes,SIDRA 6579/v/9324/p/2025,2026-05-20,Necessita validação manual,Site inferido automaticamente; validar antes da entrega.,2026-05-27
4209300,Lages,SC,Santa Catarina,172458,False,https://www.lages.sc.gov.br/,SC acima de 15.000 habitantes,SIDRA 6579/v/9324/p/2025,2026-05-20,Necessita validação manual,Site inferido automaticamente; validar antes da entrega.,2026-05-27
4209409,Laguna,SC,Santa Catarina,44060,False,,SC acima de 15.000 habitantes,SIDRA 6579/v/9324/p/2025,2026-05-20,Site não localizado,"Site não informado na base. Candidatos básicos: https://www.laguna.sc.gov.br/, https://laguna.sc.gov.br/, http://www.laguna.sc.gov.br/, http://laguna.sc.gov.br/, https://www.prefeitura.laguna.sc.gov.br/, https://prefeitura.laguna.sc.gov.br/, http://www.prefeitura.laguna.sc.gov.br/, http://prefeitura.laguna.sc.gov.br/. Busca web oficial falhou: HTTPSConnectionPool(host='duckduckgo.com', port=443): Max retries exceeded with url: /html/?q=prefeitura+Laguna+SC+site+oficial (Caused by ConnectTimeoutError(<HTTPSConnection(host='duckduckgo.com', port=443) at 0x21c309b0>, 'Connection to duckduckgo.com timed out. (connect timeout=8)'))",2026-05-27
4210100,Mafra,SC,Santa Catarina,57262,False,,SC acima de 15.000 habitantes,SIDRA 6579/v/9324/p/2025,2026-05-20,Site não localizado,"Site não informado na base. Candidatos básicos: https://www.mafra.sc.gov.br/, https://mafra.sc.gov.br/, http://www.mafra.sc.gov.br/, http://mafra.sc.gov.br/, https://www.prefeitura.mafra.sc.gov.br/, https://prefeitura.mafra.sc.gov.br/, http://www.prefeitura.mafra.sc.gov.br/, http://prefeitura.mafra.sc.gov.br/. Busca web oficial falhou: HTTPSConnectionPool(host='duckduckgo.com', port=443): Max retries exceeded with url: /html/?q=prefeitura+Mafra+SC+site+oficial (Caused by ConnectTimeoutError(<HTTPSConnection(host='duckduckgo.com', port=443) at 0x21e74650>, 'Connection to duckduckgo.com timed out. (connect timeout=8)'))",2026-05-27
4210506,Maravilha,SC,Santa Catarina,30743,False,,SC acima de 15.000 habitantes,SIDRA 6579/v/9324/p/2025,2026-05-20,Site não localizado,"Site não informado na base. Candidatos básicos: https://www.maravilha.sc.gov.br/, https://maravilha.sc.gov.br/, http://www.maravilha.sc.gov.br/, http://maravilha.sc.gov.br/, https://www.prefeitura.maravilha.sc.gov.br/, https://prefeitura.maravilha.sc.gov.br/, http://www.prefeitura.maravilha.sc.gov.br/, http://prefeitura.maravilha.sc.gov.br/. Busca web oficial falhou: HTTPSConnectionPool(host='duckduckgo.com', port=443): Max retries exceeded with url: /html/?q=prefeitura+Maravilha+SC+site+oficial (Caused by ConnectTimeoutError(<HTTPSConnection(host='duckduckgo.com', port=443) at 0x21e91df0>, 'Connection to duckduckgo.com timed out. (connect timeout=8)'))",2026-05-27
4210605,Massaranduba,SC,Santa Catarina,18122,False,https://www.massaranduba.sc.gov.br/,SC acima de 15.000 habitantes,SIDRA 6579/v/9324/p/2025,2026-05-20,Necessita validação manual,Site inferido automaticamente; validar antes da entrega.,2026-05-27
4211207,Morro da Fumaça,SC,Santa Catarina,19490,False,https://www.morrodafumaca.sc.gov.br/,SC acima de 15.000 habitantes,SIDRA 6579/v/9324/p/2025,2026-05-20,Necessita validação manual,Site inferido automaticamente; validar antes da entrega.,2026-05-27
4211306,Navegantes,SC,Santa Catarina,96046,False,,SC acima de 15.000 habitantes,SIDRA 6579/v/9324/p/2025,2026-05-20,Site não localizado,"Site não informado na base. Candidatos básicos: https://www.navegantes.sc.gov.br/, https://navegantes.sc.gov.br/, http://www.navegantes.sc.gov.br/, http://navegantes.sc.gov.br/, https://www.prefeitura.navegantes.sc.gov.br/, https://prefeitura.navegantes.sc.gov.br/, http://www.prefeitura.navegantes.sc.gov.br/, http://prefeitura.navegantes.sc.gov.br/. Busca web oficial falhou: HTTPSConnectionPool(host='duckduckgo.com', port=443): Max retries exceeded with url: /html/?q=prefeitura+Navegantes+SC+site+oficial (Caused by ConnectTimeoutError(<HTTPSConnection(host='duckduckgo.com', port=443) at 0x21e613a0>, 'Connection to duckduckgo.com timed out. (connect timeout=8)'))",2026-05-27
4211702,Orleans,SC,Santa Catarina,24686,False,https://www.orleans.sc.gov.br/,SC acima de 15.000 habitantes,SIDRA 6579/v/9324/p/2025,2026-05-20,Necessita validação manual,Site inferido automaticamente; validar antes da entrega.,2026-05-27
4211751,Otacílio Costa,SC,Santa Catarina,17873,False,,SC acima de 15.000 habitantes,SIDRA 6579/v/9324/p/2025,2026-05-20,Site não localizado,"Site não informado na base. Candidatos básicos: https://www.otaciliocosta.sc.gov.br/, https://otaciliocosta.sc.gov.br/, http://www.otaciliocosta.sc.gov.br/, http://otaciliocosta.sc.gov.br/, https://www.prefeitura.otaciliocosta.sc.gov.br/, https://prefeitura.otaciliocosta.sc.gov.br/, http://www.prefeitura.otaciliocosta.sc.gov.br/, http://prefeitura.otaciliocosta.sc.gov.br/. Busca web oficial falhou: HTTPSConnectionPool(host='duckduckgo.com', port=443): Max retries exceeded with url: /html/?q=prefeitura+Otac%C3%ADlio+Costa+SC+site+oficial (Caused by ConnectTimeoutError(<HTTPSConnection(host='duckduckgo.com', port=443) at 0x2029b9b0>, 'Connection to duckduckgo.com timed out. (connect timeout=8)'))",2026-05-27
4211900,Palhoça,SC,Santa Catarina,253469,False,https://www.palhoca.sc.gov.br/,SC acima de 15.000 habitantes,SIDRA 6579/v/9324/p/2025,2026-05-20,Necessita validação manual,Site inferido automaticamente; validar antes da entrega.,2026-05-27
4212106,Palmitos,SC,Santa Catarina,15781,False,,SC acima de 15.000 habitantes,SIDRA 6579/v/9324/p/2025,2026-05-20,Site não localizado,"Site não informado na base. Candidatos básicos: https://www.palmitos.sc.gov.br/, https://palmitos.sc.gov.br/, http://www.palmitos.sc.gov.br/, http://palmitos.sc.gov.br/, https://www.prefeitura.palmitos.sc.gov.br/, https://prefeitura.palmitos.sc.gov.br/, http://www.prefeitura.palmitos.sc.gov.br/, http://prefeitura.palmitos.sc.gov.br/. Busca web oficial falhou: HTTPSConnectionPool(host='duckduckgo.com', port=443): Max retries exceeded with url: /html/?q=prefeitura+Palmitos+SC+site+oficial (Caused by ConnectTimeoutError(<HTTPSConnection(host='duckduckgo.com', port=443) at 0x126ed50>, 'Connection to duckduckgo.com timed out. (connect timeout=8)'))",2026-05-27
4212205,Papanduva,SC,Santa Catarina,19769,False,,SC acima de 15.000 habitantes,SIDRA 6579/v/9324/p/2025,2026-05-20,Site não localizado,"Site não informado na base. Candidatos básicos: https://www.papanduva.sc.gov.br/, https://papanduva.sc.gov.br/, http://www.papanduva.sc.gov.br/, http://papanduva.sc.gov.br/, https://www.prefeitura.papanduva.sc.gov.br/, https://prefeitura.papanduva.sc.gov.br/, http://www.prefeitura.papanduva.sc.gov.br/, http://prefeitura.papanduva.sc.gov.br/. Busca web oficial falhou: HTTPSConnectionPool(host='duckduckgo.com', port=443): Max retries exceeded with url: /html/?q=prefeitura+Papanduva+SC+site+oficial (Caused by ConnectTimeoutError(<HTTPSConnection(host='duckduckgo.com', port=443) at 0x21c31490>, 'Connection to duckduckgo.com timed out. (connect timeout=8)'))",2026-05-27
4212502,Penha,SC,Santa Catarina,36995,False,https://www.penha.sc.gov.br/,SC acima de 15.000 habitantes,SIDRA 6579/v/9324/p/2025,2026-05-20,Necessita validação manual,Site inferido automaticamente; validar antes da entrega.,2026-05-27
4212908,Pinhalzinho,SC,Santa Catarina,23897,False,https://www.pinhalzinho.sc.gov.br/,SC acima de 15.000 habitantes,SIDRA 6579/v/9324/p/2025,2026-05-20,Necessita validação manual,Site inferido automaticamente; validar antes da entrega.,2026-05-27
4213203,Pomerode,SC,Santa Catarina,37003,False,https://www.pomerode.sc.gov.br/,SC acima de 15.000 habitantes,SIDRA 6579/v/9324/p/2025,2026-05-20,Necessita validação manual,Site inferido automaticamente; validar antes da entrega.,2026-05-27
4213500,Porto Belo,SC,Santa Catarina,31557,False,,SC acima de 15.000 habitantes,SIDRA 6579/v/9324/p/2025,2026-05-20,Site não localizado,"Site não informado na base. Candidatos básicos: https://www.portobelo.sc.gov.br/, https://portobelo.sc.gov.br/, http://www.portobelo.sc.gov.br/, http://portobelo.sc.gov.br/, https://www.prefeitura.portobelo.sc.gov.br/, https://prefeitura.portobelo.sc.gov.br/, http://www.prefeitura.portobelo.sc.gov.br/, http://prefeitura.portobelo.sc.gov.br/. Busca web oficial falhou: HTTPSConnectionPool(host='duckduckgo.com', port=443): Max retries exceeded with url: /html/?q=prefeitura+Porto+Belo+SC+site+oficial (Caused by ConnectTimeoutError(<HTTPSConnection(host='duckduckgo.com', port=443) at 0x21c32120>, 'Connection to duckduckgo.com timed out. (connect timeout=8)'))",2026-05-27
4213609,Porto União,SC,Santa Catarina,33694,False,,SC acima de 15.000 habitantes,SIDRA 6579/v/9324/p/2025,2026-05-20,Site não localizado,"Site não informado na base. Candidatos básicos: https://www.portouniao.sc.gov.br/, https://portouniao.sc.gov.br/, http://www.portouniao.sc.gov.br/, http://portouniao.sc.gov.br/, https://www.prefeitura.portouniao.sc.gov.br/, https://prefeitura.portouniao.sc.gov.br/, http://www.prefeitura.portouniao.sc.gov.br/, http://prefeitura.portouniao.sc.gov.br/. Busca web oficial falhou: HTTPSConnectionPool(host='duckduckgo.com', port=443): Max retries exceeded with url: /html/?q=prefeitura+Porto+Uni%C3%A3o+SC+site+oficial (Caused by ConnectTimeoutError(<HTTPSConnection(host='duckduckgo.com', port=443) at 0x21c336b0>, 'Connection to duckduckgo.com timed out. (connect timeout=8)'))",2026-05-27
4213708,Pouso Redondo,SC,Santa Catarina,18051,False,,SC acima de 15.000 habitantes,SIDRA 6579/v/9324/p/2025,2026-05-20,Site não localizado,"Site não informado na base. Candidatos básicos: https://www.pousoredondo.sc.gov.br/, https://pousoredondo.sc.gov.br/, http://www.pousoredondo.sc.gov.br/, http://pousoredondo.sc.gov.br/, https://www.prefeitura.pousoredondo.sc.gov.br/, https://prefeitura.pousoredondo.sc.gov.br/, http://www.prefeitura.pousoredondo.sc.gov.br/, http://prefeitura.pousoredondo.sc.gov.br/. Busca web oficial falhou: HTTPSConnectionPool(host='duckduckgo.com', port=443): Max retries exceeded with url: /html/?q=prefeitura+Pouso+Redondo+SC+site+oficial (Caused by ConnectTimeoutError(<HTTPSConnection(host='duckduckgo.com', port=443) at 0x21c30830>, 'Connection to duckduckgo.com timed out. (connect timeout=8)'))",2026-05-27
4214003,Presidente Getúlio,SC,Santa Catarina,21764,False,https://www.presidentegetulio.sc.gov.br/,SC acima de 15.000 habitantes,SIDRA 6579/v/9324/p/2025,2026-05-20,Necessita validação manual,Site inferido automaticamente; validar antes da entrega.,2026-05-27
4215000,Rio Negrinho,SC,Santa Catarina,40132,False,https://www.rionegrinho.sc.gov.br/,SC acima de 15.000 habitantes,SIDRA 6579/v/9324/p/2025,2026-05-20,Necessita validação manual,Site inferido automaticamente; validar antes da entrega.,2026-05-27
4214805,Rio do Sul,SC,Santa Catarina,77451,False,https://www.riodosul.sc.gov.br/,SC acima de 15.000 habitantes,SIDRA 6579/v/9324/p/2025,2026-05-20,Necessita validação manual,Site inferido automaticamente; validar antes da entrega.,2026-05-27
4215505,Santa Cecília,SC,Santa Catarina,15749,False,,SC acima de 15.000 habitantes,SIDRA 6579/v/9324/p/2025,2026-05-20,Site não localizado,"Site não informado na base. Candidatos básicos: https://www.santacecilia.sc.gov.br/, https://santacecilia.sc.gov.br/, http://www.santacecilia.sc.gov.br/, http://santacecilia.sc.gov.br/, https://www.prefeitura.santacecilia.sc.gov.br/, https://prefeitura.santacecilia.sc.gov.br/, http://www.prefeitura.santacecilia.sc.gov.br/, http://prefeitura.santacecilia.sc.gov.br/. Busca web oficial falhou: HTTPSConnectionPool(host='duckduckgo.com', port=443): Max retries exceeded with url: /html/?q=prefeitura+Santa+Cec%C3%ADlia+SC+site+oficial (Caused by ConnectTimeoutError(<HTTPSConnection(host='duckduckgo.com', port=443) at 0x2029b0e0>, 'Connection to duckduckgo.com timed out. (connect timeout=8)'))",2026-05-27
4215703,Santo Amaro da Imperatriz,SC,Santa Catarina,30099,False,https://www.santoamaro.sc.gov.br/,SC acima de 15.000 habitantes,SIDRA 6579/v/9324/p/2025,2026-05-20,Necessita validação manual,Site inferido automaticamente; validar antes da entrega.,2026-05-27
4217402,Schroeder,SC,Santa Catarina,21710,False,https://prefeitura.schroeder.sc.gov.br/,SC acima de 15.000 habitantes,SIDRA 6579/v/9324/p/2025,2026-05-20,Necessita validação manual,Site inferido automaticamente; validar antes da entrega.,2026-05-27
4217501,Seara,SC,Santa Catarina,19399,False,https://www.seara.sc.gov.br/,SC acima de 15.000 habitantes,SIDRA 6579/v/9324/p/2025,2026-05-20,Necessita validação manual,Site inferido automaticamente; validar antes da entrega.,2026-05-27
4217709,Sombrio,SC,Santa Catarina,31722,False,https://www.sombrio.sc.gov.br/,SC acima de 15.000 habitantes,SIDRA 6579/v/9324/p/2025,2026-05-20,Necessita validação manual,Site inferido automaticamente; validar antes da entrega.,2026-05-27
4215802,São Bento do Sul,SC,Santa Catarina,87661,False,https://www.saobentodosul.sc.gov.br/,SC acima de 15.000 habitantes,SIDRA 6579/v/9324/p/2025,2026-05-20,Necessita validação manual,Site inferido automaticamente; validar antes da entrega.,2026-05-27
4216206,São Francisco do Sul,SC,Santa Catarina,56726,False,https://www.saofranciscodosul.sc.gov.br/,SC acima de 15.000 habitantes,SIDRA 6579/v/9324/p/2025,2026-05-20,Necessita validação manual,Site inferido automaticamente; validar antes da entrega.,2026-05-27
4216503,São Joaquim,SC,Santa Catarina,26982,False,,SC acima de 15.000 habitantes,SIDRA 6579/v/9324/p/2025,2026-05-20,Site não localizado,"Site não informado na base. Candidatos básicos: https://www.saojoaquim.sc.gov.br/, https://saojoaquim.sc.gov.br/, http://www.saojoaquim.sc.gov.br/, http://saojoaquim.sc.gov.br/, https://www.prefeitura.saojoaquim.sc.gov.br/, https://prefeitura.saojoaquim.sc.gov.br/, http://www.prefeitura.saojoaquim.sc.gov.br/, http://prefeitura.saojoaquim.sc.gov.br/. Busca web oficial falhou: HTTPSConnectionPool(host='duckduckgo.com', port=443): Max retries exceeded with url: /html/?q=prefeitura+S%C3%A3o+Joaquim+SC+site+oficial (Caused by ConnectTimeoutError(<HTTPSConnection(host='duckduckgo.com', port=443) at 0x2029b8f0>, 'Connection to duckduckgo.com timed out. (connect timeout=8)'))",2026-05-27
4216602,São José,SC,Santa Catarina,295658,False,https://www.saojose.sc.gov.br/,SC acima de 15.000 habitantes,SIDRA 6579/v/9324/p/2025,2026-05-20,Necessita validação manual,Site inferido automaticamente; validar antes da entrega.,2026-05-27
4216305,São João Batista,SC,Santa Catarina,35336,False,,SC acima de 15.000 habitantes,SIDRA 6579/v/9324/p/2025,2026-05-20,Site não localizado,"Site não informado na base. Candidatos básicos: https://www.saojoaobatista.sc.gov.br/, https://saojoaobatista.sc.gov.br/, http://www.saojoaobatista.sc.gov.br/, http://saojoaobatista.sc.gov.br/, https://www.prefeitura.saojoaobatista.sc.gov.br/, https://prefeitura.saojoaobatista.sc.gov.br/, http://www.prefeitura.saojoaobatista.sc.gov.br/, http://prefeitura.saojoaobatista.sc.gov.br/, https://www.saojoao.sc.gov.br/, https://saojoao.sc.gov.br/, http://www.saojoao.sc.gov.br/, http://saojoao.sc.gov.br/, https://www.prefeitura.saojoao.sc.gov.br/, https://prefeitura.saojoao.sc.gov.br/, http://www.prefeitura.saojoao.sc.gov.br/, http://prefeitura.saojoao.sc.gov.br/. Busca web oficial falhou: HTTPSConnectionPool(host='duckduckgo.com', port=443): Max retries exceeded with url: /html/?q=prefeitura+S%C3%A3o+Jo%C3%A3o+Batista+SC+site+oficial (Caused by ConnectTimeoutError(<HTTPSConnection(host='duckduckgo.com', port=443) at 0x21c30dd0>, 'Connection to duckduckgo.com timed out. (connect timeout=8)'))",2026-05-27
4216909,São Lourenço do Oeste,SC,Santa Catarina,26056,False,https://www.saolourenco.sc.gov.br/,SC acima de 15.000 habitantes,SIDRA 6579/v/9324/p/2025,2026-05-20,Necessita validação manual,Site inferido automaticamente; validar antes da entrega.,2026-05-27
4217204,São Miguel do Oeste,SC,Santa Catarina,47724,False,https://www.saomiguel.sc.gov.br/,SC acima de 15.000 habitantes,SIDRA 6579/v/9324/p/2025,2026-05-20,Necessita validação manual,Site inferido automaticamente; validar antes da entrega.,2026-05-27
4217808,Taió,SC,Santa Catarina,18909,False,,SC acima de 15.000 habitantes,SIDRA 6579/v/9324/p/2025,2026-05-20,Site não localizado,"Site não informado na base. Candidatos básicos: https://www.taio.sc.gov.br/, https://taio.sc.gov.br/, http://www.taio.sc.gov.br/, http://taio.sc.gov.br/, https://www.prefeitura.taio.sc.gov.br/, https://prefeitura.taio.sc.gov.br/, http://www.prefeitura.taio.sc.gov.br/, http://prefeitura.taio.sc.gov.br/. Busca web oficial falhou: HTTPSConnectionPool(host='duckduckgo.com', port=443): Max retries exceeded with url: /html/?q=prefeitura+Tai%C3%B3+SC+site+oficial (Caused by ConnectTimeoutError(<HTTPSConnection(host='duckduckgo.com', port=443) at 0x21e62fc0>, 'Connection to duckduckgo.com timed out. (connect timeout=8)'))",2026-05-27
4218004,Tijucas,SC,Santa Catarina,58695,False,https://www.tijucas.sc.gov.br/,SC acima de 15.000 habitantes,SIDRA 6579/v/9324/p/2025,2026-05-20,Necessita validação manual,Site inferido automaticamente; validar antes da entrega.,2026-05-27
4218202,Timbó,SC,Santa Catarina,49768,False,https://www.timbo.sc.gov.br/,SC acima de 15.000 habitantes,SIDRA 6579/v/9324/p/2025,2026-05-20,Necessita validação manual,Site inferido automaticamente; validar antes da entrega.,2026-05-27
4218301,Três Barras,SC,Santa Catarina,20525,False,https://www.tresbarras.sc.gov.br/,SC acima de 15.000 habitantes,SIDRA 6579/v/9324/p/2025,2026-05-20,Necessita validação manual,Site inferido automaticamente; validar antes da entrega.,2026-05-27
4218707,Tubarão,SC,Santa Catarina,116725,False,,SC acima de 15.000 habitantes,SIDRA 6579/v/9324/p/2025,2026-05-20,Site não localizado,"Site não informado na base. Candidatos básicos: https://www.tubarao.sc.gov.br/, https://tubarao.sc.gov.br/, http://www.tubarao.sc.gov.br/, http://tubarao.sc.gov.br/, https://www.prefeitura.tubarao.sc.gov.br/, https://prefeitura.tubarao.sc.gov.br/, http://www.prefeitura.tubarao.sc.gov.br/, http://prefeitura.tubarao.sc.gov.br/. Busca web oficial falhou: HTTPSConnectionPool(host='duckduckgo.com', port=443): Max retries exceeded with url: /html/?q=prefeitura+Tubar%C3%A3o+SC+site+oficial (Caused by ConnectTimeoutError(<HTTPSConnection(host='duckduckgo.com', port=443) at 0x21c33020>, 'Connection to duckduckgo.com timed out. (connect timeout=8)'))",2026-05-27
4219002,Urussanga,SC,Santa Catarina,21464,False,,SC acima de 15.000 habitantes,SIDRA 6579/v/9324/p/2025,2026-05-20,Site não localizado,"Site não informado na base. Candidatos básicos: https://www.urussanga.sc.gov.br/, https://urussanga.sc.gov.br/, http://www.urussanga.sc.gov.br/, http://urussanga.sc.gov.br/, https://www.prefeitura.urussanga.sc.gov.br/, https://prefeitura.urussanga.sc.gov.br/, http://www.prefeitura.urussanga.sc.gov.br/, http://prefeitura.urussanga.sc.gov.br/. Busca web oficial falhou: HTTPSConnectionPool(host='duckduckgo.com', port=443): Max retries exceeded with url: /html/?q=prefeitura+Urussanga+SC+site+oficial (Caused by ConnectTimeoutError(<HTTPSConnection(host='duckduckgo.com', port=443) at 0x1f8fc980>, 'Connection to duckduckgo.com timed out. (connect timeout=8)'))",2026-05-27
4219309,Videira,SC,Santa Catarina,59074,False,https://www.videira.sc.gov.br/,SC acima de 15.000 habitantes,SIDRA 6579/v/9324/p/2025,2026-05-20,Necessita validação manual,Site inferido automaticamente; validar antes da entrega.,2026-05-27
4219507,Xanxerê,SC,Santa Catarina,54891,False,,SC acima de 15.000 habitantes,SIDRA 6579/v/9324/p/2025,2026-05-20,Site não localizado,"Site não informado na base. Candidatos básicos: https://www.xanxere.sc.gov.br/, https://xanxere.sc.gov.br/, http://www.xanxere.sc.gov.br/, http://xanxere.sc.gov.br/, https://www.prefeitura.xanxere.sc.gov.br/, https://prefeitura.xanxere.sc.gov.br/, http://www.prefeitura.xanxere.sc.gov.br/, http://prefeitura.xanxere.sc.gov.br/. Busca web oficial falhou: HTTPSConnectionPool(host='duckduckgo.com', port=443): Max retries exceeded with url: /html/?q=prefeitura+Xanxer%C3%AA+SC+site+oficial (Caused by ConnectTimeoutError(<HTTPSConnection(host='duckduckgo.com', port=443) at 0x21e90380>, 'Connection to duckduckgo.com timed out. (connect timeout=8)'))",2026-05-27
4219705,Xaxim,SC,Santa Catarina,34485,False,,SC acima de 15.000 habitantes,SIDRA 6579/v/9324/p/2025,2026-05-20,Site não localizado,"Site não informado na base. Candidatos básicos: https://www.xaxim.sc.gov.br/, https://xaxim.sc.gov.br/, http://www.xaxim.sc.gov.br/, http://xaxim.sc.gov.br/, https://www.prefeitura.xaxim.sc.gov.br/, https://prefeitura.xaxim.sc.gov.br/, http://www.prefeitura.xaxim.sc.gov.br/, http://prefeitura.xaxim.sc.gov.br/. Busca web oficial falhou: HTTPSConnectionPool(host='duckduckgo.com', port=443): Max retries exceeded with url: /html/?q=prefeitura+Xaxim+SC+site+oficial (Caused by ConnectTimeoutError(<HTTPSConnection(host='duckduckgo.com', port=443) at 0x21e60f50>, 'Connection to duckduckgo.com timed out. (connect timeout=8)'))",2026-05-27
2800209,Aquidabã,SE,Sergipe,20556,False,https://www.aquidaba.se.gov.br/,SE acima de 15.000 habitantes,SIDRA 6579/v/9324/p/2025,2026-05-20,Necessita validação manual,Site inferido automaticamente; validar antes da entrega.,2026-05-27
2800308,Aracaju,SE,Sergipe,630932,True,https://www.aracaju.se.gov.br/,SE acima de 15.000 habitantes,SIDRA 6579/v/9324/p/2025,2026-05-20,Necessita validação manual,Site inferido automaticamente; validar antes da entrega.,2026-05-27
2800506,Areia Branca,SE,Sergipe,18626,False,https://www.areiabranca.se.gov.br/,SE acima de 15.000 habitantes,SIDRA 6579/v/9324/p/2025,2026-05-20,Necessita validação manual,Site inferido automaticamente; validar antes da entrega.,2026-05-27
2800605,Barra dos Coqueiros,SE,Sergipe,45175,False,https://www.barradoscoqueiros.se.gov.br/,SE acima de 15.000 habitantes,SIDRA 6579/v/9324/p/2025,2026-05-20,Necessita validação manual,Site inferido automaticamente; validar antes da entrega.,2026-05-27
2800670,Boquim,SE,Sergipe,25007,False,https://www.boquim.se.gov.br/,SE acima de 15.000 habitantes,SIDRA 6579/v/9324/p/2025,2026-05-20,Necessita validação manual,Site inferido automaticamente; validar antes da entrega.,2026-05-27
2801009,Campo do Brito,SE,Sergipe,18719,False,https://www.campodobrito.se.gov.br/,SE acima de 15.000 habitantes,SIDRA 6579/v/9324/p/2025,2026-05-20,Necessita validação manual,Site inferido automaticamente; validar antes da entrega.,2026-05-27
2801207,Canindé de São Francisco,SE,Sergipe,33641,False,,SE acima de 15.000 habitantes,SIDRA 6579/v/9324/p/2025,2026-05-20,Site não localizado,"Site não informado na base. Candidatos básicos: https://www.canindedesaofrancisco.se.gov.br/, https://canindedesaofrancisco.se.gov.br/, http://www.canindedesaofrancisco.se.gov.br/, http://canindedesaofrancisco.se.gov.br/, https://www.prefeitura.canindedesaofrancisco.se.gov.br/, https://prefeitura.canindedesaofrancisco.se.gov.br/, http://www.prefeitura.canindedesaofrancisco.se.gov.br/, http://prefeitura.canindedesaofrancisco.se.gov.br/, https://www.canindesaofrancisco.se.gov.br/, https://canindesaofrancisco.se.gov.br/, http://www.canindesaofrancisco.se.gov.br/, http://canindesaofrancisco.se.gov.br/, https://www.prefeitura.canindesaofrancisco.se.gov.br/, https://prefeitura.canindesaofrancisco.se.gov.br/, http://www.prefeitura.canindesaofrancisco.se.gov.br/, http://prefeitura.canindesaofrancisco.se.gov.br/, https://www.canindesao.se.gov.br/, https://canindesao.se.gov.br/, http://www.canindesao.se.gov.br/, http://canindesao.se.gov.br/, https://www.prefeitura.canindesao.se.gov.br/, https://prefeitura.canindesao.se.gov.br/, http://www.prefeitura.canindesao.se.gov.br/, http://prefeitura.canindesao.se.gov.br/, https://www.canindede.se.gov.br/, https://canindede.se.gov.br/, http://www.canindede.se.gov.br/, http://canindede.se.gov.br/, https://www.prefeitura.canindede.se.gov.br/, https://prefeitura.canindede.se.gov.br/, http://www.prefeitura.canindede.se.gov.br/, http://prefeitura.canindede.se.gov.br/. Busca web oficial falhou: HTTPSConnectionPool(host='duckduckgo.com', port=443): Max retries exceeded with url: /html/?q=prefeitura+Canind%C3%A9+de+S%C3%A3o+Francisco+SE+site+oficial (Caused by ConnectTimeoutError(<HTTPSConnection(host='duckduckgo.com', port=443) at 0x21c33c50>, 'Connection to duckduckgo.com timed out. (connect timeout=8)'))",2026-05-27
2801306,Capela,SE,Sergipe,32783,False,https://www.capela.se.gov.br/,SE acima de 15.000 habitantes,SIDRA 6579/v/9324/p/2025,2026-05-20,Necessita validação manual,Site inferido automaticamente; validar antes da entrega.,2026-05-27
2801405,Carira,SE,Sergipe,20314,False,https://www.carira.se.gov.br/,SE acima de 15.000 habitantes,SIDRA 6579/v/9324/p/2025,2026-05-20,Necessita validação manual,Site inferido automaticamente; validar antes da entrega.,2026-05-27
2801702,Cristinápolis,SE,Sergipe,17594,False,https://www.cristinapolis.se.gov.br/,SE acima de 15.000 habitantes,SIDRA 6579/v/9324/p/2025,2026-05-20,Necessita validação manual,Site inferido automaticamente; validar antes da entrega.,2026-05-27
2802106,Estância,SE,Sergipe,67060,False,https://www.estancia.se.gov.br/,SE acima de 15.000 habitantes,SIDRA 6579/v/9324/p/2025,2026-05-20,Necessita validação manual,Site inferido automaticamente; validar antes da entrega.,2026-05-27
2802809,Indiaroba,SE,Sergipe,16991,False,https://www.indiaroba.se.gov.br/,SE acima de 15.000 habitantes,SIDRA 6579/v/9324/p/2025,2026-05-20,Necessita validação manual,Site inferido automaticamente; validar antes da entrega.,2026-05-27
2802908,Itabaiana,SE,Sergipe,109250,False,https://www.itabaiana.se.gov.br/,SE acima de 15.000 habitantes,SIDRA 6579/v/9324/p/2025,2026-05-20,Necessita validação manual,Site inferido automaticamente; validar antes da entrega.,2026-05-27
2803005,Itabaianinha,SE,Sergipe,42230,False,https://www.itabaianinha.se.gov.br/,SE acima de 15.000 habitantes,SIDRA 6579/v/9324/p/2025,2026-05-20,Necessita validação manual,Site inferido automaticamente; validar antes da entrega.,2026-05-27
2803203,Itaporanga d'Ajuda,SE,Sergipe,36074,False,,SE acima de 15.000 habitantes,SIDRA 6579/v/9324/p/2025,2026-05-20,Site não localizado,"Site não informado na base. Candidatos básicos: https://www.itaporangadajuda.se.gov.br/, https://itaporangadajuda.se.gov.br/, http://www.itaporangadajuda.se.gov.br/, http://itaporangadajuda.se.gov.br/, https://www.prefeitura.itaporangadajuda.se.gov.br/, https://prefeitura.itaporangadajuda.se.gov.br/, http://www.prefeitura.itaporangadajuda.se.gov.br/, http://prefeitura.itaporangadajuda.se.gov.br/, https://www.itaporangaajuda.se.gov.br/, https://itaporangaajuda.se.gov.br/, http://www.itaporangaajuda.se.gov.br/, http://itaporangaajuda.se.gov.br/, https://www.prefeitura.itaporangaajuda.se.gov.br/, https://prefeitura.itaporangaajuda.se.gov.br/, http://www.prefeitura.itaporangaajuda.se.gov.br/, http://prefeitura.itaporangaajuda.se.gov.br/, https://www.itaporangad.se.gov.br/, https://itaporangad.se.gov.br/, http://www.itaporangad.se.gov.br/, http://itaporangad.se.gov.br/, https://www.prefeitura.itaporangad.se.gov.br/, https://prefeitura.itaporangad.se.gov.br/, http://www.prefeitura.itaporangad.se.gov.br/, http://prefeitura.itaporangad.se.gov.br/. Busca web oficial falhou: HTTPSConnectionPool(host='duckduckgo.com', port=443): Max retries exceeded with url: /html/?q=prefeitura+Itaporanga+d%27Ajuda+SE+site+oficial (Caused by ConnectTimeoutError(<HTTPSConnection(host='duckduckgo.com', port=443) at 0x1cd8a0c0>, 'Connection to duckduckgo.com timed out. (connect timeout=8)'))",2026-05-27
2803302,Japaratuba,SE,Sergipe,16451,False,https://www.japaratuba.se.gov.br/,SE acima de 15.000 habitantes,SIDRA 6579/v/9324/p/2025,2026-05-20,Necessita validação manual,Site inferido automaticamente; validar antes da entrega.,2026-05-27
2803500,Lagarto,SE,Sergipe,105957,False,https://www.lagarto.se.gov.br/,SE acima de 15.000 habitantes,SIDRA 6579/v/9324/p/2025,2026-05-20,Necessita validação manual,Site inferido automaticamente; validar antes da entrega.,2026-05-27
2803609,Laranjeiras,SE,Sergipe,24047,False,https://www.laranjeiras.se.gov.br/,SE acima de 15.000 habitantes,SIDRA 6579/v/9324/p/2025,2026-05-20,Necessita validação manual,Site inferido automaticamente; validar antes da entrega.,2026-05-27
2804003,Maruim,SE,Sergipe,15956,False,https://www.maruim.se.gov.br/,SE acima de 15.000 habitantes,SIDRA 6579/v/9324/p/2025,2026-05-20,Necessita validação manual,Site inferido automaticamente; validar antes da entrega.,2026-05-27
2804409,Neópolis,SE,Sergipe,16473,False,https://www.neopolis.se.gov.br/,SE acima de 15.000 habitantes,SIDRA 6579/v/9324/p/2025,2026-05-20,Necessita validação manual,Site inferido automaticamente; validar antes da entrega.,2026-05-27
2804508,Nossa Senhora da Glória,SE,Sergipe,43686,False,,SE acima de 15.000 habitantes,SIDRA 6579/v/9324/p/2025,2026-05-20,Site não localizado,"Site não informado na base. Candidatos básicos: https://www.nossasenhoradagloria.se.gov.br/, https://nossasenhoradagloria.se.gov.br/, http://www.nossasenhoradagloria.se.gov.br/, http://nossasenhoradagloria.se.gov.br/, https://www.prefeitura.nossasenhoradagloria.se.gov.br/, https://prefeitura.nossasenhoradagloria.se.gov.br/, http://www.prefeitura.nossasenhoradagloria.se.gov.br/, http://prefeitura.nossasenhoradagloria.se.gov.br/, https://www.nossasenhoragloria.se.gov.br/, https://nossasenhoragloria.se.gov.br/, http://www.nossasenhoragloria.se.gov.br/, http://nossasenhoragloria.se.gov.br/, https://www.prefeitura.nossasenhoragloria.se.gov.br/, https://prefeitura.nossasenhoragloria.se.gov.br/, http://www.prefeitura.nossasenhoragloria.se.gov.br/, http://prefeitura.nossasenhoragloria.se.gov.br/, https://www.nossasenhora.se.gov.br/, https://nossasenhora.se.gov.br/, http://www.nossasenhora.se.gov.br/, http://nossasenhora.se.gov.br/, https://www.prefeitura.nossasenhora.se.gov.br/, https://prefeitura.nossasenhora.se.gov.br/, http://www.prefeitura.nossasenhora.se.gov.br/, http://prefeitura.nossasenhora.se.gov.br/. Busca web oficial falhou: HTTPSConnectionPool(host='duckduckgo.com', port=443): Max retries exceeded with url: /html/?q=prefeitura+Nossa+Senhora+da+Gl%C3%B3ria+SE+site+oficial (Caused by ConnectTimeoutError(<HTTPSConnection(host='duckduckgo.com', port=443) at 0x1fbeede0>, 'Connection to duckduckgo.com timed out. (connect timeout=8)'))",2026-05-27
2804607,Nossa Senhora das Dores,SE,Sergipe,25569,False,https://www.nossasenhoradasdores.se.gov.br/,SE acima de 15.000 habitantes,SIDRA 6579/v/9324/p/2025,2026-05-20,Necessita validação manual,Site inferido automaticamente; validar antes da entrega.,2026-05-27
2804805,Nossa Senhora do Socorro,SE,Sergipe,204081,False,,SE acima de 15.000 habitantes,SIDRA 6579/v/9324/p/2025,2026-05-20,Site não localizado,"Site não informado na base. Candidatos básicos: https://www.nossasenhoradosocorro.se.gov.br/, https://nossasenhoradosocorro.se.gov.br/, http://www.nossasenhoradosocorro.se.gov.br/, http://nossasenhoradosocorro.se.gov.br/, https://www.prefeitura.nossasenhoradosocorro.se.gov.br/, https://prefeitura.nossasenhoradosocorro.se.gov.br/, http://www.prefeitura.nossasenhoradosocorro.se.gov.br/, http://prefeitura.nossasenhoradosocorro.se.gov.br/, https://www.nossasenhorasocorro.se.gov.br/, https://nossasenhorasocorro.se.gov.br/, http://www.nossasenhorasocorro.se.gov.br/, http://nossasenhorasocorro.se.gov.br/, https://www.prefeitura.nossasenhorasocorro.se.gov.br/, https://prefeitura.nossasenhorasocorro.se.gov.br/, http://www.prefeitura.nossasenhorasocorro.se.gov.br/, http://prefeitura.nossasenhorasocorro.se.gov.br/, https://www.nossasenhora.se.gov.br/, https://nossasenhora.se.gov.br/, http://www.nossasenhora.se.gov.br/, http://nossasenhora.se.gov.br/, https://www.prefeitura.nossasenhora.se.gov.br/, https://prefeitura.nossasenhora.se.gov.br/, http://www.prefeitura.nossasenhora.se.gov.br/, http://prefeitura.nossasenhora.se.gov.br/. Busca web oficial falhou: HTTPSConnectionPool(host='duckduckgo.com', port=443): Max retries exceeded with url: /html/?q=prefeitura+Nossa+Senhora+do+Socorro+SE+site+oficial (Caused by ConnectTimeoutError(<HTTPSConnection(host='duckduckgo.com', port=443) at 0x21e900b0>, 'Connection to duckduckgo.com timed out. (connect timeout=8)'))",2026-05-27
2805604,Porto da Folha,SE,Sergipe,27348,False,https://www.portodafolha.se.gov.br/,SE acima de 15.000 habitantes,SIDRA 6579/v/9324/p/2025,2026-05-20,Necessita validação manual,Site inferido automaticamente; validar antes da entrega.,2026-05-27
2805406,Poço Redondo,SE,Sergipe,29238,False,https://www.pocoredondo.se.gov.br/,SE acima de 15.000 habitantes,SIDRA 6579/v/9324/p/2025,2026-05-20,Necessita validação manual,Site inferido automaticamente; validar antes da entrega.,2026-05-27
2805505,Poço Verde,SE,Sergipe,22217,False,https://www.pocoverde.se.gov.br/,SE acima de 15.000 habitantes,SIDRA 6579/v/9324/p/2025,2026-05-20,Necessita validação manual,Site inferido automaticamente; validar antes da entrega.,2026-05-27
2805703,Propriá,SE,Sergipe,27213,False,https://www.propria.se.gov.br/,SE acima de 15.000 habitantes,SIDRA 6579/v/9324/p/2025,2026-05-20,Necessita validação manual,Site inferido automaticamente; validar antes da entrega.,2026-05-27
2805802,Riachão do Dantas,SE,Sergipe,18541,False,https://www.riachaododantas.se.gov.br/,SE acima de 15.000 habitantes,SIDRA 6579/v/9324/p/2025,2026-05-20,Necessita validação manual,Site inferido automaticamente; validar antes da entrega.,2026-05-27
2806008,Ribeirópolis,SE,Sergipe,17365,False,https://www.ribeiropolis.se.gov.br/,SE acima de 15.000 habitantes,SIDRA 6579/v/9324/p/2025,2026-05-20,Necessita validação manual,Site inferido automaticamente; validar antes da entrega.,2026-05-27
2806206,Salgado,SE,Sergipe,20825,False,https://www.salgado.se.gov.br/,SE acima de 15.000 habitantes,SIDRA 6579/v/9324/p/2025,2026-05-20,Necessita validação manual,Site inferido automaticamente; validar antes da entrega.,2026-05-27
2807105,Simão Dias,SE,Sergipe,44503,False,https://www.simaodias.se.gov.br/,SE acima de 15.000 habitantes,SIDRA 6579/v/9324/p/2025,2026-05-20,Necessita validação manual,Site inferido automaticamente; validar antes da entrega.,2026-05-27
2806701,São Cristóvão,SE,Sergipe,101213,False,https://www.saocristovao.se.gov.br/,SE acima de 15.000 habitantes,SIDRA 6579/v/9324/p/2025,2026-05-20,Necessita validação manual,Site inferido automaticamente; validar antes da entrega.,2026-05-27
2807402,Tobias Barreto,SE,Sergipe,52783,False,https://www.tobiasbarreto.se.gov.br/,SE acima de 15.000 habitantes,SIDRA 6579/v/9324/p/2025,2026-05-20,Necessita validação manual,Site inferido automaticamente; validar antes da entrega.,2026-05-27
2807600,Umbaúba,SE,Sergipe,24618,False,https://www.umbauba.se.gov.br/,SE acima de 15.000 habitantes,SIDRA 6579/v/9324/p/2025,2026-05-20,Necessita validação manual,Site inferido automaticamente; validar antes da entrega.,2026-05-27
3500105,Adamantina,SP,São Paulo,35673,False,https://www.adamantina.sp.gov.br/,SP acima de 30.000 habitantes,SIDRA 6579/v/9324/p/2025,2026-05-20,Necessita validação manual,Site inferido automaticamente; validar antes da entrega.,2026-05-27
3500303,Aguaí,SP,São Paulo,32886,False,https://www.aguai.sp.gov.br/,SP acima de 30.000 habitantes,SIDRA 6579/v/9324/p/2025,2026-05-20,Necessita validação manual,Site inferido automaticamente; validar antes da entrega.,2026-05-27
3500709,Agudos,SP,São Paulo,38988,False,https://www.agudos.sp.gov.br/,SP acima de 30.000 habitantes,SIDRA 6579/v/9324/p/2025,2026-05-20,Necessita validação manual,Site inferido automaticamente; validar antes da entrega.,2026-05-27
3501608,Americana,SP,São Paulo,247571,False,https://www.americana.sp.gov.br/,SP acima de 30.000 habitantes,SIDRA 6579/v/9324/p/2025,2026-05-20,Necessita validação manual,Site inferido automaticamente; validar antes da entrega.,2026-05-27
3501905,Amparo,SP,São Paulo,69792,False,https://www.amparo.sp.gov.br/,SP acima de 30.000 habitantes,SIDRA 6579/v/9324/p/2025,2026-05-20,Necessita validação manual,Site inferido automaticamente; validar antes da entrega.,2026-05-27
3501707,Américo Brasiliense,SP,São Paulo,33708,False,https://www.americobrasiliense.sp.gov.br/,SP acima de 30.000 habitantes,SIDRA 6579/v/9324/p/2025,2026-05-20,Necessita validação manual,Site inferido automaticamente; validar antes da entrega.,2026-05-27
3502101,Andradina,SP,São Paulo,61625,False,https://www.andradina.sp.gov.br/,SP acima de 30.000 habitantes,SIDRA 6579/v/9324/p/2025,2026-05-20,Necessita validação manual,Site inferido automaticamente; validar antes da entrega.,2026-05-27
3502507,Aparecida,SP,São Paulo,33141,False,https://www.aparecida.sp.gov.br/,SP acima de 30.000 habitantes,SIDRA 6579/v/9324/p/2025,2026-05-20,Necessita validação manual,Site inferido automaticamente; validar antes da entrega.,2026-05-27
3503208,Araraquara,SP,São Paulo,253474,False,https://www.araraquara.sp.gov.br/,SP acima de 30.000 habitantes,SIDRA 6579/v/9324/p/2025,2026-05-20,Necessita validação manual,Site inferido automaticamente; validar antes da entrega.,2026-05-27
3503307,Araras,SP,São Paulo,135744,False,https://www.araras.sp.gov.br/,SP acima de 30.000 habitantes,SIDRA 6579/v/9324/p/2025,2026-05-20,Necessita validação manual,Site inferido automaticamente; validar antes da entrega.,2026-05-27
3502804,Araçatuba,SP,São Paulo,208415,False,https://www.aracatuba.sp.gov.br/,SP acima de 30.000 habitantes,SIDRA 6579/v/9324/p/2025,2026-05-20,Necessita validação manual,Site inferido automaticamente; validar antes da entrega.,2026-05-27
3502903,Araçoiaba da Serra,SP,São Paulo,33832,False,,SP acima de 30.000 habitantes,SIDRA 6579/v/9324/p/2025,2026-05-20,Site não localizado,"Site não informado na base. Candidatos básicos: https://www.aracoiabadaserra.sp.gov.br/, https://aracoiabadaserra.sp.gov.br/, http://www.aracoiabadaserra.sp.gov.br/, http://aracoiabadaserra.sp.gov.br/, https://www.prefeitura.aracoiabadaserra.sp.gov.br/, https://prefeitura.aracoiabadaserra.sp.gov.br/, http://www.prefeitura.aracoiabadaserra.sp.gov.br/, http://prefeitura.aracoiabadaserra.sp.gov.br/, https://www.aracoiabaserra.sp.gov.br/, https://aracoiabaserra.sp.gov.br/, http://www.aracoiabaserra.sp.gov.br/, http://aracoiabaserra.sp.gov.br/, https://www.prefeitura.aracoiabaserra.sp.gov.br/, https://prefeitura.aracoiabaserra.sp.gov.br/, http://www.prefeitura.aracoiabaserra.sp.gov.br/, http://prefeitura.aracoiabaserra.sp.gov.br/, https://www.aracoiabada.sp.gov.br/, https://aracoiabada.sp.gov.br/, http://www.aracoiabada.sp.gov.br/, http://aracoiabada.sp.gov.br/, https://www.prefeitura.aracoiabada.sp.gov.br/, https://prefeitura.aracoiabada.sp.gov.br/, http://www.prefeitura.aracoiabada.sp.gov.br/, http://prefeitura.aracoiabada.sp.gov.br/. Busca web oficial falhou: HTTPSConnectionPool(host='duckduckgo.com', port=443): Max retries exceeded with url: /html/?q=prefeitura+Ara%C3%A7oiaba+da+Serra+SP+site+oficial (Caused by ConnectTimeoutError(<HTTPSConnection(host='duckduckgo.com', port=443) at 0x1fa0f8f0>, 'Connection to duckduckgo.com timed out. (connect timeout=8)'))",2026-05-27
3503802,Artur Nogueira,SP,São Paulo,53467,False,https://www.arturnogueira.sp.gov.br/,SP acima de 30.000 habitantes,SIDRA 6579/v/9324/p/2025,2026-05-20,Necessita validação manual,Site inferido automaticamente; validar antes da entrega.,2026-05-27
3503901,Arujá,SP,São Paulo,90273,False,https://www.aruja.sp.gov.br/,SP acima de 30.000 habitantes,SIDRA 6579/v/9324/p/2025,2026-05-20,Necessita validação manual,Site inferido automaticamente; validar antes da entrega.,2026-05-27
3504008,Assis,SP,São Paulo,104858,False,https://www.assis.sp.gov.br/,SP acima de 30.000 habitantes,SIDRA 6579/v/9324/p/2025,2026-05-20,Necessita validação manual,Site inferido automaticamente; validar antes da entrega.,2026-05-27
3504107,Atibaia,SP,São Paulo,167161,False,https://www.atibaia.sp.gov.br/,SP acima de 30.000 habitantes,SIDRA 6579/v/9324/p/2025,2026-05-20,Necessita validação manual,Site inferido automaticamente; validar antes da entrega.,2026-05-27
3504503,Avaré,SP,São Paulo,96450,False,https://www.avare.sp.gov.br/,SP acima de 30.000 habitantes,SIDRA 6579/v/9324/p/2025,2026-05-20,Necessita validação manual,Site inferido automaticamente; validar antes da entrega.,2026-05-27
3505203,Bariri,SP,São Paulo,32406,False,https://www.bariri.sp.gov.br/,SP acima de 30.000 habitantes,SIDRA 6579/v/9324/p/2025,2026-05-20,Necessita validação manual,Site inferido automaticamente; validar antes da entrega.,2026-05-27
3505302,Barra Bonita,SP,São Paulo,35129,False,https://www.barrabonita.sp.gov.br/,SP acima de 30.000 habitantes,SIDRA 6579/v/9324/p/2025,2026-05-20,Necessita validação manual,Site inferido automaticamente; validar antes da entrega.,2026-05-27
3505500,Barretos,SP,São Paulo,126957,False,https://www.barretos.sp.gov.br/,SP acima de 30.000 habitantes,SIDRA 6579/v/9324/p/2025,2026-05-20,Necessita validação manual,Site inferido automaticamente; validar antes da entrega.,2026-05-27
3505609,Barrinha,SP,São Paulo,33304,False,https://www.barrinha.sp.gov.br/,SP acima de 30.000 habitantes,SIDRA 6579/v/9324/p/2025,2026-05-20,Necessita validação manual,Site inferido automaticamente; validar antes da entrega.,2026-05-27
3505708,Barueri,SP,São Paulo,333737,False,https://www.barueri.sp.gov.br/,SP acima de 30.000 habitantes,SIDRA 6579/v/9324/p/2025,2026-05-20,Necessita validação manual,Site inferido automaticamente; validar antes da entrega.,2026-05-27
3505906,Batatais,SP,São Paulo,59939,False,https://www.batatais.sp.gov.br/,SP acima de 30.000 habitantes,SIDRA 6579/v/9324/p/2025,2026-05-20,Necessita validação manual,Site inferido automaticamente; validar antes da entrega.,2026-05-27
3506003,Bauru,SP,São Paulo,392947,False,https://www.bauru.sp.gov.br/,SP acima de 30.000 habitantes,SIDRA 6579/v/9324/p/2025,2026-05-20,Necessita validação manual,Site inferido automaticamente; validar antes da entrega.,2026-05-27
3506102,Bebedouro,SP,São Paulo,78257,False,https://www.bebedouro.sp.gov.br/,SP acima de 30.000 habitantes,SIDRA 6579/v/9324/p/2025,2026-05-20,Necessita validação manual,Site inferido automaticamente; validar antes da entrega.,2026-05-27
3506359,Bertioga,SP,São Paulo,67436,False,https://www.bertioga.sp.gov.br/,SP acima de 30.000 habitantes,SIDRA 6579/v/9324/p/2025,2026-05-20,Necessita validação manual,Site inferido automaticamente; validar antes da entrega.,2026-05-27
3506508,Birigui,SP,São Paulo,123340,False,https://www.birigui.sp.gov.br/,SP acima de 30.000 habitantes,SIDRA 6579/v/9324/p/2025,2026-05-20,Necessita validação manual,Site inferido automaticamente; validar antes da entrega.,2026-05-27
3506607,Biritiba Mirim,SP,São Paulo,30564,False,https://www.biritibamirim.sp.gov.br/,SP acima de 30.000 habitantes,SIDRA 6579/v/9324/p/2025,2026-05-20,Necessita validação manual,Site inferido automaticamente; validar antes da entrega.,2026-05-27
3507001,Boituva,SP,São Paulo,63850,False,https://www.boituva.sp.gov.br/,SP acima de 30.000 habitantes,SIDRA 6579/v/9324/p/2025,2026-05-20,Necessita validação manual,Site inferido automaticamente; validar antes da entrega.,2026-05-27
3507506,Botucatu,SP,São Paulo,151053,False,https://www.botucatu.sp.gov.br/,SP acima de 30.000 habitantes,SIDRA 6579/v/9324/p/2025,2026-05-20,Necessita validação manual,Site inferido automaticamente; validar antes da entrega.,2026-05-27
3507605,Bragança Paulista,SP,São Paulo,185688,False,,SP acima de 30.000 habitantes,SIDRA 6579/v/9324/p/2025,2026-05-20,Site não localizado,"Site não informado na base. Candidatos básicos: https://www.bragancapaulista.sp.gov.br/, https://bragancapaulista.sp.gov.br/, http://www.bragancapaulista.sp.gov.br/, http://bragancapaulista.sp.gov.br/, https://www.prefeitura.bragancapaulista.sp.gov.br/, https://prefeitura.bragancapaulista.sp.gov.br/, http://www.prefeitura.bragancapaulista.sp.gov.br/, http://prefeitura.bragancapaulista.sp.gov.br/. Busca web oficial falhou: HTTPSConnectionPool(host='duckduckgo.com', port=443): Max retries exceeded with url: /html/?q=prefeitura+Bragan%C3%A7a+Paulista+SP+site+oficial (Caused by ConnectTimeoutError(<HTTPSConnection(host='duckduckgo.com', port=443) at 0x21e92300>, 'Connection to duckduckgo.com timed out. (connect timeout=8)'))",2026-05-27
3508405,Cabreúva,SP,São Paulo,48654,False,https://www.cabreuva.sp.gov.br/,SP acima de 30.000 habitantes,SIDRA 6579/v/9324/p/2025,2026-05-20,Necessita validação manual,Site inferido automaticamente; validar antes da entrega.,2026-05-27
3508603,Cachoeira Paulista,SP,São Paulo,32534,False,https://www.cachoeirapaulista.sp.gov.br/,SP acima de 30.000 habitantes,SIDRA 6579/v/9324/p/2025,2026-05-20,Necessita validação manual,Site inferido automaticamente; validar antes da entrega.,2026-05-27
3509007,Caieiras,SP,São Paulo,98549,False,https://www.caieiras.sp.gov.br/,SP acima de 30.000 habitantes,SIDRA 6579/v/9324/p/2025,2026-05-20,Necessita validação manual,Site inferido automaticamente; validar antes da entrega.,2026-05-27
3509205,Cajamar,SP,São Paulo,98365,False,https://www.cajamar.sp.gov.br/,SP acima de 30.000 habitantes,SIDRA 6579/v/9324/p/2025,2026-05-20,Necessita validação manual,Site inferido automaticamente; validar antes da entrega.,2026-05-27
3509502,Campinas,SP,São Paulo,1187974,False,https://www.campinas.sp.gov.br/,SP acima de 30.000 habitantes,SIDRA 6579/v/9324/p/2025,2026-05-20,Necessita validação manual,Site inferido automaticamente; validar antes da entrega.,2026-05-27
3509601,Campo Limpo Paulista,SP,São Paulo,79781,False,https://www.campolimpopaulista.sp.gov.br/,SP acima de 30.000 habitantes,SIDRA 6579/v/9324/p/2025,2026-05-20,Necessita validação manual,Site inferido automaticamente; validar antes da entrega.,2026-05-27
3509700,Campos do Jordão,SP,São Paulo,47956,False,https://www.camposdojordao.sp.gov.br/,SP acima de 30.000 habitantes,SIDRA 6579/v/9324/p/2025,2026-05-20,Necessita validação manual,Site inferido automaticamente; validar antes da entrega.,2026-05-27
3510401,Capivari,SP,São Paulo,51369,False,https://www.capivari.sp.gov.br/,SP acima de 30.000 habitantes,SIDRA 6579/v/9324/p/2025,2026-05-20,Necessita validação manual,Site inferido automaticamente; validar antes da entrega.,2026-05-27
3510203,Capão Bonito,SP,São Paulo,47409,False,https://www.capaobonito.sp.gov.br/,SP acima de 30.000 habitantes,SIDRA 6579/v/9324/p/2025,2026-05-20,Necessita validação manual,Site inferido automaticamente; validar antes da entrega.,2026-05-27
3510500,Caraguatatuba,SP,São Paulo,142248,False,https://www.caraguatatuba.sp.gov.br/,SP acima de 30.000 habitantes,SIDRA 6579/v/9324/p/2025,2026-05-20,Necessita validação manual,Site inferido automaticamente; validar antes da entrega.,2026-05-27
3510609,Carapicuíba,SP,São Paulo,398236,False,https://www.carapicuiba.sp.gov.br/,SP acima de 30.000 habitantes,SIDRA 6579/v/9324/p/2025,2026-05-20,Necessita validação manual,Site inferido automaticamente; validar antes da entrega.,2026-05-27
3511102,Catanduva,SP,São Paulo,119275,False,https://www.catanduva.sp.gov.br/,SP acima de 30.000 habitantes,SIDRA 6579/v/9324/p/2025,2026-05-20,Necessita validação manual,Site inferido automaticamente; validar antes da entrega.,2026-05-27
3508504,Caçapava,SP,São Paulo,100071,False,https://www.cacapava.sp.gov.br/,SP acima de 30.000 habitantes,SIDRA 6579/v/9324/p/2025,2026-05-20,Necessita validação manual,Site inferido automaticamente; validar antes da entrega.,2026-05-27
3511508,Cerquilho,SP,São Paulo,46391,False,https://www.cerquilho.sp.gov.br/,SP acima de 30.000 habitantes,SIDRA 6579/v/9324/p/2025,2026-05-20,Necessita validação manual,Site inferido automaticamente; validar antes da entrega.,2026-05-27
3512803,Cosmópolis,SP,São Paulo,61167,False,https://www.cosmopolis.sp.gov.br/,SP acima de 30.000 habitantes,SIDRA 6579/v/9324/p/2025,2026-05-20,Necessita validação manual,Site inferido automaticamente; validar antes da entrega.,2026-05-27
3513009,Cotia,SP,São Paulo,289493,False,https://www.cotia.sp.gov.br/,SP acima de 30.000 habitantes,SIDRA 6579/v/9324/p/2025,2026-05-20,Necessita validação manual,Site inferido automaticamente; validar antes da entrega.,2026-05-27
3513108,Cravinhos,SP,São Paulo,34307,False,https://www.cravinhos.sp.gov.br/,SP acima de 30.000 habitantes,SIDRA 6579/v/9324/p/2025,2026-05-20,Necessita validação manual,Site inferido automaticamente; validar antes da entrega.,2026-05-27
3513405,Cruzeiro,SP,São Paulo,76444,False,https://www.cruzeiro.sp.gov.br/,SP acima de 30.000 habitantes,SIDRA 6579/v/9324/p/2025,2026-05-20,Necessita validação manual,Site inferido automaticamente; validar antes da entrega.,2026-05-27
3513504,Cubatão,SP,São Paulo,114870,False,https://www.cubatao.sp.gov.br/,SP acima de 30.000 habitantes,SIDRA 6579/v/9324/p/2025,2026-05-20,Necessita validação manual,Site inferido automaticamente; validar antes da entrega.,2026-05-27
3510005,Cândido Mota,SP,São Paulo,30157,False,https://www.candidomota.sp.gov.br/,SP acima de 30.000 habitantes,SIDRA 6579/v/9324/p/2025,2026-05-20,Necessita validação manual,Site inferido automaticamente; validar antes da entrega.,2026-05-27
3513702,Descalvado,SP,São Paulo,32663,False,https://www.descalvado.sp.gov.br/,SP acima de 30.000 habitantes,SIDRA 6579/v/9324/p/2025,2026-05-20,Necessita validação manual,Site inferido automaticamente; validar antes da entrega.,2026-05-27
3513801,Diadema,SP,São Paulo,403579,False,https://www.diadema.sp.gov.br/,SP acima de 30.000 habitantes,SIDRA 6579/v/9324/p/2025,2026-05-20,Necessita validação manual,Site inferido automaticamente; validar antes da entrega.,2026-05-27
3514403,Dracena,SP,São Paulo,46735,False,https://www.dracena.sp.gov.br/,SP acima de 30.000 habitantes,SIDRA 6579/v/9324/p/2025,2026-05-20,Necessita validação manual,Site inferido automaticamente; validar antes da entrega.,2026-05-27
3515004,Embu das Artes,SP,São Paulo,259788,False,,SP acima de 30.000 habitantes,SIDRA 6579/v/9324/p/2025,2026-05-20,Site não localizado,"Site não informado na base. Candidatos básicos: https://www.embudasartes.sp.gov.br/, https://embudasartes.sp.gov.br/, http://www.embudasartes.sp.gov.br/, http://embudasartes.sp.gov.br/, https://www.prefeitura.embudasartes.sp.gov.br/, https://prefeitura.embudasartes.sp.gov.br/, http://www.prefeitura.embudasartes.sp.gov.br/, http://prefeitura.embudasartes.sp.gov.br/, https://www.embuartes.sp.gov.br/, https://embuartes.sp.gov.br/, http://www.embuartes.sp.gov.br/, http://embuartes.sp.gov.br/, https://www.prefeitura.embuartes.sp.gov.br/, https://prefeitura.embuartes.sp.gov.br/, http://www.prefeitura.embuartes.sp.gov.br/, http://prefeitura.embuartes.sp.gov.br/, https://www.embudas.sp.gov.br/, https://embudas.sp.gov.br/, http://www.embudas.sp.gov.br/, http://embudas.sp.gov.br/, https://www.prefeitura.embudas.sp.gov.br/, https://prefeitura.embudas.sp.gov.br/, http://www.prefeitura.embudas.sp.gov.br/, http://prefeitura.embudas.sp.gov.br/. Busca web oficial falhou: HTTPSConnectionPool(host='duckduckgo.com', port=443): Max retries exceeded with url: /html/?q=prefeitura+Embu+das+Artes+SP+site+oficial (Caused by ConnectTimeoutError(<HTTPSConnection(host='duckduckgo.com', port=443) at 0x21e90e90>, 'Connection to duckduckgo.com timed out. (connect timeout=8)'))",2026-05-27
3515103,Embu-Guaçu,SP,São Paulo,68913,False,https://www.embuguacu.sp.gov.br/,SP acima de 30.000 habitantes,SIDRA 6579/v/9324/p/2025,2026-05-20,Necessita validação manual,Site inferido automaticamente; validar antes da entrega.,2026-05-27
3515186,Espírito Santo do Pinhal,SP,São Paulo,40610,False,,SP acima de 30.000 habitantes,SIDRA 6579/v/9324/p/2025,2026-05-20,Site não localizado,"Site não informado na base. Candidatos básicos: https://www.espiritosantodopinhal.sp.gov.br/, https://espiritosantodopinhal.sp.gov.br/, http://www.espiritosantodopinhal.sp.gov.br/, http://espiritosantodopinhal.sp.gov.br/, https://www.prefeitura.espiritosantodopinhal.sp.gov.br/, https://prefeitura.espiritosantodopinhal.sp.gov.br/, http://www.prefeitura.espiritosantodopinhal.sp.gov.br/, http://prefeitura.espiritosantodopinhal.sp.gov.br/, https://www.espiritosantopinhal.sp.gov.br/, https://espiritosantopinhal.sp.gov.br/, http://www.espiritosantopinhal.sp.gov.br/, http://espiritosantopinhal.sp.gov.br/, https://www.prefeitura.espiritosantopinhal.sp.gov.br/, https://prefeitura.espiritosantopinhal.sp.gov.br/, http://www.prefeitura.espiritosantopinhal.sp.gov.br/, http://prefeitura.espiritosantopinhal.sp.gov.br/, https://www.espiritosanto.sp.gov.br/, https://espiritosanto.sp.gov.br/, http://www.espiritosanto.sp.gov.br/, http://espiritosanto.sp.gov.br/, https://www.prefeitura.espiritosanto.sp.gov.br/, https://prefeitura.espiritosanto.sp.gov.br/, http://www.prefeitura.espiritosanto.sp.gov.br/, http://prefeitura.espiritosanto.sp.gov.br/. Busca web oficial falhou: HTTPSConnectionPool(host='duckduckgo.com', port=443): Max retries exceeded with url: /html/?q=prefeitura+Esp%C3%ADrito+Santo+do+Pinhal+SP+site+oficial (Caused by ConnectTimeoutError(<HTTPSConnection(host='duckduckgo.com', port=443) at 0x21ea5670>, 'Connection to duckduckgo.com timed out. (connect timeout=8)'))",2026-05-27
3515509,Fernandópolis,SP,São Paulo,73508,False,https://www.fernandopolis.sp.gov.br/,SP acima de 30.000 habitantes,SIDRA 6579/v/9324/p/2025,2026-05-20,Necessita validação manual,Site inferido automaticamente; validar antes da entrega.,2026-05-27
3515707,Ferraz de Vasconcelos,SP,São Paulo,186479,False,https://www.ferrazdevasconcelos.sp.gov.br/,SP acima de 30.000 habitantes,SIDRA 6579/v/9324/p/2025,2026-05-20,Necessita validação manual,Site inferido automaticamente; validar antes da entrega.,2026-05-27
3516200,Franca,SP,São Paulo,365494,False,https://www.franca.sp.gov.br/,SP acima de 30.000 habitantes,SIDRA 6579/v/9324/p/2025,2026-05-20,Necessita validação manual,Site inferido automaticamente; validar antes da entrega.,2026-05-27
3516309,Francisco Morato,SP,São Paulo,171476,False,https://www.franciscomorato.sp.gov.br/,SP acima de 30.000 habitantes,SIDRA 6579/v/9324/p/2025,2026-05-20,Necessita validação manual,Site inferido automaticamente; validar antes da entrega.,2026-05-27
3516408,Franco da Rocha,SP,São Paulo,150241,False,https://www.francodarocha.sp.gov.br/,SP acima de 30.000 habitantes,SIDRA 6579/v/9324/p/2025,2026-05-20,Necessita validação manual,Site inferido automaticamente; validar antes da entrega.,2026-05-27
3516705,Garça,SP,São Paulo,43081,False,https://www.garca.sp.gov.br/,SP acima de 30.000 habitantes,SIDRA 6579/v/9324/p/2025,2026-05-20,Necessita validação manual,Site inferido automaticamente; validar antes da entrega.,2026-05-27
3518206,Guararapes,SP,São Paulo,31888,False,https://www.guararapes.sp.gov.br/,SP acima de 30.000 habitantes,SIDRA 6579/v/9324/p/2025,2026-05-20,Necessita validação manual,Site inferido automaticamente; validar antes da entrega.,2026-05-27
3518305,Guararema,SP,São Paulo,32620,False,https://www.guararema.sp.gov.br/,SP acima de 30.000 habitantes,SIDRA 6579/v/9324/p/2025,2026-05-20,Necessita validação manual,Site inferido automaticamente; validar antes da entrega.,2026-05-27
3518404,Guaratinguetá,SP,São Paulo,121916,False,https://www.guaratingueta.sp.gov.br/,SP acima de 30.000 habitantes,SIDRA 6579/v/9324/p/2025,2026-05-20,Necessita validação manual,Site inferido automaticamente; validar antes da entrega.,2026-05-27
3518602,Guariba,SP,São Paulo,38678,False,https://www.guariba.sp.gov.br/,SP acima de 30.000 habitantes,SIDRA 6579/v/9324/p/2025,2026-05-20,Necessita validação manual,Site inferido automaticamente; validar antes da entrega.,2026-05-27
3518701,Guarujá,SP,São Paulo,294871,False,https://www.guaruja.sp.gov.br/,SP acima de 30.000 habitantes,SIDRA 6579/v/9324/p/2025,2026-05-20,Necessita validação manual,Site inferido automaticamente; validar antes da entrega.,2026-05-27
3518800,Guarulhos,SP,São Paulo,1349100,False,https://www.guarulhos.sp.gov.br/,SP acima de 30.000 habitantes,SIDRA 6579/v/9324/p/2025,2026-05-20,Necessita validação manual,Site inferido automaticamente; validar antes da entrega.,2026-05-27
3517406,Guaíra,SP,São Paulo,40489,False,https://www.guaira.sp.gov.br/,SP acima de 30.000 habitantes,SIDRA 6579/v/9324/p/2025,2026-05-20,Necessita validação manual,Site inferido automaticamente; validar antes da entrega.,2026-05-27
3519071,Hortolândia,SP,São Paulo,248842,False,https://www.hortolandia.sp.gov.br/,SP acima de 30.000 habitantes,SIDRA 6579/v/9324/p/2025,2026-05-20,Necessita validação manual,Site inferido automaticamente; validar antes da entrega.,2026-05-27
3519303,Ibaté,SP,São Paulo,33160,False,https://www.ibate.sp.gov.br/,SP acima de 30.000 habitantes,SIDRA 6579/v/9324/p/2025,2026-05-20,Necessita validação manual,Site inferido automaticamente; validar antes da entrega.,2026-05-27
3519600,Ibitinga,SP,São Paulo,62143,False,https://www.ibitinga.sp.gov.br/,SP acima de 30.000 habitantes,SIDRA 6579/v/9324/p/2025,2026-05-20,Necessita validação manual,Site inferido automaticamente; validar antes da entrega.,2026-05-27
3519709,Ibiúna,SP,São Paulo,77801,False,https://www.ibiuna.sp.gov.br/,SP acima de 30.000 habitantes,SIDRA 6579/v/9324/p/2025,2026-05-20,Necessita validação manual,Site inferido automaticamente; validar antes da entrega.,2026-05-27
3520400,Ilhabela,SP,São Paulo,36559,False,https://www.ilhabela.sp.gov.br/,SP acima de 30.000 habitantes,SIDRA 6579/v/9324/p/2025,2026-05-20,Necessita validação manual,Site inferido automaticamente; validar antes da entrega.,2026-05-27
3520509,Indaiatuba,SP,São Paulo,269657,False,https://www.indaiatuba.sp.gov.br/,SP acima de 30.000 habitantes,SIDRA 6579/v/9324/p/2025,2026-05-20,Necessita validação manual,Site inferido automaticamente; validar antes da entrega.,2026-05-27
3521002,Iperó,SP,São Paulo,38277,False,https://www.ipero.sp.gov.br/,SP acima de 30.000 habitantes,SIDRA 6579/v/9324/p/2025,2026-05-20,Necessita validação manual,Site inferido automaticamente; validar antes da entrega.,2026-05-27
3522109,Itanhaém,SP,São Paulo,118495,False,https://www.itanhaem.sp.gov.br/,SP acima de 30.000 habitantes,SIDRA 6579/v/9324/p/2025,2026-05-20,Necessita validação manual,Site inferido automaticamente; validar antes da entrega.,2026-05-27
3522208,Itapecerica da Serra,SP,São Paulo,163003,False,,SP acima de 30.000 habitantes,SIDRA 6579/v/9324/p/2025,2026-05-20,Site não localizado,"Site não informado na base. Candidatos básicos: https://www.itapecericadaserra.sp.gov.br/, https://itapecericadaserra.sp.gov.br/, http://www.itapecericadaserra.sp.gov.br/, http://itapecericadaserra.sp.gov.br/, https://www.prefeitura.itapecericadaserra.sp.gov.br/, https://prefeitura.itapecericadaserra.sp.gov.br/, http://www.prefeitura.itapecericadaserra.sp.gov.br/, http://prefeitura.itapecericadaserra.sp.gov.br/, https://www.itapecericaserra.sp.gov.br/, https://itapecericaserra.sp.gov.br/, http://www.itapecericaserra.sp.gov.br/, http://itapecericaserra.sp.gov.br/, https://www.prefeitura.itapecericaserra.sp.gov.br/, https://prefeitura.itapecericaserra.sp.gov.br/, http://www.prefeitura.itapecericaserra.sp.gov.br/, http://prefeitura.itapecericaserra.sp.gov.br/, https://www.itapecericada.sp.gov.br/, https://itapecericada.sp.gov.br/, http://www.itapecericada.sp.gov.br/, http://itapecericada.sp.gov.br/, https://www.prefeitura.itapecericada.sp.gov.br/, https://prefeitura.itapecericada.sp.gov.br/, http://www.prefeitura.itapecericada.sp.gov.br/, http://prefeitura.itapecericada.sp.gov.br/. Busca web oficial falhou: HTTPSConnectionPool(host='duckduckgo.com', port=443): Max retries exceeded with url: /html/?q=prefeitura+Itapecerica+da+Serra+SP+site+oficial (Caused by ConnectTimeoutError(<HTTPSConnection(host='duckduckgo.com', port=443) at 0x21c315e0>, 'Connection to duckduckgo.com timed out. (connect timeout=8)'))",2026-05-27
3522307,Itapetininga,SP,São Paulo,164256,False,https://www.itapetininga.sp.gov.br/,SP acima de 30.000 habitantes,SIDRA 6579/v/9324/p/2025,2026-05-20,Necessita validação manual,Site inferido automaticamente; validar antes da entrega.,2026-05-27
3522406,Itapeva,SP,São Paulo,92393,False,https://www.itapeva.sp.gov.br/,SP acima de 30.000 habitantes,SIDRA 6579/v/9324/p/2025,2026-05-20,Necessita validação manual,Site inferido automaticamente; validar antes da entrega.,2026-05-27
3522505,Itapevi,SP,São Paulo,242995,False,https://www.itapevi.sp.gov.br/,SP acima de 30.000 habitantes,SIDRA 6579/v/9324/p/2025,2026-05-20,Necessita validação manual,Site inferido automaticamente; validar antes da entrega.,2026-05-27
3522604,Itapira,SP,São Paulo,74038,False,https://www.itapira.sp.gov.br/,SP acima de 30.000 habitantes,SIDRA 6579/v/9324/p/2025,2026-05-20,Necessita validação manual,Site inferido automaticamente; validar antes da entrega.,2026-05-27
3523107,Itaquaquecetuba,SP,São Paulo,382983,False,https://www.itaquaquecetuba.sp.gov.br/,SP acima de 30.000 habitantes,SIDRA 6579/v/9324/p/2025,2026-05-20,Necessita validação manual,Site inferido automaticamente; validar antes da entrega.,2026-05-27
3523206,Itararé,SP,São Paulo,45213,False,https://www.itarare.sp.gov.br/,SP acima de 30.000 habitantes,SIDRA 6579/v/9324/p/2025,2026-05-20,Necessita validação manual,Site inferido automaticamente; validar antes da entrega.,2026-05-27
3523404,Itatiba,SP,São Paulo,127112,False,https://www.itatiba.sp.gov.br/,SP acima de 30.000 habitantes,SIDRA 6579/v/9324/p/2025,2026-05-20,Necessita validação manual,Site inferido automaticamente; validar antes da entrega.,2026-05-27
3523909,Itu,SP,São Paulo,175047,False,https://www.itu.sp.gov.br/,SP acima de 30.000 habitantes,SIDRA 6579/v/9324/p/2025,2026-05-20,Necessita validação manual,Site inferido automaticamente; validar antes da entrega.,2026-05-27
3524006,Itupeva,SP,São Paulo,74994,False,https://www.itupeva.sp.gov.br/,SP acima de 30.000 habitantes,SIDRA 6579/v/9324/p/2025,2026-05-20,Necessita validação manual,Site inferido automaticamente; validar antes da entrega.,2026-05-27
3524105,Ituverava,SP,São Paulo,38413,False,https://www.ituverava.sp.gov.br/,SP acima de 30.000 habitantes,SIDRA 6579/v/9324/p/2025,2026-05-20,Necessita validação manual,Site inferido automaticamente; validar antes da entrega.,2026-05-27
3522703,Itápolis,SP,São Paulo,40445,False,https://www.itapolis.sp.gov.br/,SP acima de 30.000 habitantes,SIDRA 6579/v/9324/p/2025,2026-05-20,Necessita validação manual,Site inferido automaticamente; validar antes da entrega.,2026-05-27
3524303,Jaboticabal,SP,São Paulo,73473,False,https://www.jaboticabal.sp.gov.br/,SP acima de 30.000 habitantes,SIDRA 6579/v/9324/p/2025,2026-05-20,Necessita validação manual,Site inferido automaticamente; validar antes da entrega.,2026-05-27
3524402,Jacareí,SP,São Paulo,250952,False,https://www.jacarei.sp.gov.br/,SP acima de 30.000 habitantes,SIDRA 6579/v/9324/p/2025,2026-05-20,Necessita validação manual,Site inferido automaticamente; validar antes da entrega.,2026-05-27
3524709,Jaguariúna,SP,São Paulo,62309,False,https://www.jaguariuna.sp.gov.br/,SP acima de 30.000 habitantes,SIDRA 6579/v/9324/p/2025,2026-05-20,Necessita validação manual,Site inferido automaticamente; validar antes da entrega.,2026-05-27
3524808,Jales,SP,São Paulo,50078,False,https://www.jales.sp.gov.br/,SP acima de 30.000 habitantes,SIDRA 6579/v/9324/p/2025,2026-05-20,Necessita validação manual,Site inferido automaticamente; validar antes da entrega.,2026-05-27
3525003,Jandira,SP,São Paulo,121550,False,https://www.jandira.sp.gov.br/,SP acima de 30.000 habitantes,SIDRA 6579/v/9324/p/2025,2026-05-20,Necessita validação manual,Site inferido automaticamente; validar antes da entrega.,2026-05-27
3525102,Jardinópolis,SP,São Paulo,47125,False,https://www.jardinopolis.sp.gov.br/,SP acima de 30.000 habitantes,SIDRA 6579/v/9324/p/2025,2026-05-20,Necessita validação manual,Site inferido automaticamente; validar antes da entrega.,2026-05-27
3525201,Jarinu,SP,São Paulo,40007,False,https://www.jarinu.sp.gov.br/,SP acima de 30.000 habitantes,SIDRA 6579/v/9324/p/2025,2026-05-20,Necessita validação manual,Site inferido automaticamente; validar antes da entrega.,2026-05-27
3525300,Jaú,SP,São Paulo,137409,False,https://www.jau.sp.gov.br/,SP acima de 30.000 habitantes,SIDRA 6579/v/9324/p/2025,2026-05-20,Necessita validação manual,Site inferido automaticamente; validar antes da entrega.,2026-05-27
3525706,José Bonifácio,SP,São Paulo,37992,False,https://www.josebonifacio.sp.gov.br/,SP acima de 30.000 habitantes,SIDRA 6579/v/9324/p/2025,2026-05-20,Necessita validação manual,Site inferido automaticamente; validar antes da entrega.,2026-05-27
3525904,Jundiaí,SP,São Paulo,463039,False,https://www.jundiai.sp.gov.br/,SP acima de 30.000 habitantes,SIDRA 6579/v/9324/p/2025,2026-05-20,Necessita validação manual,Site inferido automaticamente; validar antes da entrega.,2026-05-27
3526704,Leme,SP,São Paulo,101537,False,https://www.leme.sp.gov.br/,SP acima de 30.000 habitantes,SIDRA 6579/v/9324/p/2025,2026-05-20,Necessita validação manual,Site inferido automaticamente; validar antes da entrega.,2026-05-27
3526803,Lençóis Paulista,SP,São Paulo,68568,False,https://www.lencoispaulista.sp.gov.br/,SP acima de 30.000 habitantes,SIDRA 6579/v/9324/p/2025,2026-05-20,Necessita validação manual,Site inferido automaticamente; validar antes da entrega.,2026-05-27
3526902,Limeira,SP,São Paulo,301292,False,https://www.limeira.sp.gov.br/,SP acima de 30.000 habitantes,SIDRA 6579/v/9324/p/2025,2026-05-20,Necessita validação manual,Site inferido automaticamente; validar antes da entrega.,2026-05-27
3527108,Lins,SP,São Paulo,76844,False,https://www.lins.sp.gov.br/,SP acima de 30.000 habitantes,SIDRA 6579/v/9324/p/2025,2026-05-20,Necessita validação manual,Site inferido automaticamente; validar antes da entrega.,2026-05-27
3527207,Lorena,SP,São Paulo,87468,False,https://www.lorena.sp.gov.br/,SP acima de 30.000 habitantes,SIDRA 6579/v/9324/p/2025,2026-05-20,Necessita validação manual,Site inferido automaticamente; validar antes da entrega.,2026-05-27
3527306,Louveira,SP,São Paulo,54865,False,https://www.louveira.sp.gov.br/,SP acima de 30.000 habitantes,SIDRA 6579/v/9324/p/2025,2026-05-20,Necessita validação manual,Site inferido automaticamente; validar antes da entrega.,2026-05-27
3528403,Mairinque,SP,São Paulo,51888,False,https://www.mairinque.sp.gov.br/,SP acima de 30.000 habitantes,SIDRA 6579/v/9324/p/2025,2026-05-20,Necessita validação manual,Site inferido automaticamente; validar antes da entrega.,2026-05-27
3528502,Mairiporã,SP,São Paulo,97835,False,https://www.mairipora.sp.gov.br/,SP acima de 30.000 habitantes,SIDRA 6579/v/9324/p/2025,2026-05-20,Necessita validação manual,Site inferido automaticamente; validar antes da entrega.,2026-05-27
3529005,Marília,SP,São Paulo,247348,False,https://www.marilia.sp.gov.br/,SP acima de 30.000 habitantes,SIDRA 6579/v/9324/p/2025,2026-05-20,Necessita validação manual,Site inferido automaticamente; validar antes da entrega.,2026-05-27
3529302,Matão,SP,São Paulo,81075,False,https://www.matao.sp.gov.br/,SP acima de 30.000 habitantes,SIDRA 6579/v/9324/p/2025,2026-05-20,Necessita validação manual,Site inferido automaticamente; validar antes da entrega.,2026-05-27
3529401,Mauá,SP,São Paulo,429014,False,https://www.maua.sp.gov.br/,SP acima de 30.000 habitantes,SIDRA 6579/v/9324/p/2025,2026-05-20,Necessita validação manual,Site inferido automaticamente; validar antes da entrega.,2026-05-27
3530300,Mirassol,SP,São Paulo,65811,False,https://www.mirassol.sp.gov.br/,SP acima de 30.000 habitantes,SIDRA 6579/v/9324/p/2025,2026-05-20,Necessita validação manual,Site inferido automaticamente; validar antes da entrega.,2026-05-27
3530508,Mococa,SP,São Paulo,69372,False,https://www.mococa.sp.gov.br/,SP acima de 30.000 habitantes,SIDRA 6579/v/9324/p/2025,2026-05-20,Necessita validação manual,Site inferido automaticamente; validar antes da entrega.,2026-05-27
3530706,Mogi Guaçu,SP,São Paulo,160318,False,https://www.mogiguacu.sp.gov.br/,SP acima de 30.000 habitantes,SIDRA 6579/v/9324/p/2025,2026-05-20,Necessita validação manual,Site inferido automaticamente; validar antes da entrega.,2026-05-27
3530805,Mogi Mirim,SP,São Paulo,95742,False,https://www.mogimirim.sp.gov.br/,SP acima de 30.000 habitantes,SIDRA 6579/v/9324/p/2025,2026-05-20,Necessita validação manual,Site inferido automaticamente; validar antes da entrega.,2026-05-27
3530607,Mogi das Cruzes,SP,São Paulo,470302,False,https://www.mogidascruzes.sp.gov.br/,SP acima de 30.000 habitantes,SIDRA 6579/v/9324/p/2025,2026-05-20,Necessita validação manual,Site inferido automaticamente; validar antes da entrega.,2026-05-27
3531100,Mongaguá,SP,São Paulo,64845,False,https://www.mongagua.sp.gov.br/,SP acima de 30.000 habitantes,SIDRA 6579/v/9324/p/2025,2026-05-20,Necessita validação manual,Site inferido automaticamente; validar antes da entrega.,2026-05-27
3531308,Monte Alto,SP,São Paulo,48758,False,https://www.montealto.sp.gov.br/,SP acima de 30.000 habitantes,SIDRA 6579/v/9324/p/2025,2026-05-20,Necessita validação manual,Site inferido automaticamente; validar antes da entrega.,2026-05-27
3531803,Monte Mor,SP,São Paulo,67832,False,https://www.montemor.sp.gov.br/,SP acima de 30.000 habitantes,SIDRA 6579/v/9324/p/2025,2026-05-20,Necessita validação manual,Site inferido automaticamente; validar antes da entrega.,2026-05-27
3533403,Nova Odessa,SP,São Paulo,64596,False,https://www.novaodessa.sp.gov.br/,SP acima de 30.000 habitantes,SIDRA 6579/v/9324/p/2025,2026-05-20,Necessita validação manual,Site inferido automaticamente; validar antes da entrega.,2026-05-27
3533502,Novo Horizonte,SP,São Paulo,39494,False,https://www.novohorizonte.sp.gov.br/,SP acima de 30.000 habitantes,SIDRA 6579/v/9324/p/2025,2026-05-20,Necessita validação manual,Site inferido automaticamente; validar antes da entrega.,2026-05-27
3533908,Olímpia,SP,São Paulo,56874,False,https://www.olimpia.sp.gov.br/,SP acima de 30.000 habitantes,SIDRA 6579/v/9324/p/2025,2026-05-20,Necessita validação manual,Site inferido automaticamente; validar antes da entrega.,2026-05-27
3534302,Orlândia,SP,São Paulo,39144,False,https://www.orlandia.sp.gov.br/,SP acima de 30.000 habitantes,SIDRA 6579/v/9324/p/2025,2026-05-20,Necessita validação manual,Site inferido automaticamente; validar antes da entrega.,2026-05-27
3534401,Osasco,SP,São Paulo,759524,False,https://www.osasco.sp.gov.br/,SP acima de 30.000 habitantes,SIDRA 6579/v/9324/p/2025,2026-05-20,Necessita validação manual,Site inferido automaticamente; validar antes da entrega.,2026-05-27
3534609,Osvaldo Cruz,SP,São Paulo,32112,False,https://www.osvaldocruz.sp.gov.br/,SP acima de 30.000 habitantes,SIDRA 6579/v/9324/p/2025,2026-05-20,Necessita validação manual,Site inferido automaticamente; validar antes da entrega.,2026-05-27
3534708,Ourinhos,SP,São Paulo,106911,False,https://www.ourinhos.sp.gov.br/,SP acima de 30.000 habitantes,SIDRA 6579/v/9324/p/2025,2026-05-20,Necessita validação manual,Site inferido automaticamente; validar antes da entrega.,2026-05-27
3535507,Paraguaçu Paulista,SP,São Paulo,42049,False,,SP acima de 30.000 habitantes,SIDRA 6579/v/9324/p/2025,2026-05-20,Site não localizado,"Site não informado na base. Candidatos básicos: https://www.paraguacupaulista.sp.gov.br/, https://paraguacupaulista.sp.gov.br/, http://www.paraguacupaulista.sp.gov.br/, http://paraguacupaulista.sp.gov.br/, https://www.prefeitura.paraguacupaulista.sp.gov.br/, https://prefeitura.paraguacupaulista.sp.gov.br/, http://www.prefeitura.paraguacupaulista.sp.gov.br/, http://prefeitura.paraguacupaulista.sp.gov.br/. Busca web oficial falhou: HTTPSConnectionPool(host='duckduckgo.com', port=443): Max retries exceeded with url: /html/?q=prefeitura+Paragua%C3%A7u+Paulista+SP+site+oficial (Caused by ConnectTimeoutError(<HTTPSConnection(host='duckduckgo.com', port=443) at 0x21ea5250>, 'Connection to duckduckgo.com timed out. (connect timeout=8)'))",2026-05-27
3536505,Paulínia,SP,São Paulo,116674,False,https://www.paulinia.sp.gov.br/,SP acima de 30.000 habitantes,SIDRA 6579/v/9324/p/2025,2026-05-20,Necessita validação manual,Site inferido automaticamente; validar antes da entrega.,2026-05-27
3536703,Pederneiras,SP,São Paulo,46337,False,https://www.pederneiras.sp.gov.br/,SP acima de 30.000 habitantes,SIDRA 6579/v/9324/p/2025,2026-05-20,Necessita validação manual,Site inferido automaticamente; validar antes da entrega.,2026-05-27
3537107,Pedreira,SP,São Paulo,44385,False,https://www.pedreira.sp.gov.br/,SP acima de 30.000 habitantes,SIDRA 6579/v/9324/p/2025,2026-05-20,Necessita validação manual,Site inferido automaticamente; validar antes da entrega.,2026-05-27
3537305,Penápolis,SP,São Paulo,63426,False,https://www.penapolis.sp.gov.br/,SP acima de 30.000 habitantes,SIDRA 6579/v/9324/p/2025,2026-05-20,Necessita validação manual,Site inferido automaticamente; validar antes da entrega.,2026-05-27
3537602,Peruíbe,SP,São Paulo,70629,False,https://www.peruibe.sp.gov.br/,SP acima de 30.000 habitantes,SIDRA 6579/v/9324/p/2025,2026-05-20,Necessita validação manual,Site inferido automaticamente; validar antes da entrega.,2026-05-27
3537800,Piedade,SP,São Paulo,54266,False,https://www.piedade.sp.gov.br/,SP acima de 30.000 habitantes,SIDRA 6579/v/9324/p/2025,2026-05-20,Necessita validação manual,Site inferido automaticamente; validar antes da entrega.,2026-05-27
3538006,Pindamonhangaba,SP,São Paulo,172681,False,https://www.pindamonhangaba.sp.gov.br/,SP acima de 30.000 habitantes,SIDRA 6579/v/9324/p/2025,2026-05-20,Necessita validação manual,Site inferido automaticamente; validar antes da entrega.,2026-05-27
3538709,Piracicaba,SP,São Paulo,440835,False,https://www.piracicaba.sp.gov.br/,SP acima de 30.000 habitantes,SIDRA 6579/v/9324/p/2025,2026-05-20,Necessita validação manual,Site inferido automaticamente; validar antes da entrega.,2026-05-27
3538808,Piraju,SP,São Paulo,30294,False,,SP acima de 30.000 habitantes,SIDRA 6579/v/9324/p/2025,2026-05-20,Site não localizado,"Site não informado na base. Candidatos básicos: https://www.piraju.sp.gov.br/, https://piraju.sp.gov.br/, http://www.piraju.sp.gov.br/, http://piraju.sp.gov.br/, https://www.prefeitura.piraju.sp.gov.br/, https://prefeitura.piraju.sp.gov.br/, http://www.prefeitura.piraju.sp.gov.br/, http://prefeitura.piraju.sp.gov.br/. Busca web oficial falhou: HTTPSConnectionPool(host='duckduckgo.com', port=443): Max retries exceeded with url: /html/?q=prefeitura+Piraju+SP+site+oficial (Caused by ConnectTimeoutError(<HTTPSConnection(host='duckduckgo.com', port=443) at 0x21ebab10>, 'Connection to duckduckgo.com timed out. (connect timeout=8)'))",2026-05-27
3539301,Pirassununga,SP,São Paulo,75594,False,https://www.pirassununga.sp.gov.br/,SP acima de 30.000 habitantes,SIDRA 6579/v/9324/p/2025,2026-05-20,Necessita validação manual,Site inferido automaticamente; validar antes da entrega.,2026-05-27
3539509,Pitangueiras,SP,São Paulo,34361,False,https://www.pitangueiras.sp.gov.br/,SP acima de 30.000 habitantes,SIDRA 6579/v/9324/p/2025,2026-05-20,Necessita validação manual,Site inferido automaticamente; validar antes da entrega.,2026-05-27
3540200,Pontal,SP,São Paulo,38286,False,https://www.pontal.sp.gov.br/,SP acima de 30.000 habitantes,SIDRA 6579/v/9324/p/2025,2026-05-20,Necessita validação manual,Site inferido automaticamente; validar antes da entrega.,2026-05-27
3540606,Porto Feliz,SP,São Paulo,58605,False,https://www.portofeliz.sp.gov.br/,SP acima de 30.000 habitantes,SIDRA 6579/v/9324/p/2025,2026-05-20,Necessita validação manual,Site inferido automaticamente; validar antes da entrega.,2026-05-27
3540705,Porto Ferreira,SP,São Paulo,53966,False,https://www.portoferreira.sp.gov.br/,SP acima de 30.000 habitantes,SIDRA 6579/v/9324/p/2025,2026-05-20,Necessita validação manual,Site inferido automaticamente; validar antes da entrega.,2026-05-27
3539806,Poá,SP,São Paulo,106355,False,https://www.poa.sp.gov.br/,SP acima de 30.000 habitantes,SIDRA 6579/v/9324/p/2025,2026-05-20,Necessita validação manual,Site inferido automaticamente; validar antes da entrega.,2026-05-27
3541000,Praia Grande,SP,São Paulo,368539,False,https://www.praiagrande.sp.gov.br/,SP acima de 30.000 habitantes,SIDRA 6579/v/9324/p/2025,2026-05-20,Necessita validação manual,Site inferido automaticamente; validar antes da entrega.,2026-05-27
3541307,Presidente Epitácio,SP,São Paulo,40322,False,https://www.presidenteepitacio.sp.gov.br/,SP acima de 30.000 habitantes,SIDRA 6579/v/9324/p/2025,2026-05-20,Necessita validação manual,Site inferido automaticamente; validar antes da entrega.,2026-05-27
3541406,Presidente Prudente,SP,São Paulo,234706,False,https://www.presidenteprudente.sp.gov.br/,SP acima de 30.000 habitantes,SIDRA 6579/v/9324/p/2025,2026-05-20,Necessita validação manual,Site inferido automaticamente; validar antes da entrega.,2026-05-27
3541505,Presidente Venceslau,SP,São Paulo,35810,False,https://www.presidentevenceslau.sp.gov.br/,SP acima de 30.000 habitantes,SIDRA 6579/v/9324/p/2025,2026-05-20,Necessita validação manual,Site inferido automaticamente; validar antes da entrega.,2026-05-27
3541604,Promissão,SP,São Paulo,35973,False,https://www.promissao.sp.gov.br/,SP acima de 30.000 habitantes,SIDRA 6579/v/9324/p/2025,2026-05-20,Necessita validação manual,Site inferido automaticamente; validar antes da entrega.,2026-05-27
3542602,Registro,SP,São Paulo,61927,False,https://www.registro.sp.gov.br/,SP acima de 30.000 habitantes,SIDRA 6579/v/9324/p/2025,2026-05-20,Necessita validação manual,Site inferido automaticamente; validar antes da entrega.,2026-05-27
3543303,Ribeirão Pires,SP,São Paulo,118954,False,https://www.ribeiraopires.sp.gov.br/,SP acima de 30.000 habitantes,SIDRA 6579/v/9324/p/2025,2026-05-20,Necessita validação manual,Site inferido automaticamente; validar antes da entrega.,2026-05-27
3543402,Ribeirão Preto,SP,São Paulo,731639,False,https://www.ribeiraopreto.sp.gov.br/,SP acima de 30.000 habitantes,SIDRA 6579/v/9324/p/2025,2026-05-20,Necessita validação manual,Site inferido automaticamente; validar antes da entrega.,2026-05-27
3543907,Rio Claro,SP,São Paulo,210323,False,https://www.rioclaro.sp.gov.br/,SP acima de 30.000 habitantes,SIDRA 6579/v/9324/p/2025,2026-05-20,Necessita validação manual,Site inferido automaticamente; validar antes da entrega.,2026-05-27
3544103,Rio Grande da Serra,SP,São Paulo,45324,False,https://www.riograndedaserra.sp.gov.br/,SP acima de 30.000 habitantes,SIDRA 6579/v/9324/p/2025,2026-05-20,Necessita validação manual,Site inferido automaticamente; validar antes da entrega.,2026-05-27
3544004,Rio das Pedras,SP,São Paulo,32329,False,https://www.riodaspedras.sp.gov.br/,SP acima de 30.000 habitantes,SIDRA 6579/v/9324/p/2025,2026-05-20,Necessita validação manual,Site inferido automaticamente; validar antes da entrega.,2026-05-27
3545209,Salto,SP,São Paulo,141111,False,https://www.salto.sp.gov.br/,SP acima de 30.000 habitantes,SIDRA 6579/v/9324/p/2025,2026-05-20,Necessita validação manual,Site inferido automaticamente; validar antes da entrega.,2026-05-27
3545308,Salto de Pirapora,SP,São Paulo,45262,False,https://www.saltodepirapora.sp.gov.br/,SP acima de 30.000 habitantes,SIDRA 6579/v/9324/p/2025,2026-05-20,Necessita validação manual,Site inferido automaticamente; validar antes da entrega.,2026-05-27
3545803,Santa Bárbara d'Oeste,SP,São Paulo,189456,False,https://www.santabarbara.sp.gov.br/,SP acima de 30.000 habitantes,SIDRA 6579/v/9324/p/2025,2026-05-20,Necessita validação manual,Site inferido automaticamente; validar antes da entrega.,2026-05-27
3546405,Santa Cruz do Rio Pardo,SP,São Paulo,47759,False,https://www.santacruzdoriopardo.sp.gov.br/,SP acima de 30.000 habitantes,SIDRA 6579/v/9324/p/2025,2026-05-20,Necessita validação manual,Site inferido automaticamente; validar antes da entrega.,2026-05-27
3546603,Santa Fé do Sul,SP,São Paulo,36288,False,https://www.santafedosul.sp.gov.br/,SP acima de 30.000 habitantes,SIDRA 6579/v/9324/p/2025,2026-05-20,Necessita validação manual,Site inferido automaticamente; validar antes da entrega.,2026-05-27
3546801,Santa Isabel,SP,São Paulo,54691,False,https://www.santaisabel.sp.gov.br/,SP acima de 30.000 habitantes,SIDRA 6579/v/9324/p/2025,2026-05-20,Necessita validação manual,Site inferido automaticamente; validar antes da entrega.,2026-05-27
3547304,Santana de Parnaíba,SP,São Paulo,163787,False,https://www.santanadeparnaiba.sp.gov.br/,SP acima de 30.000 habitantes,SIDRA 6579/v/9324/p/2025,2026-05-20,Necessita validação manual,Site inferido automaticamente; validar antes da entrega.,2026-05-27
3547809,Santo André,SP,São Paulo,782048,False,https://www.santoandre.sp.gov.br/,SP acima de 30.000 habitantes,SIDRA 6579/v/9324/p/2025,2026-05-20,Necessita validação manual,Site inferido automaticamente; validar antes da entrega.,2026-05-27
3548500,Santos,SP,São Paulo,429547,False,https://www.santos.sp.gov.br/,SP acima de 30.000 habitantes,SIDRA 6579/v/9324/p/2025,2026-05-20,Necessita validação manual,Site inferido automaticamente; validar antes da entrega.,2026-05-27
3551603,Serra Negra,SP,São Paulo,31047,False,https://www.serranegra.sp.gov.br/,SP acima de 30.000 habitantes,SIDRA 6579/v/9324/p/2025,2026-05-20,Necessita validação manual,Site inferido automaticamente; validar antes da entrega.,2026-05-27
3551504,Serrana,SP,São Paulo,45580,False,https://www.serrana.sp.gov.br/,SP acima de 30.000 habitantes,SIDRA 6579/v/9324/p/2025,2026-05-20,Necessita validação manual,Site inferido automaticamente; validar antes da entrega.,2026-05-27
3551702,Sertãozinho,SP,São Paulo,132176,False,https://www.sertaozinho.sp.gov.br/,SP acima de 30.000 habitantes,SIDRA 6579/v/9324/p/2025,2026-05-20,Necessita validação manual,Site inferido automaticamente; validar antes da entrega.,2026-05-27
3552106,Socorro,SP,São Paulo,41527,False,https://www.socorro.sp.gov.br/,SP acima de 30.000 habitantes,SIDRA 6579/v/9324/p/2025,2026-05-20,Necessita validação manual,Site inferido automaticamente; validar antes da entrega.,2026-05-27
3552205,Sorocaba,SP,São Paulo,762172,False,https://www.sorocaba.sp.gov.br/,SP acima de 30.000 habitantes,SIDRA 6579/v/9324/p/2025,2026-05-20,Necessita validação manual,Site inferido automaticamente; validar antes da entrega.,2026-05-27
3552403,Sumaré,SP,São Paulo,291116,False,https://www.sumare.sp.gov.br/,SP acima de 30.000 habitantes,SIDRA 6579/v/9324/p/2025,2026-05-20,Necessita validação manual,Site inferido automaticamente; validar antes da entrega.,2026-05-27
3552502,Suzano,SP,São Paulo,320261,False,https://www.suzano.sp.gov.br/,SP acima de 30.000 habitantes,SIDRA 6579/v/9324/p/2025,2026-05-20,Necessita validação manual,Site inferido automaticamente; validar antes da entrega.,2026-05-27
3548708,São Bernardo do Campo,SP,São Paulo,841154,False,https://www.saobernardo.sp.gov.br/,SP acima de 30.000 habitantes,SIDRA 6579/v/9324/p/2025,2026-05-20,Necessita validação manual,Site inferido automaticamente; validar antes da entrega.,2026-05-27
3548807,São Caetano do Sul,SP,São Paulo,172693,False,https://www.saocaetanodosul.sp.gov.br/,SP acima de 30.000 habitantes,SIDRA 6579/v/9324/p/2025,2026-05-20,Necessita validação manual,Site inferido automaticamente; validar antes da entrega.,2026-05-27
3548906,São Carlos,SP,São Paulo,266427,False,https://www.saocarlos.sp.gov.br/,SP acima de 30.000 habitantes,SIDRA 6579/v/9324/p/2025,2026-05-20,Necessita validação manual,Site inferido automaticamente; validar antes da entrega.,2026-05-27
3549409,São Joaquim da Barra,SP,São Paulo,49885,False,https://www.saojoaquimdabarra.sp.gov.br/,SP acima de 30.000 habitantes,SIDRA 6579/v/9324/p/2025,2026-05-20,Necessita validação manual,Site inferido automaticamente; validar antes da entrega.,2026-05-27
3549706,São José do Rio Pardo,SP,São Paulo,53427,False,https://www.saojosedoriopardo.sp.gov.br/,SP acima de 30.000 habitantes,SIDRA 6579/v/9324/p/2025,2026-05-20,Necessita validação manual,Site inferido automaticamente; validar antes da entrega.,2026-05-27
3549805,São José do Rio Preto,SP,São Paulo,504166,False,,SP acima de 30.000 habitantes,SIDRA 6579/v/9324/p/2025,2026-05-20,Site não localizado,"Site não informado na base. Candidatos básicos: https://www.saojosedoriopreto.sp.gov.br/, https://saojosedoriopreto.sp.gov.br/, http://www.saojosedoriopreto.sp.gov.br/, http://saojosedoriopreto.sp.gov.br/, https://www.prefeitura.saojosedoriopreto.sp.gov.br/, https://prefeitura.saojosedoriopreto.sp.gov.br/, http://www.prefeitura.saojosedoriopreto.sp.gov.br/, http://prefeitura.saojosedoriopreto.sp.gov.br/, https://www.saojoseriopreto.sp.gov.br/, https://saojoseriopreto.sp.gov.br/, http://www.saojoseriopreto.sp.gov.br/, http://saojoseriopreto.sp.gov.br/, https://www.prefeitura.saojoseriopreto.sp.gov.br/, https://prefeitura.saojoseriopreto.sp.gov.br/, http://www.prefeitura.saojoseriopreto.sp.gov.br/, http://prefeitura.saojoseriopreto.sp.gov.br/, https://www.saojose.sp.gov.br/, https://saojose.sp.gov.br/, http://www.saojose.sp.gov.br/, http://saojose.sp.gov.br/, https://www.prefeitura.saojose.sp.gov.br/, https://prefeitura.saojose.sp.gov.br/, http://www.prefeitura.saojose.sp.gov.br/, http://prefeitura.saojose.sp.gov.br/. Busca web oficial falhou: HTTPSConnectionPool(host='duckduckgo.com', port=443): Max retries exceeded with url: /html/?q=prefeitura+S%C3%A3o+Jos%C3%A9+do+Rio+Preto+SP+site+oficial (Caused by ConnectTimeoutError(<HTTPSConnection(host='duckduckgo.com', port=443) at 0x21e90920>, 'Connection to duckduckgo.com timed out. (connect timeout=8)'))",2026-05-27
3549904,São José dos Campos,SP,São Paulo,727078,False,https://www.saojosedoscampos.sp.gov.br/,SP acima de 30.000 habitantes,SIDRA 6579/v/9324/p/2025,2026-05-20,Necessita validação manual,Site inferido automaticamente; validar antes da entrega.,2026-05-27
3549102,São João da Boa Vista,SP,São Paulo,96080,False,https://www.saojoao.sp.gov.br/,SP acima de 30.000 habitantes,SIDRA 6579/v/9324/p/2025,2026-05-20,Necessita validação manual,Site inferido automaticamente; validar antes da entrega.,2026-05-27
3550100,São Manuel,SP,São Paulo,38131,False,https://www.saomanuel.sp.gov.br/,SP acima de 30.000 habitantes,SIDRA 6579/v/9324/p/2025,2026-05-20,Necessita validação manual,Site inferido automaticamente; validar antes da entrega.,2026-05-27
3550209,São Miguel Arcanjo,SP,São Paulo,32924,False,https://www.saomiguelarcanjo.sp.gov.br/,SP acima de 30.000 habitantes,SIDRA 6579/v/9324/p/2025,2026-05-20,Necessita validação manual,Site inferido automaticamente; validar antes da entrega.,2026-05-27
3550308,São Paulo,SP,São Paulo,11904961,True,https://www.saopaulo.sp.gov.br/,SP acima de 30.000 habitantes,SIDRA 6579/v/9324/p/2025,2026-05-20,Necessita validação manual,Site inferido automaticamente; validar antes da entrega.,2026-05-27
3550407,São Pedro,SP,São Paulo,39855,False,https://www.saopedro.sp.gov.br/,SP acima de 30.000 habitantes,SIDRA 6579/v/9324/p/2025,2026-05-20,Necessita validação manual,Site inferido automaticamente; validar antes da entrega.,2026-05-27
3550605,São Roque,SP,São Paulo,81366,False,https://www.saoroque.sp.gov.br/,SP acima de 30.000 habitantes,SIDRA 6579/v/9324/p/2025,2026-05-20,Necessita validação manual,Site inferido automaticamente; validar antes da entrega.,2026-05-27
3550704,São Sebastião,SP,São Paulo,84280,False,https://www.saosebastiao.sp.gov.br/,SP acima de 30.000 habitantes,SIDRA 6579/v/9324/p/2025,2026-05-20,Necessita validação manual,Site inferido automaticamente; validar antes da entrega.,2026-05-27
3551009,São Vicente,SP,São Paulo,338326,False,https://www.saovicente.sp.gov.br/,SP acima de 30.000 habitantes,SIDRA 6579/v/9324/p/2025,2026-05-20,Necessita validação manual,Site inferido automaticamente; validar antes da entrega.,2026-05-27
3552809,Taboão da Serra,SP,São Paulo,285307,False,https://www.taboaodaserra.sp.gov.br/,SP acima de 30.000 habitantes,SIDRA 6579/v/9324/p/2025,2026-05-20,Necessita validação manual,Site inferido automaticamente; validar antes da entrega.,2026-05-27
3553708,Taquaritinga,SP,São Paulo,53264,False,https://www.taquaritinga.sp.gov.br/,SP acima de 30.000 habitantes,SIDRA 6579/v/9324/p/2025,2026-05-20,Necessita validação manual,Site inferido automaticamente; validar antes da entrega.,2026-05-27
3554003,Tatuí,SP,São Paulo,129130,False,https://www.tatui.sp.gov.br/,SP acima de 30.000 habitantes,SIDRA 6579/v/9324/p/2025,2026-05-20,Necessita validação manual,Site inferido automaticamente; validar antes da entrega.,2026-05-27
3554102,Taubaté,SP,São Paulo,322397,False,https://www.taubate.sp.gov.br/,SP acima de 30.000 habitantes,SIDRA 6579/v/9324/p/2025,2026-05-20,Necessita validação manual,Site inferido automaticamente; validar antes da entrega.,2026-05-27
3554508,Tietê,SP,São Paulo,38723,False,https://www.tiete.sp.gov.br/,SP acima de 30.000 habitantes,SIDRA 6579/v/9324/p/2025,2026-05-20,Necessita validação manual,Site inferido automaticamente; validar antes da entrega.,2026-05-27
3554805,Tremembé,SP,São Paulo,53426,False,https://www.tremembe.sp.gov.br/,SP acima de 30.000 habitantes,SIDRA 6579/v/9324/p/2025,2026-05-20,Necessita validação manual,Site inferido automaticamente; validar antes da entrega.,2026-05-27
3555000,Tupã,SP,São Paulo,65433,False,https://www.tupa.sp.gov.br/,SP acima de 30.000 habitantes,SIDRA 6579/v/9324/p/2025,2026-05-20,Necessita validação manual,Site inferido automaticamente; validar antes da entrega.,2026-05-27
3555406,Ubatuba,SP,São Paulo,97096,False,https://www.ubatuba.sp.gov.br/,SP acima de 30.000 habitantes,SIDRA 6579/v/9324/p/2025,2026-05-20,Necessita validação manual,Site inferido automaticamente; validar antes da entrega.,2026-05-27
3556206,Valinhos,SP,São Paulo,132258,False,https://www.valinhos.sp.gov.br/,SP acima de 30.000 habitantes,SIDRA 6579/v/9324/p/2025,2026-05-20,Necessita validação manual,Site inferido automaticamente; validar antes da entrega.,2026-05-27
3556453,Vargem Grande Paulista,SP,São Paulo,52352,False,https://www.vargemgrandepaulista.sp.gov.br/,SP acima de 30.000 habitantes,SIDRA 6579/v/9324/p/2025,2026-05-20,Necessita validação manual,Site inferido automaticamente; validar antes da entrega.,2026-05-27
3556404,Vargem Grande do Sul,SP,São Paulo,41256,False,,SP acima de 30.000 habitantes,SIDRA 6579/v/9324/p/2025,2026-05-20,Site não localizado,"Site não informado na base. Candidatos básicos: https://www.vargemgrandedosul.sp.gov.br/, https://vargemgrandedosul.sp.gov.br/, http://www.vargemgrandedosul.sp.gov.br/, http://vargemgrandedosul.sp.gov.br/, https://www.prefeitura.vargemgrandedosul.sp.gov.br/, https://prefeitura.vargemgrandedosul.sp.gov.br/, http://www.prefeitura.vargemgrandedosul.sp.gov.br/, http://prefeitura.vargemgrandedosul.sp.gov.br/, https://www.vargemgrandesul.sp.gov.br/, https://vargemgrandesul.sp.gov.br/, http://www.vargemgrandesul.sp.gov.br/, http://vargemgrandesul.sp.gov.br/, https://www.prefeitura.vargemgrandesul.sp.gov.br/, https://prefeitura.vargemgrandesul.sp.gov.br/, http://www.prefeitura.vargemgrandesul.sp.gov.br/, http://prefeitura.vargemgrandesul.sp.gov.br/, https://www.vargemgrande.sp.gov.br/, https://vargemgrande.sp.gov.br/, http://www.vargemgrande.sp.gov.br/, http://vargemgrande.sp.gov.br/, https://www.prefeitura.vargemgrande.sp.gov.br/, https://prefeitura.vargemgrande.sp.gov.br/, http://www.prefeitura.vargemgrande.sp.gov.br/, http://prefeitura.vargemgrande.sp.gov.br/. Busca web oficial falhou: HTTPSConnectionPool(host='duckduckgo.com', port=443): Max retries exceeded with url: /html/?q=prefeitura+Vargem+Grande+do+Sul+SP+site+oficial (Caused by ConnectTimeoutError(<HTTPSConnection(host='duckduckgo.com', port=443) at 0x21ea5520>, 'Connection to duckduckgo.com timed out. (connect timeout=8)'))",2026-05-27
3556701,Vinhedo,SP,São Paulo,79089,False,https://www.vinhedo.sp.gov.br/,SP acima de 30.000 habitantes,SIDRA 6579/v/9324/p/2025,2026-05-20,Necessita validação manual,Site inferido automaticamente; validar antes da entrega.,2026-05-27
3557006,Votorantim,SP,São Paulo,133510,False,https://www.votorantim.sp.gov.br/,SP acima de 30.000 habitantes,SIDRA 6579/v/9324/p/2025,2026-05-20,Necessita validação manual,Site inferido automaticamente; validar antes da entrega.,2026-05-27
3557105,Votuporanga,SP,São Paulo,100568,False,https://www.votuporanga.sp.gov.br/,SP acima de 30.000 habitantes,SIDRA 6579/v/9324/p/2025,2026-05-20,Necessita validação manual,Site inferido automaticamente; validar antes da entrega.,2026-05-27
3556503,Várzea Paulista,SP,São Paulo,119655,False,https://www.varzeapaulista.sp.gov.br/,SP acima de 30.000 habitantes,SIDRA 6579/v/9324/p/2025,2026-05-20,Necessita validação manual,Site inferido automaticamente; validar antes da entrega.,2026-05-27
1721000,Palmas,TO,Tocantins,328499,True,https://www.palmas.to.gov.br/,Capital dos demais estados/DF,SIDRA 6579/v/9324/p/2025,2026-05-20,Necessita validação manual,Site inferido automaticamente; validar antes da entrega.,2026-05-27
